Postal Code,State,Region,Design Temperature (°C)
01053,Saxony,Sachsen,9.46
01054,Saxony,Sachsen,9.46
01055,Saxony,Sachsen,9.46
01056,Saxony,Sachsen,9.46
01057,Saxony,Sachsen,9.46
01058,Saxony,Sachsen,9.46
01059,Saxony,Sachsen,9.46
01060,Saxony,Sachsen,9.46
01062,Saxony,Sachsen,9.46
01063,Saxony,Sachsen,9.46
01064,Saxony,Sachsen,9.46
01065,Saxony,Sachsen,9.46
01067,Sachsen,Sachsen,9.46
01069,Sachsen,Sachsen,9.46
01070,Saxony,Sachsen,9.46
01095,Saxony,Sachsen,9.46
01097,Sachsen,Sachsen,9.46
01099,Sachsen,Sachsen,9.46
01108,Sachsen,Sachsen,9.46
01109,Sachsen,Sachsen,9.46
01127,Sachsen,Sachsen,9.46
01129,Sachsen,Sachsen,9.46
01139,Sachsen,Sachsen,9.46
01156,Sachsen,Sachsen,9.46
01157,Sachsen,Sachsen,9.46
01159,Sachsen,Sachsen,9.46
01169,Sachsen,Sachsen,9.46
01187,Sachsen,Sachsen,9.46
01189,Sachsen,Sachsen,9.46
01213,Saxony,Sachsen,9.46
01217,Sachsen,Sachsen,9.46
01219,Sachsen,Sachsen,9.46
01237,Sachsen,Sachsen,9.46
01239,Sachsen,Sachsen,9.46
01255,Saxony,Sachsen,9.46
01257,Sachsen,Sachsen,9.46
01259,Sachsen,Sachsen,9.46
01264,Saxony,Sachsen,9.46
01277,Sachsen,Sachsen,9.46
01279,Sachsen,Sachsen,9.46
01303,Saxony,Sachsen,9.46
01304,Saxony,Sachsen,9.46
01305,Saxony,Sachsen,9.46
01307,Sachsen,Sachsen,9.46
01309,Sachsen,Sachsen,9.46
01324,Sachsen,Sachsen,9.46
01326,Sachsen,Sachsen,9.46
01328,Sachsen,Sachsen,9.46
01332,Saxony,Sachsen,9.46
01333,Saxony,Sachsen,9.46
01445,Sachsen,Sachsen,9.46
01454,Sachsen,Sachsen,9.46
01458,Sachsen,Sachsen,9.46
01465,Sachsen,Sachsen,9.46
01468,Sachsen,Sachsen,9.46
01471,Sachsen,Sachsen,9.46
01477,Sachsen,Sachsen,9.46
01558,Sachsen,Sachsen,9.46
01561,Sachsen,Sachsen,9.46
01585,Saxony,Sachsen,9.46
01587,Sachsen,Sachsen,9.46
01589,Sachsen,Sachsen,9.46
01591,Sachsen,Sachsen,9.46
01594,Sachsen,Sachsen,9.46
01609,Sachsen,Sachsen,9.46
01612,Sachsen,Sachsen,9.46
01616,Sachsen,Sachsen,9.46
01619,Sachsen,Sachsen,9.46
01623,Sachsen,Sachsen,9.46
01640,Sachsen,Sachsen,9.46
01662,Sachsen,Sachsen,9.46
01665,Sachsen,Sachsen,9.46
01683,Sachsen,Sachsen,9.46
01689,Sachsen,Sachsen,9.46
01705,Sachsen,Sachsen,9.46
01723,Sachsen,Sachsen,9.46
01728,Sachsen,Sachsen,9.46
01730,Saxony,Sachsen,9.46
01731,Sachsen,Sachsen,9.46
01734,Sachsen,Sachsen,9.46
01737,Sachsen,Sachsen,9.46
01738,Sachsen,Sachsen,9.46
01744,Sachsen,Sachsen,9.46
01762,Sachsen,Sachsen,9.46
01768,Sachsen,Sachsen,9.46
01773,Sachsen,Sachsen,9.46
01774,Sachsen,Sachsen,9.46
01776,Sachsen,Sachsen,9.46
01778,Sachsen,Sachsen,9.46
01793,Saxony,Sachsen,9.46
01796,Sachsen,Sachsen,9.46
01809,Sachsen,Sachsen,9.46
01814,Sachsen,Sachsen,9.46
01816,Sachsen,Sachsen,9.46
01819,Sachsen,Sachsen,9.46
01824,Sachsen,Sachsen,9.46
01825,Sachsen,Sachsen,9.46
01829,Sachsen,Sachsen,9.46
01833,Sachsen,Sachsen,9.46
01844,Sachsen,Sachsen,9.46
01847,Sachsen,Sachsen,9.46
01848,Sachsen,Sachsen,9.46
01855,Sachsen,Sachsen,9.46
01877,Sachsen,Sachsen,9.46
01896,Sachsen,Sachsen,9.46
01900,Sachsen,Sachsen,9.46
01904,Sachsen,Sachsen,9.46
01906,Sachsen,Sachsen,9.46
01909,Sachsen,Sachsen,9.46
01917,Sachsen,Sachsen,9.46
01920,Sachsen,Sachsen,9.46
01936,Sachsen,Sachsen,9.46
01945,Brandenburg,Brandenburg,10.15
01968,Brandenburg,Brandenburg,10.15
01979,Brandenburg,Brandenburg,10.15
01983,Brandenburg,Brandenburg,10.15
01987,Brandenburg,Brandenburg,10.15
01990,Brandenburg,Brandenburg,10.15
01993,Brandenburg,Brandenburg,10.15
01994,Brandenburg,Brandenburg,10.15
01996,Brandenburg,Brandenburg,10.15
01998,Brandenburg,Brandenburg,10.15
02619,Saxony,Sachsen,9.46
02620,Saxony,Sachsen,9.46
02621,Saxony,Sachsen,9.46
02625,Sachsen,Sachsen,9.46
02627,Sachsen,Sachsen,9.46
02633,Sachsen,Sachsen,9.46
02643,Saxony,Sachsen,9.46
02681,Sachsen,Sachsen,9.46
02689,Sachsen,Sachsen,9.46
02692,Sachsen,Sachsen,9.46
02694,Sachsen,Sachsen,9.46
02699,Sachsen,Sachsen,9.46
02708,Sachsen,Sachsen,9.46
02727,Sachsen,Sachsen,9.46
02730,Sachsen,Sachsen,9.46
02733,Sachsen,Sachsen,9.46
02736,Sachsen,Sachsen,9.46
02739,Sachsen,Sachsen,9.46
02742,Sachsen,Sachsen,9.46
02747,Sachsen,Sachsen,9.46
02748,Sachsen,Sachsen,9.46
02763,Sachsen,Sachsen,9.46
02779,Sachsen,Sachsen,9.46
02782,Sachsen,Sachsen,9.46
02785,Sachsen,Sachsen,9.46
02788,Sachsen,Sachsen,9.46
02791,Sachsen,Sachsen,9.46
02794,Sachsen,Sachsen,9.46
02796,Sachsen,Sachsen,9.46
02797,Sachsen,Sachsen,9.46
02799,Sachsen,Sachsen,9.46
02826,Sachsen,Sachsen,9.46
02827,Sachsen,Sachsen,9.46
02828,Sachsen,Sachsen,9.46
02829,Sachsen,Sachsen,9.46
02894,Sachsen,Sachsen,9.46
02899,Sachsen,Sachsen,9.46
02906,Sachsen,Sachsen,9.46
02923,Sachsen,Sachsen,9.46
02929,Sachsen,Sachsen,9.46
02943,Sachsen,Sachsen,9.46
02953,Sachsen,Sachsen,9.46
02956,Sachsen,Sachsen,9.46
02957,Sachsen,Sachsen,9.46
02959,Sachsen,Sachsen,9.46
02977,Sachsen,Sachsen,9.46
02979,Sachsen,Sachsen,9.46
02991,Sachsen,Sachsen,9.46
02994,Sachsen,Sachsen,9.46
02997,Sachsen,Sachsen,9.46
02999,Sachsen,Sachsen,9.46
03039,Brandenburg,Brandenburg,10.15
03042,Brandenburg,Brandenburg,10.15
03044,Brandenburg,Brandenburg,10.15
03046,Brandenburg,Brandenburg,10.15
03048,Brandenburg,Brandenburg,10.15
03050,Brandenburg,Brandenburg,10.15
03051,Brandenburg,Brandenburg,10.15
03052,Brandenburg,Brandenburg,10.15
03053,Brandenburg,Brandenburg,10.15
03054,Brandenburg,Brandenburg,10.15
03055,Brandenburg,Brandenburg,10.15
03058,Brandenburg,Brandenburg,10.15
03065,Brandenburg,Brandenburg,10.15
03075,Nordrhein-Westfalen,Nordrhein-Westfalen,10.21
03096,Brandenburg,Brandenburg,10.15
03099,Brandenburg,Brandenburg,10.15
03103,Brandenburg,Brandenburg,10.15
03116,Brandenburg,Brandenburg,10.15
03119,Brandenburg,Brandenburg,10.15
03130,Brandenburg,Brandenburg,10.15
03139,Brandenburg,Brandenburg,10.15
03149,Brandenburg,Brandenburg,10.15
03159,Brandenburg,Brandenburg,10.15
03172,Brandenburg,Brandenburg,10.15
03185,Brandenburg,Brandenburg,10.15
03197,Brandenburg,Brandenburg,10.15
03202,Brandenburg,Brandenburg,10.15
03205,Brandenburg,Brandenburg,10.15
03222,Brandenburg,Brandenburg,10.15
03226,Brandenburg,Brandenburg,10.15
03229,Brandenburg,Brandenburg,10.15
03238,Brandenburg,Brandenburg,10.15
03246,Brandenburg,Brandenburg,10.15
03249,Brandenburg,Brandenburg,10.15
03253,Brandenburg,Brandenburg,10.15
04022,Saxony,Sachsen,9.46
04024,Saxony,Sachsen,9.46
04056,Saxony,Sachsen,9.46
04063,Saxony,Sachsen,9.46
04064,Saxony,Sachsen,9.46
04079,Saxony,Sachsen,9.46
04080,Saxony,Sachsen,9.46
04081,Saxony,Sachsen,9.46
04082,Saxony,Sachsen,9.46
04083,Saxony,Sachsen,9.46
04084,Saxony,Sachsen,9.46
04086,Saxony,Sachsen,9.46
04087,Saxony,Sachsen,9.46
04088,Saxony,Sachsen,9.46
04089,Saxony,Sachsen,9.46
04091,Saxony,Sachsen,9.46
04092,Saxony,Sachsen,9.46
04095,Saxony,Sachsen,9.46
04097,Saxony,Sachsen,9.46
04103,Sachsen,Sachsen,9.46
04105,Sachsen,Sachsen,9.46
04107,Sachsen,Sachsen,9.46
04109,Sachsen,Sachsen,9.46
04129,Sachsen,Sachsen,9.46
04150,Saxony,Sachsen,9.46
04151,Saxony,Sachsen,9.46
04155,Sachsen,Sachsen,9.46
04157,Sachsen,Sachsen,9.46
04158,Sachsen,Sachsen,9.46
04159,Sachsen,Sachsen,9.46
04160,Nordrhein-Westfalen,Nordrhein-Westfalen,10.21
04177,Sachsen,Sachsen,9.46
04178,Sachsen,Sachsen,9.46
04179,Sachsen,Sachsen,9.46
04205,Sachsen,Sachsen,9.46
04207,Sachsen,Sachsen,9.46
04209,Sachsen,Sachsen,9.46
04227,Saxony,Sachsen,9.46
04229,Sachsen,Sachsen,9.46
04249,Sachsen,Sachsen,9.46
04275,Sachsen,Sachsen,9.46
04277,Sachsen,Sachsen,9.46
04279,Sachsen,Sachsen,9.46
04288,Sachsen,Sachsen,9.46
04289,Sachsen,Sachsen,9.46
04299,Sachsen,Sachsen,9.46
04310,Saxony,Sachsen,9.46
04311,Saxony,Sachsen,9.46
04312,Saxony,Sachsen,9.46
04315,Sachsen,Sachsen,9.46
04316,Sachsen,Sachsen,9.46
04317,Sachsen,Sachsen,9.46
04318,Sachsen,Sachsen,9.46
04319,Sachsen,Sachsen,9.46
04328,Sachsen,Sachsen,9.46
04329,Sachsen,Sachsen,9.46
04347,Sachsen,Sachsen,9.46
04349,Sachsen,Sachsen,9.46
04350,Saxony,Sachsen,9.46
04356,Sachsen,Sachsen,9.46
04357,Sachsen,Sachsen,9.46
04360,Saxony,Sachsen,9.46
04365,Saxony,Sachsen,9.46
04370,Saxony,Sachsen,9.46
04416,Sachsen,Sachsen,9.46
04420,Sachsen,Sachsen,9.46
04425,Sachsen,Sachsen,9.46
04435,Sachsen,Sachsen,9.46
04442,Sachsen,Sachsen,9.46
04451,Sachsen,Sachsen,9.46
04460,Sachsen,Sachsen,9.46
04463,Sachsen,Sachsen,9.46
04509,Sachsen,Sachsen,9.46
04519,Sachsen,Sachsen,9.46
04523,Sachsen,Sachsen,9.46
04539,Sachsen,Sachsen,9.46
04550,Saxony,Sachsen,9.46
04552,Sachsen,Sachsen,9.46
04564,Sachsen,Sachsen,9.46
04565,Sachsen,Sachsen,9.46
04567,Sachsen,Sachsen,9.46
04571,Sachsen,Sachsen,9.46
04574,Sachsen,Sachsen,9.46
04575,Sachsen,Sachsen,9.46
04579,Sachsen,Sachsen,9.46
04600,Thüringen,Thüringen,9.075
04603,Thüringen,Thüringen,9.075
04610,Thüringen,Thüringen,9.075
04613,Thüringen,Thüringen,9.075
04617,Thüringen,Thüringen,9.075
04618,Thüringen,Thüringen,9.075
04626,Thüringen,Thüringen,9.075
04639,Thüringen,Thüringen,9.075
04643,Sachsen,Sachsen,9.46
04651,Sachsen,Sachsen,9.46
04654,Sachsen,Sachsen,9.46
04655,Sachsen,Sachsen,9.46
04657,Sachsen,Sachsen,9.46
04668,Sachsen,Sachsen,9.46
04680,Sachsen,Sachsen,9.46
04683,Sachsen,Sachsen,9.46
04685,Sachsen,Sachsen,9.46
04687,Sachsen,Sachsen,9.46
04688,Sachsen,Sachsen,9.46
04703,Sachsen,Sachsen,9.46
04720,Sachsen,Sachsen,9.46
04736,Sachsen,Sachsen,9.46
04741,Sachsen,Sachsen,9.46
04746,Sachsen,Sachsen,9.46
04749,Sachsen,Sachsen,9.46
04756,Saxony,Sachsen,9.46
04758,Sachsen,Sachsen,9.46
04769,Sachsen,Sachsen,9.46
04774,Sachsen,Sachsen,9.46
04779,Sachsen,Sachsen,9.46
04808,Sachsen,Sachsen,9.46
04821,Sachsen,Sachsen,9.46
04824,Sachsen,Sachsen,9.46
04827,Sachsen,Sachsen,9.46
04828,Sachsen,Sachsen,9.46
04838,Sachsen,Sachsen,9.46
04849,Sachsen,Sachsen,9.46
04855,Saxony,Sachsen,9.46
04860,Sachsen,Sachsen,9.46
04862,Sachsen,Sachsen,9.46
04874,Sachsen,Sachsen,9.46
04880,Sachsen,Sachsen,9.46
04886,Sachsen,Sachsen,9.46
04889,Sachsen,Sachsen,9.46
04895,Brandenburg,Brandenburg,10.15
04910,Brandenburg,Brandenburg,10.15
04916,Brandenburg,Brandenburg,10.15
04924,Brandenburg,Brandenburg,10.15
04928,Brandenburg,Brandenburg,10.15
04931,Brandenburg,Brandenburg,10.15
04932,Brandenburg,Brandenburg,10.15
04934,Brandenburg,Brandenburg,10.15
04936,Brandenburg,Brandenburg,10.15
04938,Brandenburg,Brandenburg,10.15
06073,Saxony-Anhalt,Sachsen-Anhalt,10.175
06075,Saxony-Anhalt,Sachsen-Anhalt,10.175
06076,Saxony-Anhalt,Sachsen-Anhalt,10.175
06077,Saxony-Anhalt,Sachsen-Anhalt,10.175
06089,Saxony-Anhalt,Sachsen-Anhalt,10.175
06090,Saxony-Anhalt,Sachsen-Anhalt,10.175
06091,Saxony-Anhalt,Sachsen-Anhalt,10.175
06092,Saxony-Anhalt,Sachsen-Anhalt,10.175
06094,Saxony-Anhalt,Sachsen-Anhalt,10.175
06095,Saxony-Anhalt,Sachsen-Anhalt,10.175
06097,Saxony-Anhalt,Sachsen-Anhalt,10.175
06098,Saxony-Anhalt,Sachsen-Anhalt,10.175
06099,Saxony-Anhalt,Sachsen-Anhalt,10.175
06100,Saxony-Anhalt,Sachsen-Anhalt,10.175
06103,Saxony-Anhalt,Sachsen-Anhalt,10.175
06104,Saxony-Anhalt,Sachsen-Anhalt,10.175
06105,Saxony-Anhalt,Sachsen-Anhalt,10.175
06106,Saxony-Anhalt,Sachsen-Anhalt,10.175
06108,Sachsen-Anhalt,Sachsen-Anhalt,10.175
06110,Sachsen-Anhalt,Sachsen-Anhalt,10.175
06112,Sachsen-Anhalt,Sachsen-Anhalt,10.175
06114,Sachsen-Anhalt,Sachsen-Anhalt,10.175
06116,Sachsen-Anhalt,Sachsen-Anhalt,10.175
06118,Sachsen-Anhalt,Sachsen-Anhalt,10.175
06120,Sachsen-Anhalt,Sachsen-Anhalt,10.175
06122,Sachsen-Anhalt,Sachsen-Anhalt,10.175
06124,Sachsen-Anhalt,Sachsen-Anhalt,10.175
06126,Sachsen-Anhalt,Sachsen-Anhalt,10.175
06128,Sachsen-Anhalt,Sachsen-Anhalt,10.175
06130,Sachsen-Anhalt,Sachsen-Anhalt,10.175
06132,Sachsen-Anhalt,Sachsen-Anhalt,10.175
06144,Saxony-Anhalt,Sachsen-Anhalt,10.175
06145,Saxony-Anhalt,Sachsen-Anhalt,10.175
06146,Saxony-Anhalt,Sachsen-Anhalt,10.175
06147,Saxony-Anhalt,Sachsen-Anhalt,10.175
06179,Sachsen-Anhalt,Sachsen-Anhalt,10.175
06184,Sachsen-Anhalt,Sachsen-Anhalt,10.175
06188,Sachsen-Anhalt,Sachsen-Anhalt,10.175
06193,Sachsen-Anhalt,Sachsen-Anhalt,10.175
06198,Sachsen-Anhalt,Sachsen-Anhalt,10.175
06217,Sachsen-Anhalt,Sachsen-Anhalt,10.175
06231,Sachsen-Anhalt,Sachsen-Anhalt,10.175
06237,Sachsen-Anhalt,Sachsen-Anhalt,10.175
06242,Sachsen-Anhalt,Sachsen-Anhalt,10.175
06246,Sachsen-Anhalt,Sachsen-Anhalt,10.175
06249,Sachsen-Anhalt,Sachsen-Anhalt,10.175
06252,Saxony-Anhalt,Sachsen-Anhalt,10.175
06254,Sachsen-Anhalt,Sachsen-Anhalt,10.175
06255,Sachsen-Anhalt,Sachsen-Anhalt,10.175
06258,Sachsen-Anhalt,Sachsen-Anhalt,10.175
06259,Sachsen-Anhalt,Sachsen-Anhalt,10.175
06268,Sachsen-Anhalt,Sachsen-Anhalt,10.175
06279,Sachsen-Anhalt,Sachsen-Anhalt,10.175
06291,Saxony-Anhalt,Sachsen-Anhalt,10.175
06295,Sachsen-Anhalt,Sachsen-Anhalt,10.175
06308,Sachsen-Anhalt,Sachsen-Anhalt,10.175
06311,Sachsen-Anhalt,Sachsen-Anhalt,10.175
06313,Sachsen-Anhalt,Sachsen-Anhalt,10.175
06317,Sachsen-Anhalt,Sachsen-Anhalt,10.175
06318,Sachsen-Anhalt,Sachsen-Anhalt,10.175
06333,Sachsen-Anhalt,Sachsen-Anhalt,10.175
06343,Sachsen-Anhalt,Sachsen-Anhalt,10.175
06347,Sachsen-Anhalt,Sachsen-Anhalt,10.175
06348,Sachsen-Anhalt,Sachsen-Anhalt,10.175
06359,Saxony-Anhalt,Sachsen-Anhalt,10.175
06366,Sachsen-Anhalt,Sachsen-Anhalt,10.175
06369,Sachsen-Anhalt,Sachsen-Anhalt,10.175
06385,Sachsen-Anhalt,Sachsen-Anhalt,10.175
06386,Sachsen-Anhalt,Sachsen-Anhalt,10.175
06388,Sachsen-Anhalt,Sachsen-Anhalt,10.175
06400,Saxony-Anhalt,Sachsen-Anhalt,10.175
06406,Sachsen-Anhalt,Sachsen-Anhalt,10.175
06408,Sachsen-Anhalt,Sachsen-Anhalt,10.175
06420,Sachsen-Anhalt,Sachsen-Anhalt,10.175
06425,Sachsen-Anhalt,Sachsen-Anhalt,10.175
06429,Sachsen-Anhalt,Sachsen-Anhalt,10.175
06449,Sachsen-Anhalt,Sachsen-Anhalt,10.175
06456,Sachsen-Anhalt,Sachsen-Anhalt,10.175
06458,Sachsen-Anhalt,Sachsen-Anhalt,10.175
06463,Sachsen-Anhalt,Sachsen-Anhalt,10.175
06464,Sachsen-Anhalt,Sachsen-Anhalt,10.175
06466,Sachsen-Anhalt,Sachsen-Anhalt,10.175
06467,Sachsen-Anhalt,Sachsen-Anhalt,10.175
06469,Sachsen-Anhalt,Sachsen-Anhalt,10.175
06484,Sachsen-Anhalt,Sachsen-Anhalt,10.175
06493,Sachsen-Anhalt,Sachsen-Anhalt,10.175
06502,Sachsen-Anhalt,Sachsen-Anhalt,10.175
06507,Sachsen-Anhalt,Sachsen-Anhalt,10.175
06526,Sachsen-Anhalt,Sachsen-Anhalt,10.175
06528,Sachsen-Anhalt,Sachsen-Anhalt,10.175
06536,Sachsen-Anhalt,Sachsen-Anhalt,10.175
06537,Sachsen-Anhalt,Sachsen-Anhalt,10.175
06542,Sachsen-Anhalt,Sachsen-Anhalt,10.175
06543,Sachsen-Anhalt,Sachsen-Anhalt,10.175
06547,Sachsen-Anhalt,Sachsen-Anhalt,10.175
06553,Thuringia,Thüringen,9.075
06556,Thüringen,Thüringen,9.075
06567,Thüringen,Thüringen,9.075
06571,Thüringen,Thüringen,9.075
06577,Thüringen,Thüringen,9.075
06578,Thüringen,Thüringen,9.075
06618,Sachsen-Anhalt,Sachsen-Anhalt,10.175
06628,Sachsen-Anhalt,Sachsen-Anhalt,10.175
06632,Sachsen-Anhalt,Sachsen-Anhalt,10.175
06636,Sachsen-Anhalt,Sachsen-Anhalt,10.175
06638,Sachsen-Anhalt,Sachsen-Anhalt,10.175
06642,Sachsen-Anhalt,Sachsen-Anhalt,10.175
06647,Sachsen-Anhalt,Sachsen-Anhalt,10.175
06648,Sachsen-Anhalt,Sachsen-Anhalt,10.175
06667,Sachsen-Anhalt,Sachsen-Anhalt,10.175
06679,Sachsen-Anhalt,Sachsen-Anhalt,10.175
06682,Sachsen-Anhalt,Sachsen-Anhalt,10.175
06686,Sachsen-Anhalt,Sachsen-Anhalt,10.175
06688,Sachsen-Anhalt,Sachsen-Anhalt,10.175
06712,Sachsen-Anhalt,Sachsen-Anhalt,10.175
06721,Sachsen-Anhalt,Sachsen-Anhalt,10.175
06722,Sachsen-Anhalt,Sachsen-Anhalt,10.175
06724,Sachsen-Anhalt,Sachsen-Anhalt,10.175
06725,Sachsen-Anhalt,Sachsen-Anhalt,10.175
06727,Sachsen-Anhalt,Sachsen-Anhalt,10.175
06729,Sachsen-Anhalt,Sachsen-Anhalt,10.175
06731,Sachsen-Anhalt,Sachsen-Anhalt,10.175
06749,Sachsen-Anhalt,Sachsen-Anhalt,10.175
06766,Sachsen-Anhalt,Sachsen-Anhalt,10.175
06773,Sachsen-Anhalt,Sachsen-Anhalt,10.175
06774,Sachsen-Anhalt,Sachsen-Anhalt,10.175
06779,Sachsen-Anhalt,Sachsen-Anhalt,10.175
06780,Sachsen-Anhalt,Sachsen-Anhalt,10.175
06785,Sachsen-Anhalt,Sachsen-Anhalt,10.175
06786,Sachsen-Anhalt,Sachsen-Anhalt,10.175
06791,Sachsen-Anhalt,Sachsen-Anhalt,10.175
06792,Sachsen-Anhalt,Sachsen-Anhalt,10.175
06794,Sachsen-Anhalt,Sachsen-Anhalt,10.175
06796,Sachsen-Anhalt,Sachsen-Anhalt,10.175
06800,Sachsen-Anhalt,Sachsen-Anhalt,10.175
06803,Sachsen-Anhalt,Sachsen-Anhalt,10.175
06804,Sachsen-Anhalt,Sachsen-Anhalt,10.175
06808,Sachsen-Anhalt,Sachsen-Anhalt,10.175
06809,Sachsen-Anhalt,Sachsen-Anhalt,10.175
06838,Saxony-Anhalt,Sachsen-Anhalt,10.175
06839,Saxony-Anhalt,Sachsen-Anhalt,10.175
06842,Sachsen-Anhalt,Sachsen-Anhalt,10.175
06844,Sachsen-Anhalt,Sachsen-Anhalt,10.175
06846,Sachsen-Anhalt,Sachsen-Anhalt,10.175
06847,Sachsen-Anhalt,Sachsen-Anhalt,10.175
06849,Sachsen-Anhalt,Sachsen-Anhalt,10.175
06861,Sachsen-Anhalt,Sachsen-Anhalt,10.175
06862,Sachsen-Anhalt,Sachsen-Anhalt,10.175
06868,Sachsen-Anhalt,Sachsen-Anhalt,10.175
06869,Sachsen-Anhalt,Sachsen-Anhalt,10.175
06886,Sachsen-Anhalt,Sachsen-Anhalt,10.175
06888,Sachsen-Anhalt,Sachsen-Anhalt,10.175
06889,Sachsen-Anhalt,Sachsen-Anhalt,10.175
06895,Sachsen-Anhalt,Sachsen-Anhalt,10.175
06896,Sachsen-Anhalt,Sachsen-Anhalt,10.175
06901,Sachsen-Anhalt,Sachsen-Anhalt,10.175
06905,Sachsen-Anhalt,Sachsen-Anhalt,10.175
06909,Sachsen-Anhalt,Sachsen-Anhalt,10.175
06917,Sachsen-Anhalt,Sachsen-Anhalt,10.175
06918,Sachsen-Anhalt,Sachsen-Anhalt,10.175
06922,Sachsen-Anhalt,Sachsen-Anhalt,10.175
06925,Sachsen-Anhalt,Sachsen-Anhalt,10.175
06926,Sachsen-Anhalt,Sachsen-Anhalt,10.175
06928,Sachsen-Anhalt,Sachsen-Anhalt,10.175
07318,Thüringen,Thüringen,9.075
07330,Thüringen,Thüringen,9.075
07333,Thüringen,Thüringen,9.075
07334,Thüringen,Thüringen,9.075
07336,Thüringen,Thüringen,9.075
07338,Thüringen,Thüringen,9.075
07343,Thüringen,Thüringen,9.075
07349,Thüringen,Thüringen,9.075
07356,Thüringen,Thüringen,9.075
07366,Thüringen,Thüringen,9.075
07368,Thüringen,Thüringen,9.075
07381,Thüringen,Thüringen,9.075
07387,Thüringen,Thüringen,9.075
07389,Thüringen,Thüringen,9.075
07407,Thüringen,Thüringen,9.075
07422,Thüringen,Thüringen,9.075
07426,Thüringen,Thüringen,9.075
07427,Thüringen,Thüringen,9.075
07429,Thüringen,Thüringen,9.075
07497,Thuringia,Thüringen,9.075
07499,Thuringia,Thüringen,9.075
07541,Thuringia,Thüringen,9.075
07543,Thuringia,Thüringen,9.075
07545,Thüringen,Thüringen,9.075
07546,Thüringen,Thüringen,9.075
07548,Thüringen,Thüringen,9.075
07549,Thüringen,Thüringen,9.075
07551,Thüringen,Thüringen,9.075
07552,Thüringen,Thüringen,9.075
07554,Thüringen,Thüringen,9.075
07557,Thüringen,Thüringen,9.075
07570,Thüringen,Thüringen,9.075
07580,Thüringen,Thüringen,9.075
07584,Thuringia,Thüringen,9.075
07586,Thüringen,Thüringen,9.075
07589,Thüringen,Thüringen,9.075
07607,Thüringen,Thüringen,9.075
07613,Thüringen,Thüringen,9.075
07616,Thüringen,Thüringen,9.075
07619,Thüringen,Thüringen,9.075
07629,Thüringen,Thüringen,9.075
07639,Thüringen,Thüringen,9.075
07646,Thüringen,Thüringen,9.075
07737,Thuringia,Thüringen,9.075
07738,Thuringia,Thüringen,9.075
07739,Thuringia,Thüringen,9.075
07740,Thuringia,Thüringen,9.075
07743,Thüringen,Thüringen,9.075
07745,Thüringen,Thüringen,9.075
07747,Thüringen,Thüringen,9.075
07749,Thüringen,Thüringen,9.075
07751,Thüringen,Thüringen,9.075
07768,Thüringen,Thüringen,9.075
07774,Thüringen,Thüringen,9.075
07778,Thüringen,Thüringen,9.075
07806,Thüringen,Thüringen,9.075
07819,Thüringen,Thüringen,9.075
07907,Thüringen,Thüringen,9.075
07919,Sachsen,Sachsen,9.46
07922,Thüringen,Thüringen,9.075
07924,Thüringen,Thüringen,9.075
07926,Thüringen,Thüringen,9.075
07927,Thüringen,Thüringen,9.075
07929,Thüringen,Thüringen,9.075
07937,Thüringen,Thüringen,9.075
07950,Thüringen,Thüringen,9.075
07952,Sachsen,Sachsen,9.46
07955,Thüringen,Thüringen,9.075
07957,Thüringen,Thüringen,9.075
07958,Thüringen,Thüringen,9.075
07973,Thüringen,Thüringen,9.075
07980,Thüringen,Thüringen,9.075
07985,Sachsen,Sachsen,9.46
07987,Thüringen,Thüringen,9.075
07989,Thüringen,Thüringen,9.075
08037,Saxony,Sachsen,9.46
08048,Saxony,Sachsen,9.46
08056,Sachsen,Sachsen,9.46
08058,Sachsen,Sachsen,9.46
08060,Sachsen,Sachsen,9.46
08062,Sachsen,Sachsen,9.46
08064,Sachsen,Sachsen,9.46
08066,Sachsen,Sachsen,9.46
08080,Saxony,Sachsen,9.46
08081,Saxony,Sachsen,9.46
08107,Sachsen,Sachsen,9.46
08112,Sachsen,Sachsen,9.46
08115,Sachsen,Sachsen,9.46
08118,Sachsen,Sachsen,9.46
08132,Sachsen,Sachsen,9.46
08134,Sachsen,Sachsen,9.46
08141,Sachsen,Sachsen,9.46
08144,Sachsen,Sachsen,9.46
08147,Sachsen,Sachsen,9.46
08209,Sachsen,Sachsen,9.46
08223,Sachsen,Sachsen,9.46
08228,Sachsen,Sachsen,9.46
08233,Sachsen,Sachsen,9.46
08236,Sachsen,Sachsen,9.46
08237,Sachsen,Sachsen,9.46
08239,Sachsen,Sachsen,9.46
08248,Sachsen,Sachsen,9.46
08258,Sachsen,Sachsen,9.46
08261,Sachsen,Sachsen,9.46
08262,Sachsen,Sachsen,9.46
08265,Sachsen,Sachsen,9.46
08267,Sachsen,Sachsen,9.46
08269,Sachsen,Sachsen,9.46
08280,Sachsen,Sachsen,9.46
08289,Sachsen,Sachsen,9.46
08294,Sachsen,Sachsen,9.46
08297,Sachsen,Sachsen,9.46
08301,Sachsen,Sachsen,9.46
08304,Sachsen,Sachsen,9.46
08309,Sachsen,Sachsen,9.46
08312,Sachsen,Sachsen,9.46
08315,Sachsen,Sachsen,9.46
08318,Sachsen,Sachsen,9.46
08321,Sachsen,Sachsen,9.46
08324,Sachsen,Sachsen,9.46
08325,Sachsen,Sachsen,9.46
08326,Sachsen,Sachsen,9.46
08328,Sachsen,Sachsen,9.46
08340,Sachsen,Sachsen,9.46
08344,Sachsen,Sachsen,9.46
08349,Sachsen,Sachsen,9.46
08352,Sachsen,Sachsen,9.46
08355,Sachsen,Sachsen,9.46
08359,Sachsen,Sachsen,9.46
08371,Sachsen,Sachsen,9.46
08373,Sachsen,Sachsen,9.46
08393,Sachsen,Sachsen,9.46
08396,Sachsen,Sachsen,9.46
08412,Sachsen,Sachsen,9.46
08427,Sachsen,Sachsen,9.46
08428,Sachsen,Sachsen,9.46
08432,Sachsen,Sachsen,9.46
08439,Sachsen,Sachsen,9.46
08451,Sachsen,Sachsen,9.46
08459,Sachsen,Sachsen,9.46
08468,Sachsen,Sachsen,9.46
08485,Sachsen,Sachsen,9.46
08491,Sachsen,Sachsen,9.46
08496,Sachsen,Sachsen,9.46
08499,Sachsen,Sachsen,9.46
08520,Saxony,Sachsen,9.46
08523,Sachsen,Sachsen,9.46
08525,Sachsen,Sachsen,9.46
08527,Sachsen,Sachsen,9.46
08529,Sachsen,Sachsen,9.46
08538,Sachsen,Sachsen,9.46
08539,Sachsen,Sachsen,9.46
08541,Sachsen,Sachsen,9.46
08543,Sachsen,Sachsen,9.46
08547,Sachsen,Sachsen,9.46
08548,Sachsen,Sachsen,9.46
08606,Sachsen,Sachsen,9.46
08626,Sachsen,Sachsen,9.46
08645,Sachsen,Sachsen,9.46
08648,Sachsen,Sachsen,9.46
09028,Sachsen,Sachsen,9.46
09030,Sachsen,Sachsen,9.46
09091,Saxony,Sachsen,9.46
09092,Saxony,Sachsen,9.46
09093,Saxony,Sachsen,9.46
09094,Saxony,Sachsen,9.46
09095,Saxony,Sachsen,9.46
09096,Saxony,Sachsen,9.46
09097,Saxony,Sachsen,9.46
09099,Saxony,Sachsen,9.46
09100,Saxony,Sachsen,9.46
09103,Saxony,Sachsen,9.46
09105,Saxony,Sachsen,9.46
09106,Saxony,Sachsen,9.46
09107,Saxony,Sachsen,9.46
09108,Saxony,Sachsen,9.46
09109,Saxony,Sachsen,9.46
09111,Sachsen,Sachsen,9.46
09112,Sachsen,Sachsen,9.46
09113,Sachsen,Sachsen,9.46
09114,Sachsen,Sachsen,9.46
09116,Sachsen,Sachsen,9.46
09117,Sachsen,Sachsen,9.46
09119,Sachsen,Sachsen,9.46
09120,Sachsen,Sachsen,9.46
09122,Sachsen,Sachsen,9.46
09123,Sachsen,Sachsen,9.46
09125,Sachsen,Sachsen,9.46
09126,Sachsen,Sachsen,9.46
09127,Sachsen,Sachsen,9.46
09128,Sachsen,Sachsen,9.46
09130,Sachsen,Sachsen,9.46
09131,Sachsen,Sachsen,9.46
09212,Sachsen,Sachsen,9.46
09217,Sachsen,Sachsen,9.46
09221,Sachsen,Sachsen,9.46
09224,Sachsen,Sachsen,9.46
09227,Sachsen,Sachsen,9.46
09228,Sachsen,Sachsen,9.46
09231,Saxony,Sachsen,9.46
09232,Sachsen,Sachsen,9.46
09235,Sachsen,Sachsen,9.46
09236,Sachsen,Sachsen,9.46
09241,Sachsen,Sachsen,9.46
09243,Sachsen,Sachsen,9.46
09244,Sachsen,Sachsen,9.46
09247,Sachsen,Sachsen,9.46
09249,Sachsen,Sachsen,9.46
09306,Sachsen,Sachsen,9.46
09322,Sachsen,Sachsen,9.46
09326,Sachsen,Sachsen,9.46
09328,Sachsen,Sachsen,9.46
09337,Sachsen,Sachsen,9.46
09350,Sachsen,Sachsen,9.46
09353,Sachsen,Sachsen,9.46
09355,Sachsen,Sachsen,9.46
09356,Sachsen,Sachsen,9.46
09366,Sachsen,Sachsen,9.46
09376,Sachsen,Sachsen,9.46
09380,Sachsen,Sachsen,9.46
09385,Sachsen,Sachsen,9.46
09387,Sachsen,Sachsen,9.46
09390,Sachsen,Sachsen,9.46
09392,Sachsen,Sachsen,9.46
09394,Sachsen,Sachsen,9.46
09395,Sachsen,Sachsen,9.46
09399,Sachsen,Sachsen,9.46
09405,Sachsen,Sachsen,9.46
09419,Sachsen,Sachsen,9.46
09423,Sachsen,Sachsen,9.46
09427,Sachsen,Sachsen,9.46
09429,Sachsen,Sachsen,9.46
09430,Sachsen,Sachsen,9.46
09432,Sachsen,Sachsen,9.46
09435,Sachsen,Sachsen,9.46
09437,Sachsen,Sachsen,9.46
09439,Sachsen,Sachsen,9.46
09450,Saxony,Sachsen,9.46
09453,Saxony,Sachsen,9.46
09454,Saxony,Sachsen,9.46
09456,Sachsen,Sachsen,9.46
09465,Sachsen,Sachsen,9.46
09468,Sachsen,Sachsen,9.46
09471,Sachsen,Sachsen,9.46
09474,Sachsen,Sachsen,9.46
09477,Sachsen,Sachsen,9.46
09481,Sachsen,Sachsen,9.46
09484,Sachsen,Sachsen,9.46
09487,Sachsen,Sachsen,9.46
09488,Sachsen,Sachsen,9.46
09496,Sachsen,Sachsen,9.46
09509,Sachsen,Sachsen,9.46
09514,Sachsen,Sachsen,9.46
09517,Sachsen,Sachsen,9.46
09518,Sachsen,Sachsen,9.46
09526,Sachsen,Sachsen,9.46
09544,Sachsen,Sachsen,9.46
09548,Sachsen,Sachsen,9.46
09557,Sachsen,Sachsen,9.46
09569,Sachsen,Sachsen,9.46
09573,Sachsen,Sachsen,9.46
09575,Sachsen,Sachsen,9.46
09577,Sachsen,Sachsen,9.46
09579,Sachsen,Sachsen,9.46
09595,Saxony,Sachsen,9.46
09596,Saxony,Sachsen,9.46
09599,Sachsen,Sachsen,9.46
09600,Sachsen,Sachsen,9.46
09603,Sachsen,Sachsen,9.46
09618,Sachsen,Sachsen,9.46
09619,Sachsen,Sachsen,9.46
09623,Sachsen,Sachsen,9.46
09627,Sachsen,Sachsen,9.46
09629,Sachsen,Sachsen,9.46
09633,Sachsen,Sachsen,9.46
09634,Sachsen,Sachsen,9.46
09638,Sachsen,Sachsen,9.46
09648,Sachsen,Sachsen,9.46
09660,Saxony,Sachsen,9.46
09661,Sachsen,Sachsen,9.46
09669,Sachsen,Sachsen,9.46
10026,Land Berlin,Berlin,10.165
10082,Land Berlin,Berlin,10.165
10083,Land Berlin,Berlin,10.165
10086,Land Berlin,Berlin,10.165
10096,Land Berlin,Berlin,10.165
10098,Land Berlin,Berlin,10.165
10099,Land Berlin,Berlin,10.165
10102,Land Berlin,Berlin,10.165
10103,Land Berlin,Berlin,10.165
10104,Land Berlin,Berlin,10.165
10105,Land Berlin,Berlin,10.165
10106,Land Berlin,Berlin,10.165
10107,Land Berlin,Berlin,10.165
10108,Land Berlin,Berlin,10.165
10109,Land Berlin,Berlin,10.165
10112,Land Berlin,Berlin,10.165
10115,Berlin,Berlin,10.165
10117,Berlin,Berlin,10.165
10119,Berlin,Berlin,10.165
10150,Land Berlin,Berlin,10.165
10169,Land Berlin,Berlin,10.165
10173,Land Berlin,Berlin,10.165
10178,Berlin,Berlin,10.165
10179,Berlin,Berlin,10.165
10243,Berlin,Berlin,10.165
10245,Berlin,Berlin,10.165
10247,Berlin,Berlin,10.165
10249,Berlin,Berlin,10.165
10306,Land Berlin,Berlin,10.165
10313,Land Berlin,Berlin,10.165
10315,Berlin,Berlin,10.165
10317,Berlin,Berlin,10.165
10318,Berlin,Berlin,10.165
10319,Berlin,Berlin,10.165
10356,Land Berlin,Berlin,10.165
10358,Land Berlin,Berlin,10.165
10360,Land Berlin,Berlin,10.165
10361,Land Berlin,Berlin,10.165
10362,Land Berlin,Berlin,10.165
10365,Berlin,Berlin,10.165
10367,Berlin,Berlin,10.165
10369,Berlin,Berlin,10.165
10400,Land Berlin,Berlin,10.165
10405,Berlin,Berlin,10.165
10407,Berlin,Berlin,10.165
10409,Berlin,Berlin,10.165
10431,Land Berlin,Berlin,10.165
10435,Berlin,Berlin,10.165
10437,Berlin,Berlin,10.165
10439,Berlin,Berlin,10.165
10546,Land Berlin,Berlin,10.165
10547,Land Berlin,Berlin,10.165
10548,Land Berlin,Berlin,10.165
10551,Berlin,Berlin,10.165
10553,Berlin,Berlin,10.165
10555,Berlin,Berlin,10.165
10557,Berlin,Berlin,10.165
10559,Berlin,Berlin,10.165
10585,Berlin,Berlin,10.165
10587,Berlin,Berlin,10.165
10589,Berlin,Berlin,10.165
10617,Land Berlin,Berlin,10.165
10623,Berlin,Berlin,10.165
10625,Berlin,Berlin,10.165
10627,Berlin,Berlin,10.165
10629,Berlin,Berlin,10.165
10702,Land Berlin,Berlin,10.165
10703,Land Berlin,Berlin,10.165
10704,Land Berlin,Berlin,10.165
10705,Land Berlin,Berlin,10.165
10707,Berlin,Berlin,10.165
10709,Berlin,Berlin,10.165
10711,Berlin,Berlin,10.165
10713,Berlin,Berlin,10.165
10715,Berlin,Berlin,10.165
10717,Berlin,Berlin,10.165
10719,Berlin,Berlin,10.165
10768,Land Berlin,Berlin,10.165
10772,Land Berlin,Berlin,10.165
10773,Land Berlin,Berlin,10.165
10774,Land Berlin,Berlin,10.165
10777,Berlin,Berlin,10.165
10779,Berlin,Berlin,10.165
10781,Berlin,Berlin,10.165
10783,Berlin,Berlin,10.165
10785,Berlin,Berlin,10.165
10787,Berlin,Berlin,10.165
10789,Berlin,Berlin,10.165
10819,Land Berlin,Berlin,10.165
10820,Land Berlin,Berlin,10.165
10823,Berlin,Berlin,10.165
10825,Berlin,Berlin,10.165
10827,Berlin,Berlin,10.165
10829,Berlin,Berlin,10.165
10842,Land Berlin,Berlin,10.165
10850,Land Berlin,Berlin,10.165
10858,Brandenburg,Brandenburg,10.15
10859,Land Berlin,Berlin,10.165
10860,Land Berlin,Berlin,10.165
10861,Land Berlin,Berlin,10.165
10862,Land Berlin,Berlin,10.165
10863,Land Berlin,Berlin,10.165
10864,Land Berlin,Berlin,10.165
10865,Land Berlin,Berlin,10.165
10867,Land Berlin,Berlin,10.165
10868,Land Berlin,Berlin,10.165
10871,Land Berlin,Berlin,10.165
10872,Land Berlin,Berlin,10.165
10873,Land Berlin,Berlin,10.165
10874,Land Berlin,Berlin,10.165
10875,Baden-Württemberg,Baden-Württemberg,9.35
10876,Land Berlin,Berlin,10.165
10877,Land Berlin,Berlin,10.165
10878,Land Berlin,Berlin,10.165
10880,Land Berlin,Berlin,10.165
10881,Land Berlin,Berlin,10.165
10882,Land Berlin,Berlin,10.165
10883,Land Berlin,Berlin,10.165
10884,Land Berlin,Berlin,10.165
10885,Land Berlin,Berlin,10.165
10886,Land Berlin,Berlin,10.165
10887,Land Berlin,Berlin,10.165
10888,Land Berlin,Berlin,10.165
10889,Land Berlin,Berlin,10.165
10890,Land Berlin,Berlin,10.165
10891,Land Berlin,Berlin,10.165
10892,Land Berlin,Berlin,10.165
10893,Land Berlin,Berlin,10.165
10896,Land Berlin,Berlin,10.165
10898,Hessen,Hessen,9.555
10899,Land Berlin,Berlin,10.165
10901,Land Berlin,Berlin,10.165
10902,Land Berlin,Berlin,10.165
10903,Land Berlin,Berlin,10.165
10904,Land Berlin,Berlin,10.165
10905,Land Berlin,Berlin,10.165
10907,Land Berlin,Berlin,10.165
10908,Brandenburg,Brandenburg,10.15
10909,Brandenburg,Brandenburg,10.15
10910,Nordrhein-Westfalen,Nordrhein-Westfalen,10.21
10912,Land Berlin,Berlin,10.165
10913,Land Berlin,Berlin,10.165
10914,Land Berlin,Berlin,10.165
10916,Land Berlin,Berlin,10.165
10917,Land Berlin,Berlin,10.165
10918,Land Berlin,Berlin,10.165
10919,Land Berlin,Berlin,10.165
10934,Land Berlin,Berlin,10.165
10956,Land Berlin,Berlin,10.165
10958,Land Berlin,Berlin,10.165
10959,Land Berlin,Berlin,10.165
10961,Berlin,Berlin,10.165
10963,Berlin,Berlin,10.165
10965,Berlin,Berlin,10.165
10967,Berlin,Berlin,10.165
10969,Berlin,Berlin,10.165
10997,Berlin,Berlin,10.165
10999,Berlin,Berlin,10.165
11010,Land Berlin,Berlin,10.165
11011,Berlin,Berlin,10.165
11013,Land Berlin,Berlin,10.165
11014,Land Berlin,Berlin,10.165
11017,Land Berlin,Berlin,10.165
11052,Land Berlin,Berlin,10.165
11053,Land Berlin,Berlin,10.165
11054,Land Berlin,Berlin,10.165
11055,Land Berlin,Berlin,10.165
11056,Land Berlin,Berlin,10.165
11501,Land Berlin,Berlin,10.165
11503,Land Berlin,Berlin,10.165
11504,Land Berlin,Berlin,10.165
11505,Land Berlin,Berlin,10.165
11506,Land Berlin,Berlin,10.165
11507,Land Berlin,Berlin,10.165
11508,Land Berlin,Berlin,10.165
11509,Land Berlin,Berlin,10.165
11510,Land Berlin,Berlin,10.165
11511,Land Berlin,Berlin,10.165
11512,Baden-Württemberg,Baden-Württemberg,9.35
11513,Land Berlin,Berlin,10.165
11515,Land Berlin,Berlin,10.165
11516,Land Berlin,Berlin,10.165
12028,Land Berlin,Berlin,10.165
12032,Land Berlin,Berlin,10.165
12037,Land Berlin,Berlin,10.165
12038,Land Berlin,Berlin,10.165
12039,Land Berlin,Berlin,10.165
12040,Land Berlin,Berlin,10.165
12043,Berlin,Berlin,10.165
12045,Berlin,Berlin,10.165
12047,Berlin,Berlin,10.165
12049,Berlin,Berlin,10.165
12051,Berlin,Berlin,10.165
12053,Berlin,Berlin,10.165
12055,Berlin,Berlin,10.165
12057,Berlin,Berlin,10.165
12059,Berlin,Berlin,10.165
12095,Land Berlin,Berlin,10.165
12096,Land Berlin,Berlin,10.165
12099,Berlin,Berlin,10.165
12101,Berlin,Berlin,10.165
12103,Berlin,Berlin,10.165
12105,Berlin,Berlin,10.165
12107,Berlin,Berlin,10.165
12109,Berlin,Berlin,10.165
12154,Land Berlin,Berlin,10.165
12157,Berlin,Berlin,10.165
12159,Berlin,Berlin,10.165
12161,Berlin,Berlin,10.165
12163,Berlin,Berlin,10.165
12165,Berlin,Berlin,10.165
12167,Berlin,Berlin,10.165
12169,Berlin,Berlin,10.165
12200,Land Berlin,Berlin,10.165
12203,Berlin,Berlin,10.165
12205,Berlin,Berlin,10.165
12207,Berlin,Berlin,10.165
12209,Berlin,Berlin,10.165
12247,Berlin,Berlin,10.165
12249,Berlin,Berlin,10.165
12274,Land Berlin,Berlin,10.165
12277,Berlin,Berlin,10.165
12279,Berlin,Berlin,10.165
12305,Berlin,Berlin,10.165
12307,Berlin,Berlin,10.165
12309,Berlin,Berlin,10.165
12345,Land Berlin,Berlin,10.165
12347,Berlin,Berlin,10.165
12349,Berlin,Berlin,10.165
12351,Berlin,Berlin,10.165
12353,Berlin,Berlin,10.165
12355,Berlin,Berlin,10.165
12357,Berlin,Berlin,10.165
12359,Berlin,Berlin,10.165
12435,Berlin,Berlin,10.165
12437,Berlin,Berlin,10.165
12439,Berlin,Berlin,10.165
12459,Berlin,Berlin,10.165
12485,Land Berlin,Berlin,10.165
12487,Berlin,Berlin,10.165
12489,Berlin,Berlin,10.165
12521,Brandenburg,Brandenburg,10.15
12524,Berlin,Berlin,10.165
12526,Berlin,Berlin,10.165
12527,Berlin,Berlin,10.165
12529,Brandenburg,Brandenburg,10.15
12552,Land Berlin,Berlin,10.165
12555,Berlin,Berlin,10.165
12557,Berlin,Berlin,10.165
12559,Berlin,Berlin,10.165
12587,Berlin,Berlin,10.165
12589,Berlin,Berlin,10.165
12616,Land Berlin,Berlin,10.165
12619,Berlin,Berlin,10.165
12621,Berlin,Berlin,10.165
12623,Berlin,Berlin,10.165
12627,Berlin,Berlin,10.165
12629,Berlin,Berlin,10.165
12670,Land Berlin,Berlin,10.165
12671,Land Berlin,Berlin,10.165
12677,Land Berlin,Berlin,10.165
12678,Hessen,Hessen,9.555
12679,Berlin,Berlin,10.165
12681,Berlin,Berlin,10.165
12683,Berlin,Berlin,10.165
12685,Berlin,Berlin,10.165
12687,Berlin,Berlin,10.165
12689,Berlin,Berlin,10.165
12712,Brandenburg,Brandenburg,10.15
13047,Land Berlin,Berlin,10.165
13048,Land Berlin,Berlin,10.165
13051,Berlin,Berlin,10.165
13053,Berlin,Berlin,10.165
13055,Berlin,Berlin,10.165
13057,Berlin,Berlin,10.165
13059,Berlin,Berlin,10.165
13086,Berlin,Berlin,10.165
13088,Berlin,Berlin,10.165
13089,Berlin,Berlin,10.165
13122,Land Berlin,Berlin,10.165
13125,Berlin,Berlin,10.165
13127,Berlin,Berlin,10.165
13129,Berlin,Berlin,10.165
13156,Berlin,Berlin,10.165
13158,Berlin,Berlin,10.165
13159,Berlin,Berlin,10.165
13187,Berlin,Berlin,10.165
13189,Berlin,Berlin,10.165
13340,Land Berlin,Berlin,10.165
13341,Land Berlin,Berlin,10.165
13342,Land Berlin,Berlin,10.165
13343,Land Berlin,Berlin,10.165
13344,Land Berlin,Berlin,10.165
13347,Berlin,Berlin,10.165
13349,Berlin,Berlin,10.165
13351,Berlin,Berlin,10.165
13353,Berlin,Berlin,10.165
13355,Berlin,Berlin,10.165
13357,Berlin,Berlin,10.165
13359,Berlin,Berlin,10.165
13400,Land Berlin,Berlin,10.165
13403,Berlin,Berlin,10.165
13405,Berlin,Berlin,10.165
13407,Berlin,Berlin,10.165
13409,Berlin,Berlin,10.165
13435,Berlin,Berlin,10.165
13437,Berlin,Berlin,10.165
13439,Berlin,Berlin,10.165
13465,Berlin,Berlin,10.165
13467,Berlin,Berlin,10.165
13469,Berlin,Berlin,10.165
13496,Land Berlin,Berlin,10.165
13497,Land Berlin,Berlin,10.165
13498,Land Berlin,Berlin,10.165
13499,Land Berlin,Berlin,10.165
13500,Land Berlin,Berlin,10.165
13503,Berlin,Berlin,10.165
13505,Berlin,Berlin,10.165
13507,Berlin,Berlin,10.165
13509,Berlin,Berlin,10.165
13565,Land Berlin,Berlin,10.165
13578,Land Berlin,Berlin,10.165
13581,Berlin,Berlin,10.165
13583,Berlin,Berlin,10.165
13585,Berlin,Berlin,10.165
13587,Berlin,Berlin,10.165
13589,Berlin,Berlin,10.165
13591,Berlin,Berlin,10.165
13593,Berlin,Berlin,10.165
13595,Berlin,Berlin,10.165
13597,Berlin,Berlin,10.165
13599,Berlin,Berlin,10.165
13619,Land Berlin,Berlin,10.165
13622,Land Berlin,Berlin,10.165
13623,Land Berlin,Berlin,10.165
13624,Land Berlin,Berlin,10.165
13625,Land Berlin,Berlin,10.165
13627,Berlin,Berlin,10.165
13629,Berlin,Berlin,10.165
13660,Brandenburg,Brandenburg,10.15
14045,Land Berlin,Berlin,10.165
14046,Land Berlin,Berlin,10.165
14047,Land Berlin,Berlin,10.165
14050,Berlin,Berlin,10.165
14052,Berlin,Berlin,10.165
14053,Berlin,Berlin,10.165
14055,Berlin,Berlin,10.165
14057,Berlin,Berlin,10.165
14059,Berlin,Berlin,10.165
14089,Berlin,Berlin,10.165
14107,Land Berlin,Berlin,10.165
14109,Berlin,Berlin,10.165
14129,Berlin,Berlin,10.165
14131,Berlin,Berlin,10.165
14160,Land Berlin,Berlin,10.165
14163,Berlin,Berlin,10.165
14165,Berlin,Berlin,10.165
14167,Berlin,Berlin,10.165
14169,Berlin,Berlin,10.165
14191,Land Berlin,Berlin,10.165
14193,Berlin,Berlin,10.165
14195,Berlin,Berlin,10.165
14197,Berlin,Berlin,10.165
14199,Berlin,Berlin,10.165
14322,Brandenburg,Brandenburg,10.15
14328,Land Berlin,Berlin,10.165
14329,Brandenburg,Brandenburg,10.15
14424,Brandenburg,Brandenburg,10.15
14425,Brandenburg,Brandenburg,10.15
14456,Brandenburg,Brandenburg,10.15
14457,Land Berlin,Berlin,10.165
14458,Brandenburg,Brandenburg,10.15
14459,Brandenburg,Brandenburg,10.15
14461,Brandenburg,Brandenburg,10.15
14462,Brandenburg,Brandenburg,10.15
14463,Brandenburg,Brandenburg,10.15
14464,Brandenburg,Brandenburg,10.15
14465,Brandenburg,Brandenburg,10.15
14467,Brandenburg,Brandenburg,10.15
14469,Brandenburg,Brandenburg,10.15
14471,Brandenburg,Brandenburg,10.15
14473,Brandenburg,Brandenburg,10.15
14476,Brandenburg,Brandenburg,10.15
14478,Brandenburg,Brandenburg,10.15
14480,Brandenburg,Brandenburg,10.15
14482,Brandenburg,Brandenburg,10.15
14510,Brandenburg,Brandenburg,10.15
14513,Brandenburg,Brandenburg,10.15
14532,Brandenburg,Brandenburg,10.15
14542,Brandenburg,Brandenburg,10.15
14547,Brandenburg,Brandenburg,10.15
14548,Brandenburg,Brandenburg,10.15
14550,Brandenburg,Brandenburg,10.15
14552,Brandenburg,Brandenburg,10.15
14554,Brandenburg,Brandenburg,10.15
14557,Brandenburg,Brandenburg,10.15
14558,Brandenburg,Brandenburg,10.15
14612,Brandenburg,Brandenburg,10.15
14621,Brandenburg,Brandenburg,10.15
14624,Brandenburg,Brandenburg,10.15
14627,Brandenburg,Brandenburg,10.15
14641,Brandenburg,Brandenburg,10.15
14655,Brandenburg,Brandenburg,10.15
14656,Brandenburg,Brandenburg,10.15
14662,Brandenburg,Brandenburg,10.15
14669,Brandenburg,Brandenburg,10.15
14710,Brandenburg,Brandenburg,10.15
14712,Brandenburg,Brandenburg,10.15
14715,Brandenburg,Brandenburg,10.15
14727,Brandenburg,Brandenburg,10.15
14728,Brandenburg,Brandenburg,10.15
14765,Brandenburg,Brandenburg,10.15
14767,Brandenburg,Brandenburg,10.15
14770,Brandenburg,Brandenburg,10.15
14772,Brandenburg,Brandenburg,10.15
14774,Brandenburg,Brandenburg,10.15
14776,Brandenburg,Brandenburg,10.15
14778,Brandenburg,Brandenburg,10.15
14789,Brandenburg,Brandenburg,10.15
14793,Brandenburg,Brandenburg,10.15
14797,Brandenburg,Brandenburg,10.15
14798,Brandenburg,Brandenburg,10.15
14806,Brandenburg,Brandenburg,10.15
14822,Brandenburg,Brandenburg,10.15
14823,Brandenburg,Brandenburg,10.15
14827,Brandenburg,Brandenburg,10.15
14828,Brandenburg,Brandenburg,10.15
14913,Brandenburg,Brandenburg,10.15
14929,Brandenburg,Brandenburg,10.15
14943,Brandenburg,Brandenburg,10.15
14947,Brandenburg,Brandenburg,10.15
14959,Brandenburg,Brandenburg,10.15
14974,Brandenburg,Brandenburg,10.15
14979,Brandenburg,Brandenburg,10.15
14980,Brandenburg,Brandenburg,10.15
15220,Brandenburg,Brandenburg,10.15
15224,Brandenburg,Brandenburg,10.15
15227,Land Berlin,Berlin,10.165
15228,Brandenburg,Brandenburg,10.15
15229,Brandenburg,Brandenburg,10.15
15230,Brandenburg,Brandenburg,10.15
15232,Brandenburg,Brandenburg,10.15
15234,Brandenburg,Brandenburg,10.15
15236,Brandenburg,Brandenburg,10.15
15295,Brandenburg,Brandenburg,10.15
15299,Brandenburg,Brandenburg,10.15
15306,Brandenburg,Brandenburg,10.15
15320,Brandenburg,Brandenburg,10.15
15324,Brandenburg,Brandenburg,10.15
15326,Brandenburg,Brandenburg,10.15
15328,Brandenburg,Brandenburg,10.15
15344,Brandenburg,Brandenburg,10.15
15345,Brandenburg,Brandenburg,10.15
15366,Brandenburg,Brandenburg,10.15
15370,Brandenburg,Brandenburg,10.15
15372,Brandenburg,Brandenburg,10.15
15374,Brandenburg,Brandenburg,10.15
15377,Brandenburg,Brandenburg,10.15
15378,Brandenburg,Brandenburg,10.15
15515,Brandenburg,Brandenburg,10.15
15517,Brandenburg,Brandenburg,10.15
15518,Brandenburg,Brandenburg,10.15
15526,Brandenburg,Brandenburg,10.15
15528,Brandenburg,Brandenburg,10.15
15537,Brandenburg,Brandenburg,10.15
15559,Brandenburg,Brandenburg,10.15
15562,Brandenburg,Brandenburg,10.15
15566,Brandenburg,Brandenburg,10.15
15569,Brandenburg,Brandenburg,10.15
15711,Brandenburg,Brandenburg,10.15
15712,Brandenburg,Brandenburg,10.15
15713,Brandenburg,Brandenburg,10.15
15732,Brandenburg,Brandenburg,10.15
15738,Brandenburg,Brandenburg,10.15
15741,Brandenburg,Brandenburg,10.15
15745,Brandenburg,Brandenburg,10.15
15746,Brandenburg,Brandenburg,10.15
15748,Brandenburg,Brandenburg,10.15
15749,Brandenburg,Brandenburg,10.15
15752,Brandenburg,Brandenburg,10.15
15754,Brandenburg,Brandenburg,10.15
15755,Brandenburg,Brandenburg,10.15
15757,Brandenburg,Brandenburg,10.15
15806,Brandenburg,Brandenburg,10.15
15827,Brandenburg,Brandenburg,10.15
15831,Brandenburg,Brandenburg,10.15
15834,Brandenburg,Brandenburg,10.15
15837,Brandenburg,Brandenburg,10.15
15838,Brandenburg,Brandenburg,10.15
15848,Brandenburg,Brandenburg,10.15
15859,Brandenburg,Brandenburg,10.15
15864,Brandenburg,Brandenburg,10.15
15868,Brandenburg,Brandenburg,10.15
15887,Brandenburg,Brandenburg,10.15
15888,Brandenburg,Brandenburg,10.15
15890,Brandenburg,Brandenburg,10.15
15898,Brandenburg,Brandenburg,10.15
15907,Brandenburg,Brandenburg,10.15
15910,Brandenburg,Brandenburg,10.15
15913,Brandenburg,Brandenburg,10.15
15926,Brandenburg,Brandenburg,10.15
15936,Brandenburg,Brandenburg,10.15
15938,Brandenburg,Brandenburg,10.15
16222,Brandenburg,Brandenburg,10.15
16225,Brandenburg,Brandenburg,10.15
16227,Brandenburg,Brandenburg,10.15
16230,Brandenburg,Brandenburg,10.15
16244,Brandenburg,Brandenburg,10.15
16247,Brandenburg,Brandenburg,10.15
16248,Brandenburg,Brandenburg,10.15
16259,Brandenburg,Brandenburg,10.15
16269,Brandenburg,Brandenburg,10.15
16278,Brandenburg,Brandenburg,10.15
16303,Brandenburg,Brandenburg,10.15
16306,Brandenburg,Brandenburg,10.15
16307,Brandenburg,Brandenburg,10.15
16321,Brandenburg,Brandenburg,10.15
16341,Brandenburg,Brandenburg,10.15
16348,Brandenburg,Brandenburg,10.15
16352,Brandenburg,Brandenburg,10.15
16356,Brandenburg,Brandenburg,10.15
16359,Brandenburg,Brandenburg,10.15
16515,Brandenburg,Brandenburg,10.15
16540,Brandenburg,Brandenburg,10.15
16547,Brandenburg,Brandenburg,10.15
16548,Brandenburg,Brandenburg,10.15
16552,Brandenburg,Brandenburg,10.15
16556,Brandenburg,Brandenburg,10.15
16559,Brandenburg,Brandenburg,10.15
16562,Brandenburg,Brandenburg,10.15
16565,Brandenburg,Brandenburg,10.15
16567,Brandenburg,Brandenburg,10.15
16727,Brandenburg,Brandenburg,10.15
16759,Brandenburg,Brandenburg,10.15
16761,Brandenburg,Brandenburg,10.15
16766,Brandenburg,Brandenburg,10.15
16767,Brandenburg,Brandenburg,10.15
16775,Brandenburg,Brandenburg,10.15
16792,Brandenburg,Brandenburg,10.15
16798,Brandenburg,Brandenburg,10.15
16814,Brandenburg,Brandenburg,10.15
16816,Brandenburg,Brandenburg,10.15
16818,Brandenburg,Brandenburg,10.15
16827,Brandenburg,Brandenburg,10.15
16831,Brandenburg,Brandenburg,10.15
16833,Brandenburg,Brandenburg,10.15
16835,Brandenburg,Brandenburg,10.15
16837,Brandenburg,Brandenburg,10.15
16845,Brandenburg,Brandenburg,10.15
16866,Brandenburg,Brandenburg,10.15
16868,Brandenburg,Brandenburg,10.15
16909,Brandenburg,Brandenburg,10.15
16918,Brandenburg,Brandenburg,10.15
16921,Brandenburg,Brandenburg,10.15
16928,Brandenburg,Brandenburg,10.15
16945,Brandenburg,Brandenburg,10.15
16949,Brandenburg,Brandenburg,10.15
17030,Mecklenburg-Western Pomerania,Mecklenburg-Vorpommern,9.69
17033,Mecklenburg-Vorpommern,Mecklenburg-Vorpommern,9.69
17034,Mecklenburg-Vorpommern,Mecklenburg-Vorpommern,9.69
17036,Mecklenburg-Vorpommern,Mecklenburg-Vorpommern,9.69
17039,Mecklenburg-Vorpommern,Mecklenburg-Vorpommern,9.69
17049,Mecklenburg-Western Pomerania,Mecklenburg-Vorpommern,9.69
17050,Mecklenburg-Western Pomerania,Mecklenburg-Vorpommern,9.69
17087,Mecklenburg-Vorpommern,Mecklenburg-Vorpommern,9.69
17089,Mecklenburg-Vorpommern,Mecklenburg-Vorpommern,9.69
17091,Mecklenburg-Vorpommern,Mecklenburg-Vorpommern,9.69
17094,Mecklenburg-Vorpommern,Mecklenburg-Vorpommern,9.69
17098,Mecklenburg-Vorpommern,Mecklenburg-Vorpommern,9.69
17099,Mecklenburg-Vorpommern,Mecklenburg-Vorpommern,9.69
17109,Mecklenburg-Vorpommern,Mecklenburg-Vorpommern,9.69
17111,Mecklenburg-Vorpommern,Mecklenburg-Vorpommern,9.69
17121,Mecklenburg-Vorpommern,Mecklenburg-Vorpommern,9.69
17126,Mecklenburg-Vorpommern,Mecklenburg-Vorpommern,9.69
17129,Mecklenburg-Vorpommern,Mecklenburg-Vorpommern,9.69
17139,Mecklenburg-Vorpommern,Mecklenburg-Vorpommern,9.69
17153,Mecklenburg-Vorpommern,Mecklenburg-Vorpommern,9.69
17154,Mecklenburg-Vorpommern,Mecklenburg-Vorpommern,9.69
17159,Mecklenburg-Vorpommern,Mecklenburg-Vorpommern,9.69
17166,Mecklenburg-Vorpommern,Mecklenburg-Vorpommern,9.69
17168,Mecklenburg-Vorpommern,Mecklenburg-Vorpommern,9.69
17179,Mecklenburg-Vorpommern,Mecklenburg-Vorpommern,9.69
17192,Mecklenburg-Vorpommern,Mecklenburg-Vorpommern,9.69
17194,Mecklenburg-Vorpommern,Mecklenburg-Vorpommern,9.69
17207,Mecklenburg-Vorpommern,Mecklenburg-Vorpommern,9.69
17209,Mecklenburg-Vorpommern,Mecklenburg-Vorpommern,9.69
17213,Mecklenburg-Vorpommern,Mecklenburg-Vorpommern,9.69
17214,Mecklenburg-Vorpommern,Mecklenburg-Vorpommern,9.69
17217,Mecklenburg-Vorpommern,Mecklenburg-Vorpommern,9.69
17219,Mecklenburg-Vorpommern,Mecklenburg-Vorpommern,9.69
17235,Mecklenburg-Vorpommern,Mecklenburg-Vorpommern,9.69
17237,Mecklenburg-Vorpommern,Mecklenburg-Vorpommern,9.69
17240,Land Berlin,Berlin,10.165
17248,Mecklenburg-Vorpommern,Mecklenburg-Vorpommern,9.69
17252,Mecklenburg-Vorpommern,Mecklenburg-Vorpommern,9.69
17255,Mecklenburg-Vorpommern,Mecklenburg-Vorpommern,9.69
17258,Mecklenburg-Vorpommern,Mecklenburg-Vorpommern,9.69
17259,Mecklenburg-Vorpommern,Mecklenburg-Vorpommern,9.69
17268,Brandenburg,Brandenburg,10.15
17279,Brandenburg,Brandenburg,10.15
17291,Brandenburg,Brandenburg,10.15
17305,Mecklenburg-Western Pomerania,Mecklenburg-Vorpommern,9.69
17306,Mecklenburg-Western Pomerania,Mecklenburg-Vorpommern,9.69
17308,Mecklenburg-Western Pomerania,Mecklenburg-Vorpommern,9.69
17309,Mecklenburg-Vorpommern,Mecklenburg-Vorpommern,9.69
17321,Mecklenburg-Vorpommern,Mecklenburg-Vorpommern,9.69
17322,Mecklenburg-Vorpommern,Mecklenburg-Vorpommern,9.69
17326,Brandenburg,Brandenburg,10.15
17328,Mecklenburg-Vorpommern,Mecklenburg-Vorpommern,9.69
17329,Mecklenburg-Vorpommern,Mecklenburg-Vorpommern,9.69
17335,Mecklenburg-Vorpommern,Mecklenburg-Vorpommern,9.69
17337,Brandenburg,Brandenburg,10.15
17348,Mecklenburg-Vorpommern,Mecklenburg-Vorpommern,9.69
17349,Mecklenburg-Vorpommern,Mecklenburg-Vorpommern,9.69
17358,Mecklenburg-Vorpommern,Mecklenburg-Vorpommern,9.69
17367,Mecklenburg-Vorpommern,Mecklenburg-Vorpommern,9.69
17373,Mecklenburg-Vorpommern,Mecklenburg-Vorpommern,9.69
17375,Mecklenburg-Vorpommern,Mecklenburg-Vorpommern,9.69
17379,Mecklenburg-Vorpommern,Mecklenburg-Vorpommern,9.69
17389,Mecklenburg-Vorpommern,Mecklenburg-Vorpommern,9.69
17390,Mecklenburg-Vorpommern,Mecklenburg-Vorpommern,9.69
17391,Mecklenburg-Vorpommern,Mecklenburg-Vorpommern,9.69
17392,Mecklenburg-Vorpommern,Mecklenburg-Vorpommern,9.69
17398,Mecklenburg-Vorpommern,Mecklenburg-Vorpommern,9.69
17406,Mecklenburg-Vorpommern,Mecklenburg-Vorpommern,9.69
17419,Mecklenburg-Vorpommern,Mecklenburg-Vorpommern,9.69
17424,Mecklenburg-Vorpommern,Mecklenburg-Vorpommern,9.69
17429,Mecklenburg-Vorpommern,Mecklenburg-Vorpommern,9.69
17438,Mecklenburg-Vorpommern,Mecklenburg-Vorpommern,9.69
17440,Mecklenburg-Vorpommern,Mecklenburg-Vorpommern,9.69
17449,Mecklenburg-Vorpommern,Mecklenburg-Vorpommern,9.69
17454,Mecklenburg-Vorpommern,Mecklenburg-Vorpommern,9.69
17459,Mecklenburg-Vorpommern,Mecklenburg-Vorpommern,9.69
17474,Mecklenburg-Western Pomerania,Mecklenburg-Vorpommern,9.69
17475,Mecklenburg-Western Pomerania,Mecklenburg-Vorpommern,9.69
17489,Mecklenburg-Vorpommern,Mecklenburg-Vorpommern,9.69
17491,Mecklenburg-Vorpommern,Mecklenburg-Vorpommern,9.69
17493,Mecklenburg-Vorpommern,Mecklenburg-Vorpommern,9.69
17495,Mecklenburg-Vorpommern,Mecklenburg-Vorpommern,9.69
17498,Mecklenburg-Vorpommern,Mecklenburg-Vorpommern,9.69
17506,Mecklenburg-Vorpommern,Mecklenburg-Vorpommern,9.69
17509,Mecklenburg-Vorpommern,Mecklenburg-Vorpommern,9.69
18048,Mecklenburg-Western Pomerania,Mecklenburg-Vorpommern,9.69
18050,Mecklenburg-Western Pomerania,Mecklenburg-Vorpommern,9.69
18051,Mecklenburg-Western Pomerania,Mecklenburg-Vorpommern,9.69
18052,Mecklenburg-Western Pomerania,Mecklenburg-Vorpommern,9.69
18053,Mecklenburg-Western Pomerania,Mecklenburg-Vorpommern,9.69
18055,Mecklenburg-Vorpommern,Mecklenburg-Vorpommern,9.69
18057,Mecklenburg-Vorpommern,Mecklenburg-Vorpommern,9.69
18059,Mecklenburg-Vorpommern,Mecklenburg-Vorpommern,9.69
18060,Mecklenburg-Western Pomerania,Mecklenburg-Vorpommern,9.69
18069,Mecklenburg-Vorpommern,Mecklenburg-Vorpommern,9.69
18101,Mecklenburg-Western Pomerania,Mecklenburg-Vorpommern,9.69
18106,Mecklenburg-Vorpommern,Mecklenburg-Vorpommern,9.69
18107,Mecklenburg-Vorpommern,Mecklenburg-Vorpommern,9.69
18109,Mecklenburg-Vorpommern,Mecklenburg-Vorpommern,9.69
18119,Mecklenburg-Vorpommern,Mecklenburg-Vorpommern,9.69
18146,Mecklenburg-Vorpommern,Mecklenburg-Vorpommern,9.69
18147,Mecklenburg-Vorpommern,Mecklenburg-Vorpommern,9.69
18181,Mecklenburg-Vorpommern,Mecklenburg-Vorpommern,9.69
18182,Mecklenburg-Vorpommern,Mecklenburg-Vorpommern,9.69
18184,Mecklenburg-Vorpommern,Mecklenburg-Vorpommern,9.69
18190,Mecklenburg-Vorpommern,Mecklenburg-Vorpommern,9.69
18195,Mecklenburg-Vorpommern,Mecklenburg-Vorpommern,9.69
18196,Mecklenburg-Vorpommern,Mecklenburg-Vorpommern,9.69
18198,Mecklenburg-Vorpommern,Mecklenburg-Vorpommern,9.69
18209,Mecklenburg-Vorpommern,Mecklenburg-Vorpommern,9.69
18211,Mecklenburg-Vorpommern,Mecklenburg-Vorpommern,9.69
18225,Mecklenburg-Vorpommern,Mecklenburg-Vorpommern,9.69
18230,Mecklenburg-Vorpommern,Mecklenburg-Vorpommern,9.69
18231,Mecklenburg-Vorpommern,Mecklenburg-Vorpommern,9.69
18233,Mecklenburg-Vorpommern,Mecklenburg-Vorpommern,9.69
18236,Mecklenburg-Vorpommern,Mecklenburg-Vorpommern,9.69
18239,Mecklenburg-Vorpommern,Mecklenburg-Vorpommern,9.69
18246,Mecklenburg-Vorpommern,Mecklenburg-Vorpommern,9.69
18249,Mecklenburg-Vorpommern,Mecklenburg-Vorpommern,9.69
18258,Mecklenburg-Vorpommern,Mecklenburg-Vorpommern,9.69
18271,Mecklenburg-Western Pomerania,Mecklenburg-Vorpommern,9.69
18273,Mecklenburg-Vorpommern,Mecklenburg-Vorpommern,9.69
18276,Mecklenburg-Vorpommern,Mecklenburg-Vorpommern,9.69
18279,Mecklenburg-Vorpommern,Mecklenburg-Vorpommern,9.69
18292,Mecklenburg-Vorpommern,Mecklenburg-Vorpommern,9.69
18299,Mecklenburg-Vorpommern,Mecklenburg-Vorpommern,9.69
18311,Mecklenburg-Vorpommern,Mecklenburg-Vorpommern,9.69
18314,Mecklenburg-Vorpommern,Mecklenburg-Vorpommern,9.69
18317,Mecklenburg-Vorpommern,Mecklenburg-Vorpommern,9.69
18320,Mecklenburg-Vorpommern,Mecklenburg-Vorpommern,9.69
18334,Mecklenburg-Vorpommern,Mecklenburg-Vorpommern,9.69
18337,Mecklenburg-Vorpommern,Mecklenburg-Vorpommern,9.69
18347,Mecklenburg-Vorpommern,Mecklenburg-Vorpommern,9.69
18356,Mecklenburg-Vorpommern,Mecklenburg-Vorpommern,9.69
18374,Mecklenburg-Vorpommern,Mecklenburg-Vorpommern,9.69
18375,Mecklenburg-Vorpommern,Mecklenburg-Vorpommern,9.69
18431,Mecklenburg-Western Pomerania,Mecklenburg-Vorpommern,9.69
18432,Mecklenburg-Western Pomerania,Mecklenburg-Vorpommern,9.69
18435,Mecklenburg-Vorpommern,Mecklenburg-Vorpommern,9.69
18437,Mecklenburg-Vorpommern,Mecklenburg-Vorpommern,9.69
18439,Mecklenburg-Vorpommern,Mecklenburg-Vorpommern,9.69
18442,Mecklenburg-Vorpommern,Mecklenburg-Vorpommern,9.69
18445,Mecklenburg-Vorpommern,Mecklenburg-Vorpommern,9.69
18461,Mecklenburg-Vorpommern,Mecklenburg-Vorpommern,9.69
18465,Mecklenburg-Vorpommern,Mecklenburg-Vorpommern,9.69
18469,Mecklenburg-Vorpommern,Mecklenburg-Vorpommern,9.69
18507,Mecklenburg-Vorpommern,Mecklenburg-Vorpommern,9.69
18510,Mecklenburg-Vorpommern,Mecklenburg-Vorpommern,9.69
18513,Mecklenburg-Vorpommern,Mecklenburg-Vorpommern,9.69
18516,Mecklenburg-Vorpommern,Mecklenburg-Vorpommern,9.69
18519,Mecklenburg-Vorpommern,Mecklenburg-Vorpommern,9.69
18528,Mecklenburg-Vorpommern,Mecklenburg-Vorpommern,9.69
18546,Mecklenburg-Vorpommern,Mecklenburg-Vorpommern,9.69
18551,Mecklenburg-Vorpommern,Mecklenburg-Vorpommern,9.69
18556,Mecklenburg-Vorpommern,Mecklenburg-Vorpommern,9.69
18565,Mecklenburg-Vorpommern,Mecklenburg-Vorpommern,9.69
18569,Mecklenburg-Vorpommern,Mecklenburg-Vorpommern,9.69
18573,Mecklenburg-Vorpommern,Mecklenburg-Vorpommern,9.69
18574,Mecklenburg-Vorpommern,Mecklenburg-Vorpommern,9.69
18581,Mecklenburg-Vorpommern,Mecklenburg-Vorpommern,9.69
18586,Mecklenburg-Vorpommern,Mecklenburg-Vorpommern,9.69
18609,Mecklenburg-Vorpommern,Mecklenburg-Vorpommern,9.69
19020,Mecklenburg-Western Pomerania,Mecklenburg-Vorpommern,9.69
19048,Mecklenburg-Western Pomerania,Mecklenburg-Vorpommern,9.69
19049,Mecklenburg-Western Pomerania,Mecklenburg-Vorpommern,9.69
19050,Mecklenburg-Western Pomerania,Mecklenburg-Vorpommern,9.69
19051,Mecklenburg-Western Pomerania,Mecklenburg-Vorpommern,9.69
19053,Mecklenburg-Vorpommern,Mecklenburg-Vorpommern,9.69
19055,Mecklenburg-Vorpommern,Mecklenburg-Vorpommern,9.69
19057,Mecklenburg-Vorpommern,Mecklenburg-Vorpommern,9.69
19059,Mecklenburg-Vorpommern,Mecklenburg-Vorpommern,9.69
19061,Mecklenburg-Vorpommern,Mecklenburg-Vorpommern,9.69
19063,Mecklenburg-Vorpommern,Mecklenburg-Vorpommern,9.69
19065,Mecklenburg-Vorpommern,Mecklenburg-Vorpommern,9.69
19067,Mecklenburg-Vorpommern,Mecklenburg-Vorpommern,9.69
19069,Mecklenburg-Vorpommern,Mecklenburg-Vorpommern,9.69
19071,Mecklenburg-Vorpommern,Mecklenburg-Vorpommern,9.69
19073,Mecklenburg-Vorpommern,Mecklenburg-Vorpommern,9.69
19075,Mecklenburg-Vorpommern,Mecklenburg-Vorpommern,9.69
19077,Mecklenburg-Vorpommern,Mecklenburg-Vorpommern,9.69
19079,Mecklenburg-Vorpommern,Mecklenburg-Vorpommern,9.69
19085,Mecklenburg-Western Pomerania,Mecklenburg-Vorpommern,9.69
19086,Mecklenburg-Vorpommern,Mecklenburg-Vorpommern,9.69
19089,Mecklenburg-Vorpommern,Mecklenburg-Vorpommern,9.69
19101,Mecklenburg-Western Pomerania,Mecklenburg-Vorpommern,9.69
19205,Mecklenburg-Vorpommern,Mecklenburg-Vorpommern,9.69
19209,Mecklenburg-Vorpommern,Mecklenburg-Vorpommern,9.69
19217,Mecklenburg-Vorpommern,Mecklenburg-Vorpommern,9.69
19230,Mecklenburg-Vorpommern,Mecklenburg-Vorpommern,9.69
19243,Mecklenburg-Vorpommern,Mecklenburg-Vorpommern,9.69
19246,Mecklenburg-Vorpommern,Mecklenburg-Vorpommern,9.69
19249,Mecklenburg-Vorpommern,Mecklenburg-Vorpommern,9.69
19258,Mecklenburg-Vorpommern,Mecklenburg-Vorpommern,9.69
19260,Mecklenburg-Vorpommern,Mecklenburg-Vorpommern,9.69
19273,Mecklenburg-Vorpommern,Mecklenburg-Vorpommern,9.69
19288,Mecklenburg-Vorpommern,Mecklenburg-Vorpommern,9.69
19294,Mecklenburg-Vorpommern,Mecklenburg-Vorpommern,9.69
19300,Mecklenburg-Vorpommern,Mecklenburg-Vorpommern,9.69
19303,Mecklenburg-Vorpommern,Mecklenburg-Vorpommern,9.69
19306,Mecklenburg-Vorpommern,Mecklenburg-Vorpommern,9.69
19309,Brandenburg,Brandenburg,10.15
19322,Brandenburg,Brandenburg,10.15
19334,Brandenburg,Brandenburg,10.15
19336,Brandenburg,Brandenburg,10.15
19339,Brandenburg,Brandenburg,10.15
19348,Brandenburg,Brandenburg,10.15
19357,Brandenburg,Brandenburg,10.15
19367,Mecklenburg-Western Pomerania,Mecklenburg-Vorpommern,9.69
19370,Mecklenburg-Vorpommern,Mecklenburg-Vorpommern,9.69
19372,Mecklenburg-Vorpommern,Mecklenburg-Vorpommern,9.69
19374,Mecklenburg-Vorpommern,Mecklenburg-Vorpommern,9.69
19376,Mecklenburg-Vorpommern,Mecklenburg-Vorpommern,9.69
19386,Mecklenburg-Vorpommern,Mecklenburg-Vorpommern,9.69
19395,Mecklenburg-Vorpommern,Mecklenburg-Vorpommern,9.69
19399,Mecklenburg-Vorpommern,Mecklenburg-Vorpommern,9.69
19406,Mecklenburg-Vorpommern,Mecklenburg-Vorpommern,9.69
19412,Mecklenburg-Vorpommern,Mecklenburg-Vorpommern,9.69
19417,Mecklenburg-Vorpommern,Mecklenburg-Vorpommern,9.69
20038,Hamburg,Hamburg,10.045
20066,Hamburg,Hamburg,10.045
20067,Hamburg,Hamburg,10.045
20068,Hamburg,Hamburg,10.045
20069,Hamburg,Hamburg,10.045
20070,Hamburg,Hamburg,10.045
20071,Hamburg,Hamburg,10.045
20072,Hamburg,Hamburg,10.045
20073,Hamburg,Hamburg,10.045
20074,Hamburg,Hamburg,10.045
20076,Hamburg,Hamburg,10.045
20077,Hamburg,Hamburg,10.045
20079,Hamburg,Hamburg,10.045
20080,Hamburg,Hamburg,10.045
20081,Hamburg,Hamburg,10.045
20083,Bavaria,Bayern,8.855
20084,Hamburg,Hamburg,10.045
20085,Hamburg,Hamburg,10.045
20086,Hamburg,Hamburg,10.045
20087,Hamburg,Hamburg,10.045
20088,Hamburg,Hamburg,10.045
20090,Hamburg,Hamburg,10.045
20091,Hamburg,Hamburg,10.045
20092,Hamburg,Hamburg,10.045
20095,Hamburg,Hamburg,10.045
20097,Hamburg,Hamburg,10.045
20099,Hamburg,Hamburg,10.045
20139,Hamburg,Hamburg,10.045
20140,Hamburg,Hamburg,10.045
20144,Hamburg,Hamburg,10.045
20146,Hamburg,Hamburg,10.045
20148,Hamburg,Hamburg,10.045
20149,Hamburg,Hamburg,10.045
20242,Hamburg,Hamburg,10.045
20243,Hamburg,Hamburg,10.045
20244,Hamburg,Hamburg,10.045
20245,Hamburg,Hamburg,10.045
20246,Hamburg,Hamburg,10.045
20247,Hamburg,Hamburg,10.045
20249,Hamburg,Hamburg,10.045
20251,Hamburg,Hamburg,10.045
20253,Hamburg,Hamburg,10.045
20255,Hamburg,Hamburg,10.045
20257,Hamburg,Hamburg,10.045
20259,Hamburg,Hamburg,10.045
20346,Hamburg,Hamburg,10.045
20347,Hamburg,Hamburg,10.045
20348,Hamburg,Hamburg,10.045
20350,Hamburg,Hamburg,10.045
20351,Hamburg,Hamburg,10.045
20354,Hamburg,Hamburg,10.045
20355,Hamburg,Hamburg,10.045
20357,Hamburg,Hamburg,10.045
20359,Hamburg,Hamburg,10.045
20444,Hamburg,Hamburg,10.045
20445,Hamburg,Hamburg,10.045
20446,Hamburg,Hamburg,10.045
20449,Hamburg,Hamburg,10.045
20450,Hamburg,Hamburg,10.045
20451,Hamburg,Hamburg,10.045
20452,Hamburg,Hamburg,10.045
20453,Hamburg,Hamburg,10.045
20454,Hamburg,Hamburg,10.045
20457,Hamburg,Hamburg,10.045
20459,Hamburg,Hamburg,10.045
20531,Hamburg,Hamburg,10.045
20533,Hamburg,Hamburg,10.045
20535,Hamburg,Hamburg,10.045
20537,Hamburg,Hamburg,10.045
20539,Hamburg,Hamburg,10.045
20901,Hamburg,Hamburg,10.045
20903,Hamburg,Hamburg,10.045
20911,Hamburg,Hamburg,10.045
20912,Hamburg,Hamburg,10.045
20913,Hamburg,Hamburg,10.045
20914,Hamburg,Hamburg,10.045
20915,Hamburg,Hamburg,10.045
21027,Hamburg,Hamburg,10.045
21029,Hamburg,Hamburg,10.045
21031,Hamburg,Hamburg,10.045
21033,Hamburg,Hamburg,10.045
21035,Hamburg,Hamburg,10.045
21037,Hamburg,Hamburg,10.045
21039,Hamburg,Hamburg,10.045
21071,Hamburg,Hamburg,10.045
21073,Hamburg,Hamburg,10.045
21075,Hamburg,Hamburg,10.045
21077,Hamburg,Hamburg,10.045
21079,Hamburg,Hamburg,10.045
21105,Hamburg,Hamburg,10.045
21107,Hamburg,Hamburg,10.045
21109,Hamburg,Hamburg,10.045
21129,Hamburg,Hamburg,10.045
21147,Hamburg,Hamburg,10.045
21149,Hamburg,Hamburg,10.045
21170,Hamburg,Hamburg,10.045
21172,Lower Saxony,Niedersachsen,10.045
21175,Hamburg,Hamburg,10.045
21217,Niedersachsen,Niedersachsen,10.045
21218,Niedersachsen,Niedersachsen,10.045
21220,Niedersachsen,Niedersachsen,10.045
21224,Niedersachsen,Niedersachsen,10.045
21227,Niedersachsen,Niedersachsen,10.045
21228,Niedersachsen,Niedersachsen,10.045
21244,Niedersachsen,Niedersachsen,10.045
21255,Niedersachsen,Niedersachsen,10.045
21256,Niedersachsen,Niedersachsen,10.045
21258,Niedersachsen,Niedersachsen,10.045
21259,Niedersachsen,Niedersachsen,10.045
21261,Niedersachsen,Niedersachsen,10.045
21266,Niedersachsen,Niedersachsen,10.045
21271,Niedersachsen,Niedersachsen,10.045
21272,Niedersachsen,Niedersachsen,10.045
21274,Niedersachsen,Niedersachsen,10.045
21279,Niedersachsen,Niedersachsen,10.045
21332,Lower Saxony,Niedersachsen,10.045
21333,Lower Saxony,Niedersachsen,10.045
21335,Niedersachsen,Niedersachsen,10.045
21337,Niedersachsen,Niedersachsen,10.045
21339,Niedersachsen,Niedersachsen,10.045
21354,Niedersachsen,Niedersachsen,10.045
21357,Niedersachsen,Niedersachsen,10.045
21358,Niedersachsen,Niedersachsen,10.045
21360,Niedersachsen,Niedersachsen,10.045
21365,Niedersachsen,Niedersachsen,10.045
21368,Niedersachsen,Niedersachsen,10.045
21369,Niedersachsen,Niedersachsen,10.045
21371,Niedersachsen,Niedersachsen,10.045
21376,Niedersachsen,Niedersachsen,10.045
21379,Niedersachsen,Niedersachsen,10.045
21380,Niedersachsen,Niedersachsen,10.045
21382,Niedersachsen,Niedersachsen,10.045
21385,Niedersachsen,Niedersachsen,10.045
21386,Niedersachsen,Niedersachsen,10.045
21388,Niedersachsen,Niedersachsen,10.045
21391,Niedersachsen,Niedersachsen,10.045
21394,Niedersachsen,Niedersachsen,10.045
21395,Niedersachsen,Niedersachsen,10.045
21397,Niedersachsen,Niedersachsen,10.045
21398,Niedersachsen,Niedersachsen,10.045
21400,Niedersachsen,Niedersachsen,10.045
21401,Niedersachsen,Niedersachsen,10.045
21403,Niedersachsen,Niedersachsen,10.045
21406,Niedersachsen,Niedersachsen,10.045
21407,Niedersachsen,Niedersachsen,10.045
21409,Niedersachsen,Niedersachsen,10.045
21421,Lower Saxony,Niedersachsen,10.045
21423,Niedersachsen,Niedersachsen,10.045
21435,Niedersachsen,Niedersachsen,10.045
21436,Niedersachsen,Niedersachsen,10.045
21438,Niedersachsen,Niedersachsen,10.045
21439,Niedersachsen,Niedersachsen,10.045
21441,Niedersachsen,Niedersachsen,10.045
21442,Niedersachsen,Niedersachsen,10.045
21444,Niedersachsen,Niedersachsen,10.045
21445,Niedersachsen,Niedersachsen,10.045
21447,Niedersachsen,Niedersachsen,10.045
21449,Niedersachsen,Niedersachsen,10.045
21462,Schleswig-Holstein,Schleswig-Holstein,9.66
21465,Schleswig-Holstein,Schleswig-Holstein,9.66
21481,Schleswig-Holstein,Schleswig-Holstein,9.66
21483,Schleswig-Holstein,Schleswig-Holstein,9.66
21493,Schleswig-Holstein,Schleswig-Holstein,9.66
21500,Schleswig-Holstein,Schleswig-Holstein,9.66
21502,Schleswig-Holstein,Schleswig-Holstein,9.66
21509,Schleswig-Holstein,Schleswig-Holstein,9.66
21514,Schleswig-Holstein,Schleswig-Holstein,9.66
21516,Schleswig-Holstein,Schleswig-Holstein,9.66
21521,Schleswig-Holstein,Schleswig-Holstein,9.66
21522,Niedersachsen,Niedersachsen,10.045
21524,Schleswig-Holstein,Schleswig-Holstein,9.66
21526,Schleswig-Holstein,Schleswig-Holstein,9.66
21527,Schleswig-Holstein,Schleswig-Holstein,9.66
21529,Schleswig-Holstein,Schleswig-Holstein,9.66
21614,Niedersachsen,Niedersachsen,10.045
21629,Niedersachsen,Niedersachsen,10.045
21635,Niedersachsen,Niedersachsen,10.045
21640,Niedersachsen,Niedersachsen,10.045
21641,Niedersachsen,Niedersachsen,10.045
21643,Niedersachsen,Niedersachsen,10.045
21644,Niedersachsen,Niedersachsen,10.045
21646,Niedersachsen,Niedersachsen,10.045
21647,Niedersachsen,Niedersachsen,10.045
21649,Niedersachsen,Niedersachsen,10.045
21676,Lower Saxony,Niedersachsen,10.045
21677,Lower Saxony,Niedersachsen,10.045
21680,Niedersachsen,Niedersachsen,10.045
21682,Niedersachsen,Niedersachsen,10.045
21683,Niedersachsen,Niedersachsen,10.045
21684,Niedersachsen,Niedersachsen,10.045
21698,Niedersachsen,Niedersachsen,10.045
21702,Niedersachsen,Niedersachsen,10.045
21706,Niedersachsen,Niedersachsen,10.045
21709,Niedersachsen,Niedersachsen,10.045
21710,Niedersachsen,Niedersachsen,10.045
21712,Niedersachsen,Niedersachsen,10.045
21714,Niedersachsen,Niedersachsen,10.045
21717,Niedersachsen,Niedersachsen,10.045
21720,Niedersachsen,Niedersachsen,10.045
21723,Niedersachsen,Niedersachsen,10.045
21726,Niedersachsen,Niedersachsen,10.045
21727,Niedersachsen,Niedersachsen,10.045
21729,Niedersachsen,Niedersachsen,10.045
21730,Niedersachsen,Niedersachsen,10.045
21732,Niedersachsen,Niedersachsen,10.045
21734,Niedersachsen,Niedersachsen,10.045
21737,Niedersachsen,Niedersachsen,10.045
21739,Niedersachsen,Niedersachsen,10.045
21745,Niedersachsen,Niedersachsen,10.045
21755,Niedersachsen,Niedersachsen,10.045
21756,Niedersachsen,Niedersachsen,10.045
21762,Niedersachsen,Niedersachsen,10.045
21763,Niedersachsen,Niedersachsen,10.045
21765,Niedersachsen,Niedersachsen,10.045
21769,Niedersachsen,Niedersachsen,10.045
21770,Niedersachsen,Niedersachsen,10.045
21772,Niedersachsen,Niedersachsen,10.045
21775,Niedersachsen,Niedersachsen,10.045
21776,Niedersachsen,Niedersachsen,10.045
21781,Niedersachsen,Niedersachsen,10.045
21782,Niedersachsen,Niedersachsen,10.045
21784,Niedersachsen,Niedersachsen,10.045
21785,Niedersachsen,Niedersachsen,10.045
21787,Niedersachsen,Niedersachsen,10.045
21789,Niedersachsen,Niedersachsen,10.045
22032,Hamburg,Hamburg,10.045
22033,Bavaria,Bayern,8.855
22034,Hamburg,Hamburg,10.045
22035,Hamburg,Hamburg,10.045
22036,Hamburg,Hamburg,10.045
22037,Hamburg,Hamburg,10.045
22039,Hamburg,Hamburg,10.045
22041,Hamburg,Hamburg,10.045
22043,Hamburg,Hamburg,10.045
22045,Hamburg,Hamburg,10.045
22047,Hamburg,Hamburg,10.045
22049,Hamburg,Hamburg,10.045
22078,Hamburg,Hamburg,10.045
22079,Hamburg,Hamburg,10.045
22081,Hamburg,Hamburg,10.045
22083,Hamburg,Hamburg,10.045
22085,Hamburg,Hamburg,10.045
22087,Hamburg,Hamburg,10.045
22089,Hamburg,Hamburg,10.045
22102,Hamburg,Hamburg,10.045
22111,Hamburg,Hamburg,10.045
22113,Schleswig-Holstein,Schleswig-Holstein,9.66
22115,Hamburg,Hamburg,10.045
22117,Hamburg,Hamburg,10.045
22119,Hamburg,Hamburg,10.045
22139,Schleswig-Holstein,Schleswig-Holstein,9.66
22140,Schleswig-Holstein,Schleswig-Holstein,9.66
22143,Hamburg,Hamburg,10.045
22145,Hamburg,Hamburg,10.045
22147,Hamburg,Hamburg,10.045
22149,Hamburg,Hamburg,10.045
22159,Hamburg,Hamburg,10.045
22175,Hamburg,Hamburg,10.045
22177,Hamburg,Hamburg,10.045
22179,Hamburg,Hamburg,10.045
22222,Hamburg,Hamburg,10.045
22276,Hamburg,Hamburg,10.045
22277,Hamburg,Hamburg,10.045
22278,Hamburg,Hamburg,10.045
22279,Hamburg,Hamburg,10.045
22280,Hamburg,Hamburg,10.045
22281,Hamburg,Hamburg,10.045
22282,Hamburg,Hamburg,10.045
22283,Hamburg,Hamburg,10.045
22284,Hamburg,Hamburg,10.045
22287,Hamburg,Hamburg,10.045
22288,Hamburg,Hamburg,10.045
22290,Hamburg,Hamburg,10.045
22291,Hamburg,Hamburg,10.045
22292,Hamburg,Hamburg,10.045
22293,Hamburg,Hamburg,10.045
22294,Hamburg,Hamburg,10.045
22297,Hamburg,Hamburg,10.045
22299,Hamburg,Hamburg,10.045
22301,Hamburg,Hamburg,10.045
22303,Hamburg,Hamburg,10.045
22305,Hamburg,Hamburg,10.045
22307,Hamburg,Hamburg,10.045
22309,Hamburg,Hamburg,10.045
22331,Hamburg,Hamburg,10.045
22332,Hamburg,Hamburg,10.045
22335,Hamburg,Hamburg,10.045
22337,Hamburg,Hamburg,10.045
22339,Hamburg,Hamburg,10.045
22357,Hamburg,Hamburg,10.045
22359,Hamburg,Hamburg,10.045
22389,Hamburg,Hamburg,10.045
22391,Hamburg,Hamburg,10.045
22393,Hamburg,Hamburg,10.045
22395,Hamburg,Hamburg,10.045
22397,Hamburg,Hamburg,10.045
22399,Hamburg,Hamburg,10.045
22413,Hamburg,Hamburg,10.045
22415,Hamburg,Hamburg,10.045
22417,Hamburg,Hamburg,10.045
22419,Hamburg,Hamburg,10.045
22451,Hamburg,Hamburg,10.045
22453,Hamburg,Hamburg,10.045
22455,Hamburg,Hamburg,10.045
22457,Hamburg,Hamburg,10.045
22459,Hamburg,Hamburg,10.045
22520,Hamburg,Hamburg,10.045
22521,Hamburg,Hamburg,10.045
22523,Hamburg,Hamburg,10.045
22525,Hamburg,Hamburg,10.045
22527,Hamburg,Hamburg,10.045
22529,Hamburg,Hamburg,10.045
22545,Hamburg,Hamburg,10.045
22547,Hamburg,Hamburg,10.045
22549,Hamburg,Hamburg,10.045
22557,Hamburg,Hamburg,10.045
22559,Hamburg,Hamburg,10.045
22585,Hamburg,Hamburg,10.045
22587,Hamburg,Hamburg,10.045
22589,Hamburg,Hamburg,10.045
22603,Hamburg,Hamburg,10.045
22605,Hamburg,Hamburg,10.045
22607,Hamburg,Hamburg,10.045
22609,Hamburg,Hamburg,10.045
22743,Hamburg,Hamburg,10.045
22744,Hamburg,Hamburg,10.045
22745,Hamburg,Hamburg,10.045
22746,Hamburg,Hamburg,10.045
22747,Hamburg,Hamburg,10.045
22748,Hamburg,Hamburg,10.045
22750,Hamburg,Hamburg,10.045
22754,Hamburg,Hamburg,10.045
22755,Hamburg,Hamburg,10.045
22756,Hamburg,Hamburg,10.045
22758,Hamburg,Hamburg,10.045
22761,Hamburg,Hamburg,10.045
22763,Hamburg,Hamburg,10.045
22765,Hamburg,Hamburg,10.045
22767,Hamburg,Hamburg,10.045
22769,Hamburg,Hamburg,10.045
22776,Hamburg,Hamburg,10.045
22777,Hamburg,Hamburg,10.045
22778,Hamburg,Hamburg,10.045
22779,Hamburg,Hamburg,10.045
22780,Hessen,Hessen,9.555
22781,Baden-Württemberg,Baden-Württemberg,9.35
22782,Hamburg,Hamburg,10.045
22783,Hamburg,Hamburg,10.045
22785,Hamburg,Hamburg,10.045
22787,Hamburg,Hamburg,10.045
22788,Hamburg,Hamburg,10.045
22789,Hamburg,Hamburg,10.045
22790,Hamburg,Hamburg,10.045
22791,Hamburg,Hamburg,10.045
22792,Hamburg,Hamburg,10.045
22794,Hamburg,Hamburg,10.045
22795,Hamburg,Hamburg,10.045
22796,Hamburg,Hamburg,10.045
22797,Hamburg,Hamburg,10.045
22799,Hamburg,Hamburg,10.045
22839,Schleswig-Holstein,Schleswig-Holstein,9.66
22841,Schleswig-Holstein,Schleswig-Holstein,9.66
22842,Schleswig-Holstein,Schleswig-Holstein,9.66
22844,Schleswig-Holstein,Schleswig-Holstein,9.66
22846,Schleswig-Holstein,Schleswig-Holstein,9.66
22848,Schleswig-Holstein,Schleswig-Holstein,9.66
22850,Schleswig-Holstein,Schleswig-Holstein,9.66
22851,Schleswig-Holstein,Schleswig-Holstein,9.66
22865,Schleswig-Holstein,Schleswig-Holstein,9.66
22866,Hamburg,Hamburg,10.045
22867,Schleswig-Holstein,Schleswig-Holstein,9.66
22869,Schleswig-Holstein,Schleswig-Holstein,9.66
22876,Schleswig-Holstein,Schleswig-Holstein,9.66
22880,Schleswig-Holstein,Schleswig-Holstein,9.66
22885,Schleswig-Holstein,Schleswig-Holstein,9.66
22889,Schleswig-Holstein,Schleswig-Holstein,9.66
22923,Schleswig-Holstein,Schleswig-Holstein,9.66
22926,Schleswig-Holstein,Schleswig-Holstein,9.66
22927,Schleswig-Holstein,Schleswig-Holstein,9.66
22929,Schleswig-Holstein,Schleswig-Holstein,9.66
22939,Schleswig-Holstein,Schleswig-Holstein,9.66
22941,Schleswig-Holstein,Schleswig-Holstein,9.66
22946,Schleswig-Holstein,Schleswig-Holstein,9.66
22949,Schleswig-Holstein,Schleswig-Holstein,9.66
22952,Schleswig-Holstein,Schleswig-Holstein,9.66
22955,Schleswig-Holstein,Schleswig-Holstein,9.66
22956,Schleswig-Holstein,Schleswig-Holstein,9.66
22958,Schleswig-Holstein,Schleswig-Holstein,9.66
22959,Schleswig-Holstein,Schleswig-Holstein,9.66
22962,Schleswig-Holstein,Schleswig-Holstein,9.66
22964,Schleswig-Holstein,Schleswig-Holstein,9.66
22965,Schleswig-Holstein,Schleswig-Holstein,9.66
22967,Schleswig-Holstein,Schleswig-Holstein,9.66
22969,Schleswig-Holstein,Schleswig-Holstein,9.66
23533,Schleswig-Holstein,Schleswig-Holstein,9.66
23538,Schleswig-Holstein,Schleswig-Holstein,9.66
23539,Schleswig-Holstein,Schleswig-Holstein,9.66
23540,Schleswig-Holstein,Schleswig-Holstein,9.66
23541,Schleswig-Holstein,Schleswig-Holstein,9.66
23542,Schleswig-Holstein,Schleswig-Holstein,9.66
23543,Schleswig-Holstein,Schleswig-Holstein,9.66
23544,Schleswig-Holstein,Schleswig-Holstein,9.66
23546,Schleswig-Holstein,Schleswig-Holstein,9.66
23547,Schleswig-Holstein,Schleswig-Holstein,9.66
23552,Schleswig-Holstein,Schleswig-Holstein,9.66
23554,Schleswig-Holstein,Schleswig-Holstein,9.66
23556,Schleswig-Holstein,Schleswig-Holstein,9.66
23558,Schleswig-Holstein,Schleswig-Holstein,9.66
23560,Schleswig-Holstein,Schleswig-Holstein,9.66
23562,Schleswig-Holstein,Schleswig-Holstein,9.66
23564,Schleswig-Holstein,Schleswig-Holstein,9.66
23566,Schleswig-Holstein,Schleswig-Holstein,9.66
23568,Schleswig-Holstein,Schleswig-Holstein,9.66
23569,Schleswig-Holstein,Schleswig-Holstein,9.66
23570,Schleswig-Holstein,Schleswig-Holstein,9.66
23590,Schleswig-Holstein,Schleswig-Holstein,9.66
23611,Schleswig-Holstein,Schleswig-Holstein,9.66
23615,Schleswig-Holstein,Schleswig-Holstein,9.66
23616,Schleswig-Holstein,Schleswig-Holstein,9.66
23617,Schleswig-Holstein,Schleswig-Holstein,9.66
23619,Schleswig-Holstein,Schleswig-Holstein,9.66
23623,Schleswig-Holstein,Schleswig-Holstein,9.66
23626,Schleswig-Holstein,Schleswig-Holstein,9.66
23627,Schleswig-Holstein,Schleswig-Holstein,9.66
23628,Schleswig-Holstein,Schleswig-Holstein,9.66
23629,Schleswig-Holstein,Schleswig-Holstein,9.66
23669,Schleswig-Holstein,Schleswig-Holstein,9.66
23683,Schleswig-Holstein,Schleswig-Holstein,9.66
23684,Schleswig-Holstein,Schleswig-Holstein,9.66
23689,Schleswig-Holstein,Schleswig-Holstein,9.66
23701,Schleswig-Holstein,Schleswig-Holstein,9.66
23714,Schleswig-Holstein,Schleswig-Holstein,9.66
23715,Schleswig-Holstein,Schleswig-Holstein,9.66
23717,Schleswig-Holstein,Schleswig-Holstein,9.66
23719,Schleswig-Holstein,Schleswig-Holstein,9.66
23730,Schleswig-Holstein,Schleswig-Holstein,9.66
23738,Schleswig-Holstein,Schleswig-Holstein,9.66
23743,Schleswig-Holstein,Schleswig-Holstein,9.66
23744,Schleswig-Holstein,Schleswig-Holstein,9.66
23746,Schleswig-Holstein,Schleswig-Holstein,9.66
23747,Schleswig-Holstein,Schleswig-Holstein,9.66
23749,Schleswig-Holstein,Schleswig-Holstein,9.66
23758,Schleswig-Holstein,Schleswig-Holstein,9.66
23769,Schleswig-Holstein,Schleswig-Holstein,9.66
23774,Schleswig-Holstein,Schleswig-Holstein,9.66
23775,Schleswig-Holstein,Schleswig-Holstein,9.66
23777,Schleswig-Holstein,Schleswig-Holstein,9.66
23779,Schleswig-Holstein,Schleswig-Holstein,9.66
23791,Schleswig-Holstein,Schleswig-Holstein,9.66
23792,Schleswig-Holstein,Schleswig-Holstein,9.66
23795,Schleswig-Holstein,Schleswig-Holstein,9.66
23812,Schleswig-Holstein,Schleswig-Holstein,9.66
23813,Schleswig-Holstein,Schleswig-Holstein,9.66
23815,Schleswig-Holstein,Schleswig-Holstein,9.66
23816,Schleswig-Holstein,Schleswig-Holstein,9.66
23818,Schleswig-Holstein,Schleswig-Holstein,9.66
23820,Schleswig-Holstein,Schleswig-Holstein,9.66
23821,Schleswig-Holstein,Schleswig-Holstein,9.66
23823,Schleswig-Holstein,Schleswig-Holstein,9.66
23824,Schleswig-Holstein,Schleswig-Holstein,9.66
23826,Schleswig-Holstein,Schleswig-Holstein,9.66
23827,Schleswig-Holstein,Schleswig-Holstein,9.66
23829,Schleswig-Holstein,Schleswig-Holstein,9.66
23840,Schleswig-Holstein,Schleswig-Holstein,9.66
23841,Schleswig-Holstein,Schleswig-Holstein,9.66
23843,Schleswig-Holstein,Schleswig-Holstein,9.66
23845,Schleswig-Holstein,Schleswig-Holstein,9.66
23847,Schleswig-Holstein,Schleswig-Holstein,9.66
23858,Schleswig-Holstein,Schleswig-Holstein,9.66
23860,Schleswig-Holstein,Schleswig-Holstein,9.66
23863,Schleswig-Holstein,Schleswig-Holstein,9.66
23864,Schleswig-Holstein,Schleswig-Holstein,9.66
23866,Schleswig-Holstein,Schleswig-Holstein,9.66
23867,Schleswig-Holstein,Schleswig-Holstein,9.66
23869,Schleswig-Holstein,Schleswig-Holstein,9.66
23879,Schleswig-Holstein,Schleswig-Holstein,9.66
23881,Schleswig-Holstein,Schleswig-Holstein,9.66
23883,Schleswig-Holstein,Schleswig-Holstein,9.66
23896,Schleswig-Holstein,Schleswig-Holstein,9.66
23898,Schleswig-Holstein,Schleswig-Holstein,9.66
23899,Schleswig-Holstein,Schleswig-Holstein,9.66
23909,Schleswig-Holstein,Schleswig-Holstein,9.66
23911,Schleswig-Holstein,Schleswig-Holstein,9.66
23919,Schleswig-Holstein,Schleswig-Holstein,9.66
23923,Mecklenburg-Vorpommern,Mecklenburg-Vorpommern,9.69
23935,Mecklenburg-Western Pomerania,Mecklenburg-Vorpommern,9.69
23936,Mecklenburg-Vorpommern,Mecklenburg-Vorpommern,9.69
23942,Mecklenburg-Vorpommern,Mecklenburg-Vorpommern,9.69
23944,Mecklenburg-Vorpommern,Mecklenburg-Vorpommern,9.69
23946,Mecklenburg-Vorpommern,Mecklenburg-Vorpommern,9.69
23948,Mecklenburg-Vorpommern,Mecklenburg-Vorpommern,9.69
23952,Mecklenburg-Vorpommern,Mecklenburg-Vorpommern,9.69
23966,Mecklenburg-Vorpommern,Mecklenburg-Vorpommern,9.69
23968,Mecklenburg-Vorpommern,Mecklenburg-Vorpommern,9.69
23970,Mecklenburg-Vorpommern,Mecklenburg-Vorpommern,9.69
23972,Mecklenburg-Vorpommern,Mecklenburg-Vorpommern,9.69
23974,Mecklenburg-Vorpommern,Mecklenburg-Vorpommern,9.69
23992,Mecklenburg-Vorpommern,Mecklenburg-Vorpommern,9.69
23996,Mecklenburg-Vorpommern,Mecklenburg-Vorpommern,9.69
23999,Mecklenburg-Vorpommern,Mecklenburg-Vorpommern,9.69
24088,Schleswig-Holstein,Schleswig-Holstein,9.66
24090,Schleswig-Holstein,Schleswig-Holstein,9.66
24091,Schleswig-Holstein,Schleswig-Holstein,9.66
24094,Schleswig-Holstein,Schleswig-Holstein,9.66
24095,Schleswig-Holstein,Schleswig-Holstein,9.66
24096,Schleswig-Holstein,Schleswig-Holstein,9.66
24097,Schleswig-Holstein,Schleswig-Holstein,9.66
24098,Schleswig-Holstein,Schleswig-Holstein,9.66
24099,Schleswig-Holstein,Schleswig-Holstein,9.66
24100,Schleswig-Holstein,Schleswig-Holstein,9.66
24103,Schleswig-Holstein,Schleswig-Holstein,9.66
24105,Schleswig-Holstein,Schleswig-Holstein,9.66
24106,Schleswig-Holstein,Schleswig-Holstein,9.66
24107,Schleswig-Holstein,Schleswig-Holstein,9.66
24109,Schleswig-Holstein,Schleswig-Holstein,9.66
24111,Schleswig-Holstein,Schleswig-Holstein,9.66
24113,Schleswig-Holstein,Schleswig-Holstein,9.66
24114,Schleswig-Holstein,Schleswig-Holstein,9.66
24116,Schleswig-Holstein,Schleswig-Holstein,9.66
24118,Schleswig-Holstein,Schleswig-Holstein,9.66
24119,Schleswig-Holstein,Schleswig-Holstein,9.66
24130,Schleswig-Holstein,Schleswig-Holstein,9.66
24131,Schleswig-Holstein,Schleswig-Holstein,9.66
24143,Schleswig-Holstein,Schleswig-Holstein,9.66
24145,Schleswig-Holstein,Schleswig-Holstein,9.66
24146,Schleswig-Holstein,Schleswig-Holstein,9.66
24147,Schleswig-Holstein,Schleswig-Holstein,9.66
24148,Schleswig-Holstein,Schleswig-Holstein,9.66
24149,Schleswig-Holstein,Schleswig-Holstein,9.66
24159,Schleswig-Holstein,Schleswig-Holstein,9.66
24161,Schleswig-Holstein,Schleswig-Holstein,9.66
24180,Schleswig-Holstein,Schleswig-Holstein,9.66
24211,Schleswig-Holstein,Schleswig-Holstein,9.66
24214,Schleswig-Holstein,Schleswig-Holstein,9.66
24217,Schleswig-Holstein,Schleswig-Holstein,9.66
24220,Schleswig-Holstein,Schleswig-Holstein,9.66
24222,Schleswig-Holstein,Schleswig-Holstein,9.66
24223,Schleswig-Holstein,Schleswig-Holstein,9.66
24226,Schleswig-Holstein,Schleswig-Holstein,9.66
24229,Schleswig-Holstein,Schleswig-Holstein,9.66
24232,Schleswig-Holstein,Schleswig-Holstein,9.66
24235,Schleswig-Holstein,Schleswig-Holstein,9.66
24238,Schleswig-Holstein,Schleswig-Holstein,9.66
24239,Schleswig-Holstein,Schleswig-Holstein,9.66
24241,Schleswig-Holstein,Schleswig-Holstein,9.66
24242,Schleswig-Holstein,Schleswig-Holstein,9.66
24244,Schleswig-Holstein,Schleswig-Holstein,9.66
24245,Schleswig-Holstein,Schleswig-Holstein,9.66
24247,Schleswig-Holstein,Schleswig-Holstein,9.66
24248,Schleswig-Holstein,Schleswig-Holstein,9.66
24250,Schleswig-Holstein,Schleswig-Holstein,9.66
24251,Schleswig-Holstein,Schleswig-Holstein,9.66
24253,Schleswig-Holstein,Schleswig-Holstein,9.66
24254,Schleswig-Holstein,Schleswig-Holstein,9.66
24256,Schleswig-Holstein,Schleswig-Holstein,9.66
24257,Schleswig-Holstein,Schleswig-Holstein,9.66
24259,Schleswig-Holstein,Schleswig-Holstein,9.66
24300,Schleswig-Holstein,Schleswig-Holstein,9.66
24306,Schleswig-Holstein,Schleswig-Holstein,9.66
24321,Schleswig-Holstein,Schleswig-Holstein,9.66
24326,Schleswig-Holstein,Schleswig-Holstein,9.66
24327,Schleswig-Holstein,Schleswig-Holstein,9.66
24329,Schleswig-Holstein,Schleswig-Holstein,9.66
24340,Schleswig-Holstein,Schleswig-Holstein,9.66
24349,Schleswig-Holstein,Schleswig-Holstein,9.66
24351,Schleswig-Holstein,Schleswig-Holstein,9.66
24354,Schleswig-Holstein,Schleswig-Holstein,9.66
24357,Schleswig-Holstein,Schleswig-Holstein,9.66
24358,Schleswig-Holstein,Schleswig-Holstein,9.66
24360,Schleswig-Holstein,Schleswig-Holstein,9.66
24361,Schleswig-Holstein,Schleswig-Holstein,9.66
24363,Schleswig-Holstein,Schleswig-Holstein,9.66
24364,Schleswig-Holstein,Schleswig-Holstein,9.66
24366,Schleswig-Holstein,Schleswig-Holstein,9.66
24367,Schleswig-Holstein,Schleswig-Holstein,9.66
24369,Schleswig-Holstein,Schleswig-Holstein,9.66
24376,Schleswig-Holstein,Schleswig-Holstein,9.66
24392,Schleswig-Holstein,Schleswig-Holstein,9.66
24395,Schleswig-Holstein,Schleswig-Holstein,9.66
24398,Schleswig-Holstein,Schleswig-Holstein,9.66
24399,Schleswig-Holstein,Schleswig-Holstein,9.66
24401,Schleswig-Holstein,Schleswig-Holstein,9.66
24402,Schleswig-Holstein,Schleswig-Holstein,9.66
24404,Schleswig-Holstein,Schleswig-Holstein,9.66
24405,Schleswig-Holstein,Schleswig-Holstein,9.66
24407,Schleswig-Holstein,Schleswig-Holstein,9.66
24409,Schleswig-Holstein,Schleswig-Holstein,9.66
24530,Schleswig-Holstein,Schleswig-Holstein,9.66
24531,Schleswig-Holstein,Schleswig-Holstein,9.66
24534,Schleswig-Holstein,Schleswig-Holstein,9.66
24536,Schleswig-Holstein,Schleswig-Holstein,9.66
24537,Schleswig-Holstein,Schleswig-Holstein,9.66
24539,Schleswig-Holstein,Schleswig-Holstein,9.66
24558,Schleswig-Holstein,Schleswig-Holstein,9.66
24568,Schleswig-Holstein,Schleswig-Holstein,9.66
24576,Schleswig-Holstein,Schleswig-Holstein,9.66
24582,Schleswig-Holstein,Schleswig-Holstein,9.66
24589,Schleswig-Holstein,Schleswig-Holstein,9.66
24594,Schleswig-Holstein,Schleswig-Holstein,9.66
24598,Schleswig-Holstein,Schleswig-Holstein,9.66
24601,Schleswig-Holstein,Schleswig-Holstein,9.66
24610,Schleswig-Holstein,Schleswig-Holstein,9.66
24613,Schleswig-Holstein,Schleswig-Holstein,9.66
24616,Schleswig-Holstein,Schleswig-Holstein,9.66
24619,Schleswig-Holstein,Schleswig-Holstein,9.66
24620,Schleswig-Holstein,Schleswig-Holstein,9.66
24622,Schleswig-Holstein,Schleswig-Holstein,9.66
24623,Schleswig-Holstein,Schleswig-Holstein,9.66
24625,Schleswig-Holstein,Schleswig-Holstein,9.66
24626,Schleswig-Holstein,Schleswig-Holstein,9.66
24628,Schleswig-Holstein,Schleswig-Holstein,9.66
24629,Schleswig-Holstein,Schleswig-Holstein,9.66
24631,Schleswig-Holstein,Schleswig-Holstein,9.66
24632,Schleswig-Holstein,Schleswig-Holstein,9.66
24634,Schleswig-Holstein,Schleswig-Holstein,9.66
24635,Schleswig-Holstein,Schleswig-Holstein,9.66
24637,Schleswig-Holstein,Schleswig-Holstein,9.66
24638,Schleswig-Holstein,Schleswig-Holstein,9.66
24640,Schleswig-Holstein,Schleswig-Holstein,9.66
24641,Schleswig-Holstein,Schleswig-Holstein,9.66
24643,Schleswig-Holstein,Schleswig-Holstein,9.66
24644,Schleswig-Holstein,Schleswig-Holstein,9.66
24646,Schleswig-Holstein,Schleswig-Holstein,9.66
24647,Schleswig-Holstein,Schleswig-Holstein,9.66
24649,Schleswig-Holstein,Schleswig-Holstein,9.66
24768,Schleswig-Holstein,Schleswig-Holstein,9.66
24782,Schleswig-Holstein,Schleswig-Holstein,9.66
24783,Schleswig-Holstein,Schleswig-Holstein,9.66
24784,Schleswig-Holstein,Schleswig-Holstein,9.66
24787,Schleswig-Holstein,Schleswig-Holstein,9.66
24790,Schleswig-Holstein,Schleswig-Holstein,9.66
24791,Schleswig-Holstein,Schleswig-Holstein,9.66
24793,Schleswig-Holstein,Schleswig-Holstein,9.66
24794,Schleswig-Holstein,Schleswig-Holstein,9.66
24796,Schleswig-Holstein,Schleswig-Holstein,9.66
24797,Schleswig-Holstein,Schleswig-Holstein,9.66
24799,Schleswig-Holstein,Schleswig-Holstein,9.66
24800,Schleswig-Holstein,Schleswig-Holstein,9.66
24802,Schleswig-Holstein,Schleswig-Holstein,9.66
24803,Schleswig-Holstein,Schleswig-Holstein,9.66
24805,Schleswig-Holstein,Schleswig-Holstein,9.66
24806,Schleswig-Holstein,Schleswig-Holstein,9.66
24808,Schleswig-Holstein,Schleswig-Holstein,9.66
24809,Schleswig-Holstein,Schleswig-Holstein,9.66
24811,Schleswig-Holstein,Schleswig-Holstein,9.66
24813,Schleswig-Holstein,Schleswig-Holstein,9.66
24814,Schleswig-Holstein,Schleswig-Holstein,9.66
24816,Schleswig-Holstein,Schleswig-Holstein,9.66
24817,Schleswig-Holstein,Schleswig-Holstein,9.66
24819,Schleswig-Holstein,Schleswig-Holstein,9.66
24837,Schleswig-Holstein,Schleswig-Holstein,9.66
24848,Schleswig-Holstein,Schleswig-Holstein,9.66
24850,Schleswig-Holstein,Schleswig-Holstein,9.66
24852,Schleswig-Holstein,Schleswig-Holstein,9.66
24855,Schleswig-Holstein,Schleswig-Holstein,9.66
24857,Schleswig-Holstein,Schleswig-Holstein,9.66
24860,Schleswig-Holstein,Schleswig-Holstein,9.66
24861,Schleswig-Holstein,Schleswig-Holstein,9.66
24863,Schleswig-Holstein,Schleswig-Holstein,9.66
24864,Schleswig-Holstein,Schleswig-Holstein,9.66
24866,Schleswig-Holstein,Schleswig-Holstein,9.66
24867,Schleswig-Holstein,Schleswig-Holstein,9.66
24869,Schleswig-Holstein,Schleswig-Holstein,9.66
24870,Schleswig-Holstein,Schleswig-Holstein,9.66
24872,Schleswig-Holstein,Schleswig-Holstein,9.66
24873,Schleswig-Holstein,Schleswig-Holstein,9.66
24875,Schleswig-Holstein,Schleswig-Holstein,9.66
24876,Schleswig-Holstein,Schleswig-Holstein,9.66
24878,Schleswig-Holstein,Schleswig-Holstein,9.66
24879,Schleswig-Holstein,Schleswig-Holstein,9.66
24881,Schleswig-Holstein,Schleswig-Holstein,9.66
24882,Schleswig-Holstein,Schleswig-Holstein,9.66
24884,Schleswig-Holstein,Schleswig-Holstein,9.66
24885,Schleswig-Holstein,Schleswig-Holstein,9.66
24887,Schleswig-Holstein,Schleswig-Holstein,9.66
24888,Schleswig-Holstein,Schleswig-Holstein,9.66
24890,Schleswig-Holstein,Schleswig-Holstein,9.66
24891,Schleswig-Holstein,Schleswig-Holstein,9.66
24893,Schleswig-Holstein,Schleswig-Holstein,9.66
24894,Schleswig-Holstein,Schleswig-Holstein,9.66
24896,Schleswig-Holstein,Schleswig-Holstein,9.66
24897,Schleswig-Holstein,Schleswig-Holstein,9.66
24899,Schleswig-Holstein,Schleswig-Holstein,9.66
24927,Schleswig-Holstein,Schleswig-Holstein,9.66
24930,Schleswig-Holstein,Schleswig-Holstein,9.66
24932,Schleswig-Holstein,Schleswig-Holstein,9.66
24933,Schleswig-Holstein,Schleswig-Holstein,9.66
24937,Schleswig-Holstein,Schleswig-Holstein,9.66
24939,Schleswig-Holstein,Schleswig-Holstein,9.66
24941,Schleswig-Holstein,Schleswig-Holstein,9.66
24943,Schleswig-Holstein,Schleswig-Holstein,9.66
24944,Schleswig-Holstein,Schleswig-Holstein,9.66
24945,Schleswig-Holstein,Schleswig-Holstein,9.66
24955,Schleswig-Holstein,Schleswig-Holstein,9.66
24960,Schleswig-Holstein,Schleswig-Holstein,9.66
24963,Schleswig-Holstein,Schleswig-Holstein,9.66
24966,Schleswig-Holstein,Schleswig-Holstein,9.66
24969,Schleswig-Holstein,Schleswig-Holstein,9.66
24972,Schleswig-Holstein,Schleswig-Holstein,9.66
24975,Schleswig-Holstein,Schleswig-Holstein,9.66
24976,Schleswig-Holstein,Schleswig-Holstein,9.66
24977,Schleswig-Holstein,Schleswig-Holstein,9.66
24980,Schleswig-Holstein,Schleswig-Holstein,9.66
24983,Schleswig-Holstein,Schleswig-Holstein,9.66
24986,Schleswig-Holstein,Schleswig-Holstein,9.66
24988,Schleswig-Holstein,Schleswig-Holstein,9.66
24989,Schleswig-Holstein,Schleswig-Holstein,9.66
24991,Schleswig-Holstein,Schleswig-Holstein,9.66
24992,Schleswig-Holstein,Schleswig-Holstein,9.66
24994,Schleswig-Holstein,Schleswig-Holstein,9.66
24996,Schleswig-Holstein,Schleswig-Holstein,9.66
24997,Schleswig-Holstein,Schleswig-Holstein,9.66
24999,Schleswig-Holstein,Schleswig-Holstein,9.66
25320,Schleswig-Holstein,Schleswig-Holstein,9.66
25333,Schleswig-Holstein,Schleswig-Holstein,9.66
25335,Schleswig-Holstein,Schleswig-Holstein,9.66
25336,Schleswig-Holstein,Schleswig-Holstein,9.66
25337,Schleswig-Holstein,Schleswig-Holstein,9.66
25348,Schleswig-Holstein,Schleswig-Holstein,9.66
25355,Schleswig-Holstein,Schleswig-Holstein,9.66
25358,Schleswig-Holstein,Schleswig-Holstein,9.66
25361,Schleswig-Holstein,Schleswig-Holstein,9.66
25364,Schleswig-Holstein,Schleswig-Holstein,9.66
25365,Schleswig-Holstein,Schleswig-Holstein,9.66
25368,Schleswig-Holstein,Schleswig-Holstein,9.66
25370,Schleswig-Holstein,Schleswig-Holstein,9.66
25371,Schleswig-Holstein,Schleswig-Holstein,9.66
25373,Schleswig-Holstein,Schleswig-Holstein,9.66
25376,Schleswig-Holstein,Schleswig-Holstein,9.66
25377,Schleswig-Holstein,Schleswig-Holstein,9.66
25379,Schleswig-Holstein,Schleswig-Holstein,9.66
25389,Schleswig-Holstein,Schleswig-Holstein,9.66
25392,Schleswig-Holstein,Schleswig-Holstein,9.66
25404,Schleswig-Holstein,Schleswig-Holstein,9.66
25421,Schleswig-Holstein,Schleswig-Holstein,9.66
25429,Schleswig-Holstein,Schleswig-Holstein,9.66
25436,Schleswig-Holstein,Schleswig-Holstein,9.66
25437,Schleswig-Holstein,Schleswig-Holstein,9.66
25450,Schleswig-Holstein,Schleswig-Holstein,9.66
25451,Schleswig-Holstein,Schleswig-Holstein,9.66
25462,Schleswig-Holstein,Schleswig-Holstein,9.66
25469,Schleswig-Holstein,Schleswig-Holstein,9.66
25474,Schleswig-Holstein,Schleswig-Holstein,9.66
25479,Schleswig-Holstein,Schleswig-Holstein,9.66
25482,Schleswig-Holstein,Schleswig-Holstein,9.66
25485,Schleswig-Holstein,Schleswig-Holstein,9.66
25486,Schleswig-Holstein,Schleswig-Holstein,9.66
25488,Schleswig-Holstein,Schleswig-Holstein,9.66
25489,Schleswig-Holstein,Schleswig-Holstein,9.66
25491,Schleswig-Holstein,Schleswig-Holstein,9.66
25492,Schleswig-Holstein,Schleswig-Holstein,9.66
25494,Schleswig-Holstein,Schleswig-Holstein,9.66
25495,Schleswig-Holstein,Schleswig-Holstein,9.66
25497,Schleswig-Holstein,Schleswig-Holstein,9.66
25499,Schleswig-Holstein,Schleswig-Holstein,9.66
25518,Schleswig-Holstein,Schleswig-Holstein,9.66
25520,Schleswig-Holstein,Schleswig-Holstein,9.66
25521,Schleswig-Holstein,Schleswig-Holstein,9.66
25522,Schleswig-Holstein,Schleswig-Holstein,9.66
25524,Schleswig-Holstein,Schleswig-Holstein,9.66
25541,Schleswig-Holstein,Schleswig-Holstein,9.66
25548,Schleswig-Holstein,Schleswig-Holstein,9.66
25551,Schleswig-Holstein,Schleswig-Holstein,9.66
25554,Schleswig-Holstein,Schleswig-Holstein,9.66
25557,Schleswig-Holstein,Schleswig-Holstein,9.66
25560,Schleswig-Holstein,Schleswig-Holstein,9.66
25563,Schleswig-Holstein,Schleswig-Holstein,9.66
25566,Schleswig-Holstein,Schleswig-Holstein,9.66
25569,Schleswig-Holstein,Schleswig-Holstein,9.66
25572,Schleswig-Holstein,Schleswig-Holstein,9.66
25573,Schleswig-Holstein,Schleswig-Holstein,9.66
25575,Schleswig-Holstein,Schleswig-Holstein,9.66
25576,Schleswig-Holstein,Schleswig-Holstein,9.66
25578,Schleswig-Holstein,Schleswig-Holstein,9.66
25579,Schleswig-Holstein,Schleswig-Holstein,9.66
25581,Schleswig-Holstein,Schleswig-Holstein,9.66
25582,Schleswig-Holstein,Schleswig-Holstein,9.66
25584,Schleswig-Holstein,Schleswig-Holstein,9.66
25585,Schleswig-Holstein,Schleswig-Holstein,9.66
25587,Schleswig-Holstein,Schleswig-Holstein,9.66
25588,Schleswig-Holstein,Schleswig-Holstein,9.66
25590,Schleswig-Holstein,Schleswig-Holstein,9.66
25591,Schleswig-Holstein,Schleswig-Holstein,9.66
25593,Schleswig-Holstein,Schleswig-Holstein,9.66
25594,Schleswig-Holstein,Schleswig-Holstein,9.66
25596,Schleswig-Holstein,Schleswig-Holstein,9.66
25597,Schleswig-Holstein,Schleswig-Holstein,9.66
25599,Schleswig-Holstein,Schleswig-Holstein,9.66
25693,Schleswig-Holstein,Schleswig-Holstein,9.66
25704,Schleswig-Holstein,Schleswig-Holstein,9.66
25709,Schleswig-Holstein,Schleswig-Holstein,9.66
25712,Schleswig-Holstein,Schleswig-Holstein,9.66
25715,Schleswig-Holstein,Schleswig-Holstein,9.66
25718,Schleswig-Holstein,Schleswig-Holstein,9.66
25719,Schleswig-Holstein,Schleswig-Holstein,9.66
25721,Schleswig-Holstein,Schleswig-Holstein,9.66
25724,Schleswig-Holstein,Schleswig-Holstein,9.66
25725,Schleswig-Holstein,Schleswig-Holstein,9.66
25727,Schleswig-Holstein,Schleswig-Holstein,9.66
25729,Schleswig-Holstein,Schleswig-Holstein,9.66
25742,Schleswig-Holstein,Schleswig-Holstein,9.66
25744,Schleswig-Holstein,Schleswig-Holstein,9.66
25746,Schleswig-Holstein,Schleswig-Holstein,9.66
25761,Schleswig-Holstein,Schleswig-Holstein,9.66
25764,Schleswig-Holstein,Schleswig-Holstein,9.66
25767,Schleswig-Holstein,Schleswig-Holstein,9.66
25770,Schleswig-Holstein,Schleswig-Holstein,9.66
25774,Schleswig-Holstein,Schleswig-Holstein,9.66
25776,Schleswig-Holstein,Schleswig-Holstein,9.66
25779,Schleswig-Holstein,Schleswig-Holstein,9.66
25782,Schleswig-Holstein,Schleswig-Holstein,9.66
25785,Schleswig-Holstein,Schleswig-Holstein,9.66
25786,Schleswig-Holstein,Schleswig-Holstein,9.66
25788,Schleswig-Holstein,Schleswig-Holstein,9.66
25791,Schleswig-Holstein,Schleswig-Holstein,9.66
25792,Schleswig-Holstein,Schleswig-Holstein,9.66
25794,Schleswig-Holstein,Schleswig-Holstein,9.66
25795,Schleswig-Holstein,Schleswig-Holstein,9.66
25797,Schleswig-Holstein,Schleswig-Holstein,9.66
25799,Schleswig-Holstein,Schleswig-Holstein,9.66
25813,Schleswig-Holstein,Schleswig-Holstein,9.66
25821,Schleswig-Holstein,Schleswig-Holstein,9.66
25826,Schleswig-Holstein,Schleswig-Holstein,9.66
25832,Schleswig-Holstein,Schleswig-Holstein,9.66
25836,Schleswig-Holstein,Schleswig-Holstein,9.66
25840,Schleswig-Holstein,Schleswig-Holstein,9.66
25842,Schleswig-Holstein,Schleswig-Holstein,9.66
25845,Schleswig-Holstein,Schleswig-Holstein,9.66
25849,Schleswig-Holstein,Schleswig-Holstein,9.66
25850,Schleswig-Holstein,Schleswig-Holstein,9.66
25852,Schleswig-Holstein,Schleswig-Holstein,9.66
25853,Schleswig-Holstein,Schleswig-Holstein,9.66
25855,Schleswig-Holstein,Schleswig-Holstein,9.66
25856,Schleswig-Holstein,Schleswig-Holstein,9.66
25858,Schleswig-Holstein,Schleswig-Holstein,9.66
25859,Schleswig-Holstein,Schleswig-Holstein,9.66
25860,Schleswig-Holstein,Schleswig-Holstein,9.66
25862,Schleswig-Holstein,Schleswig-Holstein,9.66
25863,Schleswig-Holstein,Schleswig-Holstein,9.66
25864,Schleswig-Holstein,Schleswig-Holstein,9.66
25866,Schleswig-Holstein,Schleswig-Holstein,9.66
25868,Schleswig-Holstein,Schleswig-Holstein,9.66
25869,Schleswig-Holstein,Schleswig-Holstein,9.66
25870,Schleswig-Holstein,Schleswig-Holstein,9.66
25872,Schleswig-Holstein,Schleswig-Holstein,9.66
25873,Schleswig-Holstein,Schleswig-Holstein,9.66
25875,Schleswig-Holstein,Schleswig-Holstein,9.66
25876,Schleswig-Holstein,Schleswig-Holstein,9.66
25878,Schleswig-Holstein,Schleswig-Holstein,9.66
25879,Schleswig-Holstein,Schleswig-Holstein,9.66
25881,Schleswig-Holstein,Schleswig-Holstein,9.66
25882,Schleswig-Holstein,Schleswig-Holstein,9.66
25884,Schleswig-Holstein,Schleswig-Holstein,9.66
25885,Schleswig-Holstein,Schleswig-Holstein,9.66
25887,Schleswig-Holstein,Schleswig-Holstein,9.66
25889,Schleswig-Holstein,Schleswig-Holstein,9.66
25899,Schleswig-Holstein,Schleswig-Holstein,9.66
25917,Schleswig-Holstein,Schleswig-Holstein,9.66
25920,Schleswig-Holstein,Schleswig-Holstein,9.66
25923,Schleswig-Holstein,Schleswig-Holstein,9.66
25924,Schleswig-Holstein,Schleswig-Holstein,9.66
25926,Schleswig-Holstein,Schleswig-Holstein,9.66
25927,Schleswig-Holstein,Schleswig-Holstein,9.66
25938,Schleswig-Holstein,Schleswig-Holstein,9.66
25946,Schleswig-Holstein,Schleswig-Holstein,9.66
25980,Schleswig-Holstein,Schleswig-Holstein,9.66
25992,Schleswig-Holstein,Schleswig-Holstein,9.66
25996,Schleswig-Holstein,Schleswig-Holstein,9.66
25997,Schleswig-Holstein,Schleswig-Holstein,9.66
25999,Schleswig-Holstein,Schleswig-Holstein,9.66
26060,Bavaria,Bayern,8.855
26066,Bavaria,Bayern,8.855
26090,Lower Saxony,Niedersachsen,10.045
26101,Lower Saxony,Niedersachsen,10.045
26102,Lower Saxony,Niedersachsen,10.045
26105,Lower Saxony,Niedersachsen,10.045
26106,Lower Saxony,Niedersachsen,10.045
26107,Lower Saxony,Niedersachsen,10.045
26108,Lower Saxony,Niedersachsen,10.045
26109,Lower Saxony,Niedersachsen,10.045
26110,Lower Saxony,Niedersachsen,10.045
26111,Lower Saxony,Niedersachsen,10.045
26114,Lower Saxony,Niedersachsen,10.045
26119,Lower Saxony,Niedersachsen,10.045
26121,Niedersachsen,Niedersachsen,10.045
26122,Niedersachsen,Niedersachsen,10.045
26123,Niedersachsen,Niedersachsen,10.045
26125,Niedersachsen,Niedersachsen,10.045
26127,Niedersachsen,Niedersachsen,10.045
26129,Niedersachsen,Niedersachsen,10.045
26131,Niedersachsen,Niedersachsen,10.045
26133,Niedersachsen,Niedersachsen,10.045
26135,Niedersachsen,Niedersachsen,10.045
26158,Lower Saxony,Niedersachsen,10.045
26160,Niedersachsen,Niedersachsen,10.045
26169,Niedersachsen,Niedersachsen,10.045
26177,Lower Saxony,Niedersachsen,10.045
26178,Lower Saxony,Niedersachsen,10.045
26180,Niedersachsen,Niedersachsen,10.045
26188,Niedersachsen,Niedersachsen,10.045
26197,Niedersachsen,Niedersachsen,10.045
26203,Niedersachsen,Niedersachsen,10.045
26209,Niedersachsen,Niedersachsen,10.045
26215,Niedersachsen,Niedersachsen,10.045
26219,Niedersachsen,Niedersachsen,10.045
26316,Niedersachsen,Niedersachsen,10.045
26340,Niedersachsen,Niedersachsen,10.045
26345,Niedersachsen,Niedersachsen,10.045
26349,Niedersachsen,Niedersachsen,10.045
26379,Lower Saxony,Niedersachsen,10.045
26380,Lower Saxony,Niedersachsen,10.045
26382,Niedersachsen,Niedersachsen,10.045
26384,Niedersachsen,Niedersachsen,10.045
26386,Niedersachsen,Niedersachsen,10.045
26388,Niedersachsen,Niedersachsen,10.045
26389,Niedersachsen,Niedersachsen,10.045
26392,Lower Saxony,Niedersachsen,10.045
26409,Niedersachsen,Niedersachsen,10.045
26419,Niedersachsen,Niedersachsen,10.045
26425,Lower Saxony,Niedersachsen,10.045
26427,Niedersachsen,Niedersachsen,10.045
26434,Niedersachsen,Niedersachsen,10.045
26441,Niedersachsen,Niedersachsen,10.045
26446,Niedersachsen,Niedersachsen,10.045
26452,Niedersachsen,Niedersachsen,10.045
26465,Niedersachsen,Niedersachsen,10.045
26474,Niedersachsen,Niedersachsen,10.045
26486,Niedersachsen,Niedersachsen,10.045
26487,Niedersachsen,Niedersachsen,10.045
26489,Niedersachsen,Niedersachsen,10.045
26506,Niedersachsen,Niedersachsen,10.045
26524,Niedersachsen,Niedersachsen,10.045
26529,Niedersachsen,Niedersachsen,10.045
26532,Niedersachsen,Niedersachsen,10.045
26548,Niedersachsen,Niedersachsen,10.045
26553,Niedersachsen,Niedersachsen,10.045
26556,Niedersachsen,Niedersachsen,10.045
26571,Niedersachsen,Niedersachsen,10.045
26579,Niedersachsen,Niedersachsen,10.045
26603,Niedersachsen,Niedersachsen,10.045
26605,Niedersachsen,Niedersachsen,10.045
26607,Niedersachsen,Niedersachsen,10.045
26623,Lower Saxony,Niedersachsen,10.045
26624,Niedersachsen,Niedersachsen,10.045
26629,Niedersachsen,Niedersachsen,10.045
26632,Niedersachsen,Niedersachsen,10.045
26639,Niedersachsen,Niedersachsen,10.045
26653,Lower Saxony,Niedersachsen,10.045
26655,Niedersachsen,Niedersachsen,10.045
26670,Niedersachsen,Niedersachsen,10.045
26676,Niedersachsen,Niedersachsen,10.045
26683,Niedersachsen,Niedersachsen,10.045
26689,Niedersachsen,Niedersachsen,10.045
26721,Niedersachsen,Niedersachsen,10.045
26723,Niedersachsen,Niedersachsen,10.045
26725,Niedersachsen,Niedersachsen,10.045
26736,Niedersachsen,Niedersachsen,10.045
26757,Niedersachsen,Niedersachsen,10.045
26759,Niedersachsen,Niedersachsen,10.045
26786,Lower Saxony,Niedersachsen,10.045
26787,Lower Saxony,Niedersachsen,10.045
26789,Niedersachsen,Niedersachsen,10.045
26802,Niedersachsen,Niedersachsen,10.045
26810,Niedersachsen,Niedersachsen,10.045
26817,Niedersachsen,Niedersachsen,10.045
26826,Niedersachsen,Niedersachsen,10.045
26831,Niedersachsen,Niedersachsen,10.045
26835,Niedersachsen,Niedersachsen,10.045
26842,Niedersachsen,Niedersachsen,10.045
26844,Niedersachsen,Niedersachsen,10.045
26845,Niedersachsen,Niedersachsen,10.045
26847,Niedersachsen,Niedersachsen,10.045
26849,Niedersachsen,Niedersachsen,10.045
26869,Lower Saxony,Niedersachsen,10.045
26871,Niedersachsen,Niedersachsen,10.045
26892,Niedersachsen,Niedersachsen,10.045
26897,Niedersachsen,Niedersachsen,10.045
26899,Niedersachsen,Niedersachsen,10.045
26901,Niedersachsen,Niedersachsen,10.045
26903,Niedersachsen,Niedersachsen,10.045
26904,Niedersachsen,Niedersachsen,10.045
26906,Niedersachsen,Niedersachsen,10.045
26907,Niedersachsen,Niedersachsen,10.045
26909,Niedersachsen,Niedersachsen,10.045
26919,Niedersachsen,Niedersachsen,10.045
26930,Lower Saxony,Niedersachsen,10.045
26931,Niedersachsen,Niedersachsen,10.045
26935,Niedersachsen,Niedersachsen,10.045
26936,Niedersachsen,Niedersachsen,10.045
26937,Niedersachsen,Niedersachsen,10.045
26939,Niedersachsen,Niedersachsen,10.045
26954,Niedersachsen,Niedersachsen,10.045
26969,Niedersachsen,Niedersachsen,10.045
27209,Lower Saxony,Niedersachsen,10.045
27211,Niedersachsen,Niedersachsen,10.045
27232,Niedersachsen,Niedersachsen,10.045
27239,Niedersachsen,Niedersachsen,10.045
27243,Niedersachsen,Niedersachsen,10.045
27245,Niedersachsen,Niedersachsen,10.045
27246,Niedersachsen,Niedersachsen,10.045
27248,Niedersachsen,Niedersachsen,10.045
27249,Niedersachsen,Niedersachsen,10.045
27251,Niedersachsen,Niedersachsen,10.045
27252,Niedersachsen,Niedersachsen,10.045
27254,Niedersachsen,Niedersachsen,10.045
27257,Niedersachsen,Niedersachsen,10.045
27259,Niedersachsen,Niedersachsen,10.045
27270,Lower Saxony,Niedersachsen,10.045
27279,Lower Saxony,Niedersachsen,10.045
27280,Lower Saxony,Niedersachsen,10.045
27281,Lower Saxony,Niedersachsen,10.045
27283,Niedersachsen,Niedersachsen,10.045
27298,Lower Saxony,Niedersachsen,10.045
27299,Niedersachsen,Niedersachsen,10.045
27305,Niedersachsen,Niedersachsen,10.045
27308,Niedersachsen,Niedersachsen,10.045
27313,Niedersachsen,Niedersachsen,10.045
27317,Lower Saxony,Niedersachsen,10.045
27318,Niedersachsen,Niedersachsen,10.045
27321,Niedersachsen,Niedersachsen,10.045
27324,Niedersachsen,Niedersachsen,10.045
27327,Niedersachsen,Niedersachsen,10.045
27330,Niedersachsen,Niedersachsen,10.045
27333,Niedersachsen,Niedersachsen,10.045
27336,Niedersachsen,Niedersachsen,10.045
27337,Niedersachsen,Niedersachsen,10.045
27339,Niedersachsen,Niedersachsen,10.045
27356,Niedersachsen,Niedersachsen,10.045
27357,Lower Saxony,Niedersachsen,10.045
27367,Niedersachsen,Niedersachsen,10.045
27374,Niedersachsen,Niedersachsen,10.045
27383,Niedersachsen,Niedersachsen,10.045
27386,Niedersachsen,Niedersachsen,10.045
27389,Niedersachsen,Niedersachsen,10.045
27400,Lower Saxony,Niedersachsen,10.045
27404,Niedersachsen,Niedersachsen,10.045
27412,Niedersachsen,Niedersachsen,10.045
27419,Niedersachsen,Niedersachsen,10.045
27432,Niedersachsen,Niedersachsen,10.045
27442,Niedersachsen,Niedersachsen,10.045
27446,Niedersachsen,Niedersachsen,10.045
27449,Niedersachsen,Niedersachsen,10.045
27470,Lower Saxony,Niedersachsen,10.045
27472,Niedersachsen,Niedersachsen,10.045
27474,Niedersachsen,Niedersachsen,10.045
27476,Niedersachsen,Niedersachsen,10.045
27478,Niedersachsen,Niedersachsen,10.045
27498,Schleswig-Holstein,Schleswig-Holstein,9.66
27499,Hamburg,Hamburg,10.045
27554,Bremen,Bremen,10.045
27568,Bremen,Bremen,10.045
27570,Bremen,Bremen,10.045
27572,Bremen,Bremen,10.045
27574,Bremen,Bremen,10.045
27576,Bremen,Bremen,10.045
27578,Bremen,Bremen,10.045
27580,Bremen,Bremen,10.045
27607,Niedersachsen,Niedersachsen,10.045
27612,Niedersachsen,Niedersachsen,10.045
27616,Niedersachsen,Niedersachsen,10.045
27619,Niedersachsen,Niedersachsen,10.045
27624,Niedersachsen,Niedersachsen,10.045
27628,Niedersachsen,Niedersachsen,10.045
27637,Niedersachsen,Niedersachsen,10.045
27638,Niedersachsen,Niedersachsen,10.045
27639,Niedersachsen,Niedersachsen,10.045
27709,Lower Saxony,Niedersachsen,10.045
27711,Niedersachsen,Niedersachsen,10.045
27721,Niedersachsen,Niedersachsen,10.045
27726,Niedersachsen,Niedersachsen,10.045
27729,Niedersachsen,Niedersachsen,10.045
27747,Lower Saxony,Niedersachsen,10.045
27749,Niedersachsen,Niedersachsen,10.045
27751,Niedersachsen,Niedersachsen,10.045
27753,Niedersachsen,Niedersachsen,10.045
27755,Niedersachsen,Niedersachsen,10.045
27777,Niedersachsen,Niedersachsen,10.045
27793,Niedersachsen,Niedersachsen,10.045
27798,Niedersachsen,Niedersachsen,10.045
27801,Niedersachsen,Niedersachsen,10.045
27804,Niedersachsen,Niedersachsen,10.045
27809,Niedersachsen,Niedersachsen,10.045
28100,Bremen,Bremen,10.045
28101,Bremen,Bremen,10.045
28102,Bremen,Bremen,10.045
28103,Bremen,Bremen,10.045
28104,Lower Saxony,Niedersachsen,10.045
28105,Bremen,Bremen,10.045
28107,Bremen,Bremen,10.045
28111,Bremen,Bremen,10.045
28163,Bremen,Bremen,10.045
28174,Bremen,Bremen,10.045
28177,Bremen,Bremen,10.045
28178,Bremen,Bremen,10.045
28181,Bremen,Bremen,10.045
28182,Lower Saxony,Niedersachsen,10.045
28183,Bremen,Bremen,10.045
28184,Bremen,Bremen,10.045
28185,Bremen,Bremen,10.045
28187,Bremen,Bremen,10.045
28188,Bremen,Bremen,10.045
28189,Bremen,Bremen,10.045
28190,Bremen,Bremen,10.045
28192,Bremen,Bremen,10.045
28195,Bremen,Bremen,10.045
28197,Bremen,Bremen,10.045
28199,Bremen,Bremen,10.045
28201,Bremen,Bremen,10.045
28203,Bremen,Bremen,10.045
28205,Bremen,Bremen,10.045
28207,Bremen,Bremen,10.045
28209,Bremen,Bremen,10.045
28211,Bremen,Bremen,10.045
28213,Bremen,Bremen,10.045
28215,Bremen,Bremen,10.045
28217,Bremen,Bremen,10.045
28219,Bremen,Bremen,10.045
28237,Bremen,Bremen,10.045
28239,Bremen,Bremen,10.045
28259,Bremen,Bremen,10.045
28275,Bremen,Bremen,10.045
28277,Bremen,Bremen,10.045
28279,Bremen,Bremen,10.045
28305,Bremen,Bremen,10.045
28307,Bremen,Bremen,10.045
28309,Bremen,Bremen,10.045
28323,Bremen,Bremen,10.045
28325,Bremen,Bremen,10.045
28327,Bremen,Bremen,10.045
28329,Bremen,Bremen,10.045
28335,Bremen,Bremen,10.045
28353,Bremen,Bremen,10.045
28355,Bremen,Bremen,10.045
28357,Bremen,Bremen,10.045
28359,Bremen,Bremen,10.045
28363,Bremen,Bremen,10.045
28365,Bremen,Bremen,10.045
28366,Bremen,Bremen,10.045
28375,Bremen,Bremen,10.045
28390,Bremen,Bremen,10.045
28700,Bremen,Bremen,10.045
28717,Bremen,Bremen,10.045
28719,Bremen,Bremen,10.045
28751,Bremen,Bremen,10.045
28755,Bremen,Bremen,10.045
28757,Bremen,Bremen,10.045
28759,Bremen,Bremen,10.045
28777,Bremen,Bremen,10.045
28779,Bremen,Bremen,10.045
28788,Lower Saxony,Niedersachsen,10.045
28790,Niedersachsen,Niedersachsen,10.045
28816,Niedersachsen,Niedersachsen,10.045
28832,Niedersachsen,Niedersachsen,10.045
28844,Niedersachsen,Niedersachsen,10.045
28855,Lower Saxony,Niedersachsen,10.045
28857,Niedersachsen,Niedersachsen,10.045
28865,Niedersachsen,Niedersachsen,10.045
28869,Lower Saxony,Niedersachsen,10.045
28870,Niedersachsen,Niedersachsen,10.045
28876,Niedersachsen,Niedersachsen,10.045
28879,Niedersachsen,Niedersachsen,10.045
29216,Lower Saxony,Niedersachsen,10.045
29218,Lower Saxony,Niedersachsen,10.045
29219,Lower Saxony,Niedersachsen,10.045
29220,Lower Saxony,Niedersachsen,10.045
29221,Niedersachsen,Niedersachsen,10.045
29223,Niedersachsen,Niedersachsen,10.045
29225,Niedersachsen,Niedersachsen,10.045
29227,Niedersachsen,Niedersachsen,10.045
29229,Niedersachsen,Niedersachsen,10.045
29270,Lower Saxony,Niedersachsen,10.045
29303,Niedersachsen,Niedersachsen,10.045
29308,Niedersachsen,Niedersachsen,10.045
29313,Niedersachsen,Niedersachsen,10.045
29320,Niedersachsen,Niedersachsen,10.045
29323,Niedersachsen,Niedersachsen,10.045
29328,Niedersachsen,Niedersachsen,10.045
29331,Niedersachsen,Niedersachsen,10.045
29336,Niedersachsen,Niedersachsen,10.045
29339,Niedersachsen,Niedersachsen,10.045
29342,Niedersachsen,Niedersachsen,10.045
29345,Niedersachsen,Niedersachsen,10.045
29348,Niedersachsen,Niedersachsen,10.045
29351,Niedersachsen,Niedersachsen,10.045
29352,Niedersachsen,Niedersachsen,10.045
29353,Niedersachsen,Niedersachsen,10.045
29355,Niedersachsen,Niedersachsen,10.045
29356,Niedersachsen,Niedersachsen,10.045
29358,Niedersachsen,Niedersachsen,10.045
29359,Niedersachsen,Niedersachsen,10.045
29361,Niedersachsen,Niedersachsen,10.045
29362,Niedersachsen,Niedersachsen,10.045
29364,Niedersachsen,Niedersachsen,10.045
29365,Niedersachsen,Niedersachsen,10.045
29367,Niedersachsen,Niedersachsen,10.045
29369,Niedersachsen,Niedersachsen,10.045
29377,Lower Saxony,Niedersachsen,10.045
29378,Niedersachsen,Niedersachsen,10.045
29379,Niedersachsen,Niedersachsen,10.045
29386,Niedersachsen,Niedersachsen,10.045
29389,Niedersachsen,Niedersachsen,10.045
29392,Niedersachsen,Niedersachsen,10.045
29393,Niedersachsen,Niedersachsen,10.045
29394,Niedersachsen,Niedersachsen,10.045
29396,Niedersachsen,Niedersachsen,10.045
29399,Niedersachsen,Niedersachsen,10.045
29410,Sachsen-Anhalt,Sachsen-Anhalt,10.175
29413,Sachsen-Anhalt,Sachsen-Anhalt,10.175
29416,Sachsen-Anhalt,Sachsen-Anhalt,10.175
29439,Niedersachsen,Niedersachsen,10.045
29451,Niedersachsen,Niedersachsen,10.045
29456,Niedersachsen,Niedersachsen,10.045
29459,Niedersachsen,Niedersachsen,10.045
29462,Niedersachsen,Niedersachsen,10.045
29465,Niedersachsen,Niedersachsen,10.045
29468,Niedersachsen,Niedersachsen,10.045
29471,Niedersachsen,Niedersachsen,10.045
29472,Niedersachsen,Niedersachsen,10.045
29473,Niedersachsen,Niedersachsen,10.045
29475,Niedersachsen,Niedersachsen,10.045
29476,Niedersachsen,Niedersachsen,10.045
29478,Niedersachsen,Niedersachsen,10.045
29479,Niedersachsen,Niedersachsen,10.045
29481,Niedersachsen,Niedersachsen,10.045
29482,Niedersachsen,Niedersachsen,10.045
29484,Niedersachsen,Niedersachsen,10.045
29485,Niedersachsen,Niedersachsen,10.045
29487,Niedersachsen,Niedersachsen,10.045
29488,Niedersachsen,Niedersachsen,10.045
29490,Niedersachsen,Niedersachsen,10.045
29491,Niedersachsen,Niedersachsen,10.045
29493,Niedersachsen,Niedersachsen,10.045
29494,Niedersachsen,Niedersachsen,10.045
29496,Niedersachsen,Niedersachsen,10.045
29497,Niedersachsen,Niedersachsen,10.045
29499,Niedersachsen,Niedersachsen,10.045
29523,Lower Saxony,Niedersachsen,10.045
29525,Niedersachsen,Niedersachsen,10.045
29549,Niedersachsen,Niedersachsen,10.045
29553,Niedersachsen,Niedersachsen,10.045
29556,Niedersachsen,Niedersachsen,10.045
29559,Niedersachsen,Niedersachsen,10.045
29562,Niedersachsen,Niedersachsen,10.045
29565,Niedersachsen,Niedersachsen,10.045
29568,Niedersachsen,Niedersachsen,10.045
29571,Niedersachsen,Niedersachsen,10.045
29574,Niedersachsen,Niedersachsen,10.045
29575,Niedersachsen,Niedersachsen,10.045
29576,Niedersachsen,Niedersachsen,10.045
29578,Niedersachsen,Niedersachsen,10.045
29579,Niedersachsen,Niedersachsen,10.045
29581,Niedersachsen,Niedersachsen,10.045
29582,Niedersachsen,Niedersachsen,10.045
29584,Niedersachsen,Niedersachsen,10.045
29585,Niedersachsen,Niedersachsen,10.045
29587,Niedersachsen,Niedersachsen,10.045
29588,Niedersachsen,Niedersachsen,10.045
29590,Niedersachsen,Niedersachsen,10.045
29591,Niedersachsen,Niedersachsen,10.045
29593,Niedersachsen,Niedersachsen,10.045
29594,Niedersachsen,Niedersachsen,10.045
29596,Niedersachsen,Niedersachsen,10.045
29597,Niedersachsen,Niedersachsen,10.045
29599,Niedersachsen,Niedersachsen,10.045
29611,Lower Saxony,Niedersachsen,10.045
29612,Lower Saxony,Niedersachsen,10.045
29614,Niedersachsen,Niedersachsen,10.045
29633,Niedersachsen,Niedersachsen,10.045
29640,Niedersachsen,Niedersachsen,10.045
29643,Niedersachsen,Niedersachsen,10.045
29646,Niedersachsen,Niedersachsen,10.045
29649,Niedersachsen,Niedersachsen,10.045
29664,Niedersachsen,Niedersachsen,10.045
29683,Niedersachsen,Niedersachsen,10.045
29690,Niedersachsen,Niedersachsen,10.045
29693,Niedersachsen,Niedersachsen,10.045
29699,Niedersachsen,Niedersachsen,10.045
30125,Lower Saxony,Niedersachsen,10.045
30126,Lower Saxony,Niedersachsen,10.045
30127,Lower Saxony,Niedersachsen,10.045
30130,Lower Saxony,Niedersachsen,10.045
30131,Lower Saxony,Niedersachsen,10.045
30132,Lower Saxony,Niedersachsen,10.045
30133,Lower Saxony,Niedersachsen,10.045
30134,Lower Saxony,Niedersachsen,10.045
30135,Lower Saxony,Niedersachsen,10.045
30138,Lower Saxony,Niedersachsen,10.045
30139,Lower Saxony,Niedersachsen,10.045
30140,Lower Saxony,Niedersachsen,10.045
30141,Lower Saxony,Niedersachsen,10.045
30142,Lower Saxony,Niedersachsen,10.045
30144,Lower Saxony,Niedersachsen,10.045
30145,Lower Saxony,Niedersachsen,10.045
30146,Lower Saxony,Niedersachsen,10.045
30147,Lower Saxony,Niedersachsen,10.045
30148,Lower Saxony,Niedersachsen,10.045
30149,Lower Saxony,Niedersachsen,10.045
30151,Lower Saxony,Niedersachsen,10.045
30152,Lower Saxony,Niedersachsen,10.045
30153,Lower Saxony,Niedersachsen,10.045
30154,Lower Saxony,Niedersachsen,10.045
30156,Lower Saxony,Niedersachsen,10.045
30157,Lower Saxony,Niedersachsen,10.045
30159,Niedersachsen,Niedersachsen,10.045
30161,Niedersachsen,Niedersachsen,10.045
30163,Niedersachsen,Niedersachsen,10.045
30165,Niedersachsen,Niedersachsen,10.045
30167,Niedersachsen,Niedersachsen,10.045
30169,Niedersachsen,Niedersachsen,10.045
30171,Niedersachsen,Niedersachsen,10.045
30173,Niedersachsen,Niedersachsen,10.045
30175,Niedersachsen,Niedersachsen,10.045
30177,Niedersachsen,Niedersachsen,10.045
30179,Niedersachsen,Niedersachsen,10.045
30417,Lower Saxony,Niedersachsen,10.045
30419,Niedersachsen,Niedersachsen,10.045
30449,Niedersachsen,Niedersachsen,10.045
30451,Niedersachsen,Niedersachsen,10.045
30453,Niedersachsen,Niedersachsen,10.045
30455,Niedersachsen,Niedersachsen,10.045
30457,Niedersachsen,Niedersachsen,10.045
30459,Niedersachsen,Niedersachsen,10.045
30517,Lower Saxony,Niedersachsen,10.045
30519,Niedersachsen,Niedersachsen,10.045
30521,Niedersachsen,Niedersachsen,10.045
30539,Niedersachsen,Niedersachsen,10.045
30559,Niedersachsen,Niedersachsen,10.045
30619,Lower Saxony,Niedersachsen,10.045
30620,Lower Saxony,Niedersachsen,10.045
30621,Lower Saxony,Niedersachsen,10.045
30622,Lower Saxony,Niedersachsen,10.045
30623,Lower Saxony,Niedersachsen,10.045
30625,Niedersachsen,Niedersachsen,10.045
30627,Niedersachsen,Niedersachsen,10.045
30629,Niedersachsen,Niedersachsen,10.045
30645,Lower Saxony,Niedersachsen,10.045
30647,Lower Saxony,Niedersachsen,10.045
30655,Niedersachsen,Niedersachsen,10.045
30657,Niedersachsen,Niedersachsen,10.045
30659,Niedersachsen,Niedersachsen,10.045
30669,Niedersachsen,Niedersachsen,10.045
30684,Lower Saxony,Niedersachsen,10.045
30686,Nordrhein-Westfalen,Nordrhein-Westfalen,10.21
30689,Lower Saxony,Niedersachsen,10.045
30690,Lower Saxony,Niedersachsen,10.045
30691,Lower Saxony,Niedersachsen,10.045
30692,Lower Saxony,Niedersachsen,10.045
30700,Lower Saxony,Niedersachsen,10.045
30820,Lower Saxony,Niedersachsen,10.045
30821,Lower Saxony,Niedersachsen,10.045
30823,Niedersachsen,Niedersachsen,10.045
30826,Niedersachsen,Niedersachsen,10.045
30827,Niedersachsen,Niedersachsen,10.045
30851,Niedersachsen,Niedersachsen,10.045
30853,Niedersachsen,Niedersachsen,10.045
30855,Niedersachsen,Niedersachsen,10.045
30875,Lower Saxony,Niedersachsen,10.045
30876,Lower Saxony,Niedersachsen,10.045
30880,Niedersachsen,Niedersachsen,10.045
30890,Niedersachsen,Niedersachsen,10.045
30900,Niedersachsen,Niedersachsen,10.045
30916,Niedersachsen,Niedersachsen,10.045
30926,Niedersachsen,Niedersachsen,10.045
30938,Niedersachsen,Niedersachsen,10.045
30952,Niedersachsen,Niedersachsen,10.045
30966,Niedersachsen,Niedersachsen,10.045
30974,Niedersachsen,Niedersachsen,10.045
30982,Niedersachsen,Niedersachsen,10.045
30988,Lower Saxony,Niedersachsen,10.045
30989,Niedersachsen,Niedersachsen,10.045
31007,Lower Saxony,Niedersachsen,10.045
31008,Niedersachsen,Niedersachsen,10.045
31020,Niedersachsen,Niedersachsen,10.045
31028,Niedersachsen,Niedersachsen,10.045
31029,Niedersachsen,Niedersachsen,10.045
31032,Niedersachsen,Niedersachsen,10.045
31033,Niedersachsen,Niedersachsen,10.045
31036,Niedersachsen,Niedersachsen,10.045
31039,Niedersachsen,Niedersachsen,10.045
31061,Niedersachsen,Niedersachsen,10.045
31073,Niedersachsen,Niedersachsen,10.045
31079,Niedersachsen,Niedersachsen,10.045
31084,Niedersachsen,Niedersachsen,10.045
31085,Niedersachsen,Niedersachsen,10.045
31088,Niedersachsen,Niedersachsen,10.045
31089,Niedersachsen,Niedersachsen,10.045
31091,Niedersachsen,Niedersachsen,10.045
31093,Niedersachsen,Niedersachsen,10.045
31094,Niedersachsen,Niedersachsen,10.045
31096,Niedersachsen,Niedersachsen,10.045
31097,Niedersachsen,Niedersachsen,10.045
31099,Niedersachsen,Niedersachsen,10.045
31120,Lower Saxony,Niedersachsen,10.045
31121,Lower Saxony,Niedersachsen,10.045
31129,Lower Saxony,Niedersachsen,10.045
31130,Lower Saxony,Niedersachsen,10.045
31131,Lower Saxony,Niedersachsen,10.045
31132,Lower Saxony,Niedersachsen,10.045
31134,Niedersachsen,Niedersachsen,10.045
31135,Niedersachsen,Niedersachsen,10.045
31137,Niedersachsen,Niedersachsen,10.045
31139,Niedersachsen,Niedersachsen,10.045
31141,Niedersachsen,Niedersachsen,10.045
31157,Niedersachsen,Niedersachsen,10.045
31162,Niedersachsen,Niedersachsen,10.045
31167,Niedersachsen,Niedersachsen,10.045
31171,Niedersachsen,Niedersachsen,10.045
31174,Niedersachsen,Niedersachsen,10.045
31177,Niedersachsen,Niedersachsen,10.045
31180,Niedersachsen,Niedersachsen,10.045
31185,Niedersachsen,Niedersachsen,10.045
31188,Niedersachsen,Niedersachsen,10.045
31191,Niedersachsen,Niedersachsen,10.045
31195,Niedersachsen,Niedersachsen,10.045
31196,Niedersachsen,Niedersachsen,10.045
31199,Niedersachsen,Niedersachsen,10.045
31221,Lower Saxony,Niedersachsen,10.045
31224,Niedersachsen,Niedersachsen,10.045
31226,Niedersachsen,Niedersachsen,10.045
31228,Niedersachsen,Niedersachsen,10.045
31234,Niedersachsen,Niedersachsen,10.045
31241,Niedersachsen,Niedersachsen,10.045
31246,Niedersachsen,Niedersachsen,10.045
31249,Niedersachsen,Niedersachsen,10.045
31272,Lower Saxony,Niedersachsen,10.045
31273,Lower Saxony,Niedersachsen,10.045
31275,Niedersachsen,Niedersachsen,10.045
31300,Lower Saxony,Niedersachsen,10.045
31303,Niedersachsen,Niedersachsen,10.045
31311,Niedersachsen,Niedersachsen,10.045
31319,Niedersachsen,Niedersachsen,10.045
31513,Lower Saxony,Niedersachsen,10.045
31515,Niedersachsen,Niedersachsen,10.045
31533,Lower Saxony,Niedersachsen,10.045
31535,Niedersachsen,Niedersachsen,10.045
31542,Niedersachsen,Niedersachsen,10.045
31547,Niedersachsen,Niedersachsen,10.045
31552,Niedersachsen,Niedersachsen,10.045
31553,Niedersachsen,Niedersachsen,10.045
31555,Niedersachsen,Niedersachsen,10.045
31556,Niedersachsen,Niedersachsen,10.045
31558,Niedersachsen,Niedersachsen,10.045
31559,Niedersachsen,Niedersachsen,10.045
31577,Lower Saxony,Niedersachsen,10.045
31582,Niedersachsen,Niedersachsen,10.045
31592,Niedersachsen,Niedersachsen,10.045
31595,Niedersachsen,Niedersachsen,10.045
31600,Niedersachsen,Niedersachsen,10.045
31603,Niedersachsen,Niedersachsen,10.045
31604,Niedersachsen,Niedersachsen,10.045
31606,Niedersachsen,Niedersachsen,10.045
31608,Niedersachsen,Niedersachsen,10.045
31609,Niedersachsen,Niedersachsen,10.045
31613,Niedersachsen,Niedersachsen,10.045
31618,Niedersachsen,Niedersachsen,10.045
31619,Niedersachsen,Niedersachsen,10.045
31621,Niedersachsen,Niedersachsen,10.045
31622,Niedersachsen,Niedersachsen,10.045
31623,Niedersachsen,Niedersachsen,10.045
31626,Niedersachsen,Niedersachsen,10.045
31627,Niedersachsen,Niedersachsen,10.045
31628,Niedersachsen,Niedersachsen,10.045
31629,Niedersachsen,Niedersachsen,10.045
31632,Niedersachsen,Niedersachsen,10.045
31633,Niedersachsen,Niedersachsen,10.045
31634,Niedersachsen,Niedersachsen,10.045
31636,Niedersachsen,Niedersachsen,10.045
31637,Niedersachsen,Niedersachsen,10.045
31638,Niedersachsen,Niedersachsen,10.045
31653,Lower Saxony,Niedersachsen,10.045
31655,Niedersachsen,Niedersachsen,10.045
31673,Lower Saxony,Niedersachsen,10.045
31675,Niedersachsen,Niedersachsen,10.045
31681,Lower Saxony,Niedersachsen,10.045
31682,Lower Saxony,Niedersachsen,10.045
31683,Niedersachsen,Niedersachsen,10.045
31688,Niedersachsen,Niedersachsen,10.045
31691,Niedersachsen,Niedersachsen,10.045
31693,Niedersachsen,Niedersachsen,10.045
31698,Niedersachsen,Niedersachsen,10.045
31699,Niedersachsen,Niedersachsen,10.045
31700,Niedersachsen,Niedersachsen,10.045
31702,Niedersachsen,Niedersachsen,10.045
31707,Niedersachsen,Niedersachsen,10.045
31708,Niedersachsen,Niedersachsen,10.045
31710,Niedersachsen,Niedersachsen,10.045
31711,Niedersachsen,Niedersachsen,10.045
31712,Niedersachsen,Niedersachsen,10.045
31714,Niedersachsen,Niedersachsen,10.045
31715,Niedersachsen,Niedersachsen,10.045
31717,Niedersachsen,Niedersachsen,10.045
31718,Niedersachsen,Niedersachsen,10.045
31719,Niedersachsen,Niedersachsen,10.045
31735,Lower Saxony,Niedersachsen,10.045
31737,Niedersachsen,Niedersachsen,10.045
31749,Niedersachsen,Niedersachsen,10.045
31774,Nordrhein-Westfalen,Nordrhein-Westfalen,10.21
31778,Lower Saxony,Niedersachsen,10.045
31779,Lower Saxony,Niedersachsen,10.045
31780,Lower Saxony,Niedersachsen,10.045
31781,Lower Saxony,Niedersachsen,10.045
31783,Lower Saxony,Niedersachsen,10.045
31784,Lower Saxony,Niedersachsen,10.045
31785,Niedersachsen,Niedersachsen,10.045
31787,Niedersachsen,Niedersachsen,10.045
31789,Niedersachsen,Niedersachsen,10.045
31810,Lower Saxony,Niedersachsen,10.045
31812,Niedersachsen,Niedersachsen,10.045
31829,Bavaria,Bayern,8.855
31830,Lower Saxony,Niedersachsen,10.045
31832,Niedersachsen,Niedersachsen,10.045
31840,Niedersachsen,Niedersachsen,10.045
31848,Niedersachsen,Niedersachsen,10.045
31855,Niedersachsen,Niedersachsen,10.045
31860,Niedersachsen,Niedersachsen,10.045
31863,Niedersachsen,Niedersachsen,10.045
31867,Niedersachsen,Niedersachsen,10.045
31868,Niedersachsen,Niedersachsen,10.045
32042,Nordrhein-Westfalen,Nordrhein-Westfalen,10.21
32044,Nordrhein-Westfalen,Nordrhein-Westfalen,10.21
32045,Nordrhein-Westfalen,Nordrhein-Westfalen,10.21
32046,Nordrhein-Westfalen,Nordrhein-Westfalen,10.21
32049,Nordrhein-Westfalen,Nordrhein-Westfalen,10.21
32051,Nordrhein-Westfalen,Nordrhein-Westfalen,10.21
32052,Nordrhein-Westfalen,Nordrhein-Westfalen,10.21
32058,Nordrhein-Westfalen,Nordrhein-Westfalen,10.21
32061,Nordrhein-Westfalen,Nordrhein-Westfalen,10.21
32102,Nordrhein-Westfalen,Nordrhein-Westfalen,10.21
32105,Nordrhein-Westfalen,Nordrhein-Westfalen,10.21
32107,Nordrhein-Westfalen,Nordrhein-Westfalen,10.21
32108,Nordrhein-Westfalen,Nordrhein-Westfalen,10.21
32120,Nordrhein-Westfalen,Nordrhein-Westfalen,10.21
32130,Nordrhein-Westfalen,Nordrhein-Westfalen,10.21
32139,Nordrhein-Westfalen,Nordrhein-Westfalen,10.21
32255,Nordrhein-Westfalen,Nordrhein-Westfalen,10.21
32257,Nordrhein-Westfalen,Nordrhein-Westfalen,10.21
32278,Nordrhein-Westfalen,Nordrhein-Westfalen,10.21
32289,Nordrhein-Westfalen,Nordrhein-Westfalen,10.21
32310,Nordrhein-Westfalen,Nordrhein-Westfalen,10.21
32312,Nordrhein-Westfalen,Nordrhein-Westfalen,10.21
32337,Nordrhein-Westfalen,Nordrhein-Westfalen,10.21
32339,Nordrhein-Westfalen,Nordrhein-Westfalen,10.21
32351,Nordrhein-Westfalen,Nordrhein-Westfalen,10.21
32361,Nordrhein-Westfalen,Nordrhein-Westfalen,10.21
32369,Nordrhein-Westfalen,Nordrhein-Westfalen,10.21
32419,Nordrhein-Westfalen,Nordrhein-Westfalen,10.21
32420,Nordrhein-Westfalen,Nordrhein-Westfalen,10.21
32421,Nordrhein-Westfalen,Nordrhein-Westfalen,10.21
32423,Nordrhein-Westfalen,Nordrhein-Westfalen,10.21
32425,Nordrhein-Westfalen,Nordrhein-Westfalen,10.21
32427,Nordrhein-Westfalen,Nordrhein-Westfalen,10.21
32429,Nordrhein-Westfalen,Nordrhein-Westfalen,10.21
32455,Nordrhein-Westfalen,Nordrhein-Westfalen,10.21
32457,Nordrhein-Westfalen,Nordrhein-Westfalen,10.21
32469,Nordrhein-Westfalen,Nordrhein-Westfalen,10.21
32479,Nordrhein-Westfalen,Nordrhein-Westfalen,10.21
32543,Nordrhein-Westfalen,Nordrhein-Westfalen,10.21
32545,Nordrhein-Westfalen,Nordrhein-Westfalen,10.21
32547,Nordrhein-Westfalen,Nordrhein-Westfalen,10.21
32549,Nordrhein-Westfalen,Nordrhein-Westfalen,10.21
32582,Nordrhein-Westfalen,Nordrhein-Westfalen,10.21
32584,Nordrhein-Westfalen,Nordrhein-Westfalen,10.21
32602,Nordrhein-Westfalen,Nordrhein-Westfalen,10.21
32609,Nordrhein-Westfalen,Nordrhein-Westfalen,10.21
32655,Nordrhein-Westfalen,Nordrhein-Westfalen,10.21
32657,Nordrhein-Westfalen,Nordrhein-Westfalen,10.21
32676,Nordrhein-Westfalen,Nordrhein-Westfalen,10.21
32683,Nordrhein-Westfalen,Nordrhein-Westfalen,10.21
32689,Nordrhein-Westfalen,Nordrhein-Westfalen,10.21
32694,Nordrhein-Westfalen,Nordrhein-Westfalen,10.21
32699,Nordrhein-Westfalen,Nordrhein-Westfalen,10.21
32750,Nordrhein-Westfalen,Nordrhein-Westfalen,10.21
32753,Nordrhein-Westfalen,Nordrhein-Westfalen,10.21
32754,Nordrhein-Westfalen,Nordrhein-Westfalen,10.21
32756,Nordrhein-Westfalen,Nordrhein-Westfalen,10.21
32758,Nordrhein-Westfalen,Nordrhein-Westfalen,10.21
32760,Nordrhein-Westfalen,Nordrhein-Westfalen,10.21
32791,Nordrhein-Westfalen,Nordrhein-Westfalen,10.21
32805,Nordrhein-Westfalen,Nordrhein-Westfalen,10.21
32816,Nordrhein-Westfalen,Nordrhein-Westfalen,10.21
32823,Nordrhein-Westfalen,Nordrhein-Westfalen,10.21
32825,Nordrhein-Westfalen,Nordrhein-Westfalen,10.21
32832,Nordrhein-Westfalen,Nordrhein-Westfalen,10.21
32839,Nordrhein-Westfalen,Nordrhein-Westfalen,10.21
33014,Nordrhein-Westfalen,Nordrhein-Westfalen,10.21
33034,Nordrhein-Westfalen,Nordrhein-Westfalen,10.21
33039,Nordrhein-Westfalen,Nordrhein-Westfalen,10.21
33093,Nordrhein-Westfalen,Nordrhein-Westfalen,10.21
33094,Nordrhein-Westfalen,Nordrhein-Westfalen,10.21
33095,Nordrhein-Westfalen,Nordrhein-Westfalen,10.21
33096,Nordrhein-Westfalen,Nordrhein-Westfalen,10.21
33098,Nordrhein-Westfalen,Nordrhein-Westfalen,10.21
33100,Nordrhein-Westfalen,Nordrhein-Westfalen,10.21
33102,Nordrhein-Westfalen,Nordrhein-Westfalen,10.21
33104,Nordrhein-Westfalen,Nordrhein-Westfalen,10.21
33106,Nordrhein-Westfalen,Nordrhein-Westfalen,10.21
33129,Nordrhein-Westfalen,Nordrhein-Westfalen,10.21
33142,Nordrhein-Westfalen,Nordrhein-Westfalen,10.21
33154,Nordrhein-Westfalen,Nordrhein-Westfalen,10.21
33161,Nordrhein-Westfalen,Nordrhein-Westfalen,10.21
33165,Nordrhein-Westfalen,Nordrhein-Westfalen,10.21
33175,Nordrhein-Westfalen,Nordrhein-Westfalen,10.21
33178,Nordrhein-Westfalen,Nordrhein-Westfalen,10.21
33181,Nordrhein-Westfalen,Nordrhein-Westfalen,10.21
33184,Nordrhein-Westfalen,Nordrhein-Westfalen,10.21
33189,Nordrhein-Westfalen,Nordrhein-Westfalen,10.21
33311,Nordrhein-Westfalen,Nordrhein-Westfalen,10.21
33324,Nordrhein-Westfalen,Nordrhein-Westfalen,10.21
33325,Nordrhein-Westfalen,Nordrhein-Westfalen,10.21
33326,Nordrhein-Westfalen,Nordrhein-Westfalen,10.21
33330,Nordrhein-Westfalen,Nordrhein-Westfalen,10.21
33332,Nordrhein-Westfalen,Nordrhein-Westfalen,10.21
33334,Nordrhein-Westfalen,Nordrhein-Westfalen,10.21
33335,Nordrhein-Westfalen,Nordrhein-Westfalen,10.21
33372,Nordrhein-Westfalen,Nordrhein-Westfalen,10.21
33373,Nordrhein-Westfalen,Nordrhein-Westfalen,10.21
33374,Nordrhein-Westfalen,Nordrhein-Westfalen,10.21
33375,Nordrhein-Westfalen,Nordrhein-Westfalen,10.21
33378,Nordrhein-Westfalen,Nordrhein-Westfalen,10.21
33393,Nordrhein-Westfalen,Nordrhein-Westfalen,10.21
33394,Nordrhein-Westfalen,Nordrhein-Westfalen,10.21
33395,Nordrhein-Westfalen,Nordrhein-Westfalen,10.21
33397,Nordrhein-Westfalen,Nordrhein-Westfalen,10.21
33411,Nordrhein-Westfalen,Nordrhein-Westfalen,10.21
33413,Nordrhein-Westfalen,Nordrhein-Westfalen,10.21
33414,Nordrhein-Westfalen,Nordrhein-Westfalen,10.21
33415,Nordrhein-Westfalen,Nordrhein-Westfalen,10.21
33426,Nordrhein-Westfalen,Nordrhein-Westfalen,10.21
33428,Nordrhein-Westfalen,Nordrhein-Westfalen,10.21
33441,Nordrhein-Westfalen,Nordrhein-Westfalen,10.21
33442,Nordrhein-Westfalen,Nordrhein-Westfalen,10.21
33449,Nordrhein-Westfalen,Nordrhein-Westfalen,10.21
33519,Nordrhein-Westfalen,Nordrhein-Westfalen,10.21
33547,Nordrhein-Westfalen,Nordrhein-Westfalen,10.21
33583,Nordrhein-Westfalen,Nordrhein-Westfalen,10.21
33584,Nordrhein-Westfalen,Nordrhein-Westfalen,10.21
33591,Nordrhein-Westfalen,Nordrhein-Westfalen,10.21
33594,Nordrhein-Westfalen,Nordrhein-Westfalen,10.21
33595,Nordrhein-Westfalen,Nordrhein-Westfalen,10.21
33596,Nordrhein-Westfalen,Nordrhein-Westfalen,10.21
33597,Nordrhein-Westfalen,Nordrhein-Westfalen,10.21
33598,Nordrhein-Westfalen,Nordrhein-Westfalen,10.21
33600,Nordrhein-Westfalen,Nordrhein-Westfalen,10.21
33602,Nordrhein-Westfalen,Nordrhein-Westfalen,10.21
33604,Nordrhein-Westfalen,Nordrhein-Westfalen,10.21
33605,Nordrhein-Westfalen,Nordrhein-Westfalen,10.21
33607,Nordrhein-Westfalen,Nordrhein-Westfalen,10.21
33609,Nordrhein-Westfalen,Nordrhein-Westfalen,10.21
33611,Nordrhein-Westfalen,Nordrhein-Westfalen,10.21
33613,Nordrhein-Westfalen,Nordrhein-Westfalen,10.21
33615,Nordrhein-Westfalen,Nordrhein-Westfalen,10.21
33617,Nordrhein-Westfalen,Nordrhein-Westfalen,10.21
33619,Nordrhein-Westfalen,Nordrhein-Westfalen,10.21
33644,Nordrhein-Westfalen,Nordrhein-Westfalen,10.21
33645,Nordrhein-Westfalen,Nordrhein-Westfalen,10.21
33647,Nordrhein-Westfalen,Nordrhein-Westfalen,10.21
33649,Nordrhein-Westfalen,Nordrhein-Westfalen,10.21
33659,Nordrhein-Westfalen,Nordrhein-Westfalen,10.21
33687,Hamburg,Hamburg,10.045
33689,Nordrhein-Westfalen,Nordrhein-Westfalen,10.21
33699,Nordrhein-Westfalen,Nordrhein-Westfalen,10.21
33719,Nordrhein-Westfalen,Nordrhein-Westfalen,10.21
33729,Nordrhein-Westfalen,Nordrhein-Westfalen,10.21
33739,Nordrhein-Westfalen,Nordrhein-Westfalen,10.21
33756,Nordrhein-Westfalen,Nordrhein-Westfalen,10.21
33758,Nordrhein-Westfalen,Nordrhein-Westfalen,10.21
33769,Nordrhein-Westfalen,Nordrhein-Westfalen,10.21
33775,Nordrhein-Westfalen,Nordrhein-Westfalen,10.21
33788,Nordrhein-Westfalen,Nordrhein-Westfalen,10.21
33790,Nordrhein-Westfalen,Nordrhein-Westfalen,10.21
33801,Nordrhein-Westfalen,Nordrhein-Westfalen,10.21
33803,Nordrhein-Westfalen,Nordrhein-Westfalen,10.21
33813,Nordrhein-Westfalen,Nordrhein-Westfalen,10.21
33818,Nordrhein-Westfalen,Nordrhein-Westfalen,10.21
33824,Nordrhein-Westfalen,Nordrhein-Westfalen,10.21
33829,Nordrhein-Westfalen,Nordrhein-Westfalen,10.21
34105,Hessen,Hessen,9.555
34106,Hessen,Hessen,9.555
34108,Hessen,Hessen,9.555
34109,Hessen,Hessen,9.555
34110,Hessen,Hessen,9.555
34111,Hessen,Hessen,9.555
34112,Hessen,Hessen,9.555
34113,Hessen,Hessen,9.555
34114,Hessen,Hessen,9.555
34115,Hessen,Hessen,9.555
34117,Hessen,Hessen,9.555
34119,Hessen,Hessen,9.555
34121,Hessen,Hessen,9.555
34123,Hessen,Hessen,9.555
34125,Hessen,Hessen,9.555
34127,Hessen,Hessen,9.555
34128,Hessen,Hessen,9.555
34130,Hessen,Hessen,9.555
34131,Hessen,Hessen,9.555
34132,Hessen,Hessen,9.555
34134,Hessen,Hessen,9.555
34195,Hessen,Hessen,9.555
34196,Hessen,Hessen,9.555
34197,Hessen,Hessen,9.555
34198,Hessen,Hessen,9.555
34209,Hessen,Hessen,9.555
34212,Hessen,Hessen,9.555
34219,Hessen,Hessen,9.555
34225,Hessen,Hessen,9.555
34233,Hessen,Hessen,9.555
34246,Hessen,Hessen,9.555
34253,Hessen,Hessen,9.555
34260,Hessen,Hessen,9.555
34265,Hessen,Hessen,9.555
34266,Hessen,Hessen,9.555
34270,Hessen,Hessen,9.555
34277,Hessen,Hessen,9.555
34281,Hessen,Hessen,9.555
34286,Hessen,Hessen,9.555
34289,Hessen,Hessen,9.555
34292,Hessen,Hessen,9.555
34295,Hessen,Hessen,9.555
34298,Hessen,Hessen,9.555
34302,Hessen,Hessen,9.555
34305,Hessen,Hessen,9.555
34308,Hessen,Hessen,9.555
34311,Hessen,Hessen,9.555
34314,Hessen,Hessen,9.555
34317,Hessen,Hessen,9.555
34320,Hessen,Hessen,9.555
34323,Hessen,Hessen,9.555
34326,Hessen,Hessen,9.555
34327,Hessen,Hessen,9.555
34329,Hessen,Hessen,9.555
34346,Niedersachsen,Niedersachsen,10.045
34355,Niedersachsen,Niedersachsen,10.045
34359,Hessen,Hessen,9.555
34369,Hessen,Hessen,9.555
34376,Hessen,Hessen,9.555
34379,Hessen,Hessen,9.555
34385,Hessen,Hessen,9.555
34388,Hessen,Hessen,9.555
34393,Hessen,Hessen,9.555
34396,Hessen,Hessen,9.555
34399,Hessen,Hessen,9.555
34414,Nordrhein-Westfalen,Nordrhein-Westfalen,10.21
34431,Nordrhein-Westfalen,Nordrhein-Westfalen,10.21
34434,Nordrhein-Westfalen,Nordrhein-Westfalen,10.21
34439,Nordrhein-Westfalen,Nordrhein-Westfalen,10.21
34454,Hessen,Hessen,9.555
34466,Hessen,Hessen,9.555
34471,Hessen,Hessen,9.555
34474,Hessen,Hessen,9.555
34477,Hessen,Hessen,9.555
34479,Hessen,Hessen,9.555
34494,Hessen,Hessen,9.555
34495,Hessen,Hessen,9.555
34497,Hessen,Hessen,9.555
34508,Hessen,Hessen,9.555
34513,Hessen,Hessen,9.555
34516,Hessen,Hessen,9.555
34519,Hessen,Hessen,9.555
34535,Hessen,Hessen,9.555
34537,Hessen,Hessen,9.555
34549,Hessen,Hessen,9.555
34558,Hessen,Hessen,9.555
34560,Hessen,Hessen,9.555
34574,Hessen,Hessen,9.555
34576,Hessen,Hessen,9.555
34582,Hessen,Hessen,9.555
34587,Hessen,Hessen,9.555
34590,Hessen,Hessen,9.555
34593,Hessen,Hessen,9.555
34596,Hessen,Hessen,9.555
34599,Hessen,Hessen,9.555
34613,Hessen,Hessen,9.555
34621,Hessen,Hessen,9.555
34626,Hessen,Hessen,9.555
34628,Hessen,Hessen,9.555
34630,Hessen,Hessen,9.555
34632,Hessen,Hessen,9.555
34633,Hessen,Hessen,9.555
34637,Hessen,Hessen,9.555
34639,Hessen,Hessen,9.555
35031,Hessen,Hessen,9.555
35032,Hessen,Hessen,9.555
35034,Hessen,Hessen,9.555
35035,Hessen,Hessen,9.555
35036,Hessen,Hessen,9.555
35037,Hessen,Hessen,9.555
35039,Hessen,Hessen,9.555
35041,Hessen,Hessen,9.555
35043,Hessen,Hessen,9.555
35066,Hessen,Hessen,9.555
35075,Hessen,Hessen,9.555
35080,Hessen,Hessen,9.555
35083,Hessen,Hessen,9.555
35085,Hessen,Hessen,9.555
35088,Hessen,Hessen,9.555
35091,Hessen,Hessen,9.555
35094,Hessen,Hessen,9.555
35096,Hessen,Hessen,9.555
35099,Hessen,Hessen,9.555
35102,Hessen,Hessen,9.555
35104,Hessen,Hessen,9.555
35107,Hessen,Hessen,9.555
35108,Hessen,Hessen,9.555
35110,Hessen,Hessen,9.555
35112,Hessen,Hessen,9.555
35114,Hessen,Hessen,9.555
35116,Hessen,Hessen,9.555
35117,Hessen,Hessen,9.555
35119,Hessen,Hessen,9.555
35216,Hessen,Hessen,9.555
35232,Hessen,Hessen,9.555
35236,Hessen,Hessen,9.555
35239,Hessen,Hessen,9.555
35260,Hessen,Hessen,9.555
35274,Hessen,Hessen,9.555
35279,Hessen,Hessen,9.555
35282,Hessen,Hessen,9.555
35285,Hessen,Hessen,9.555
35287,Hessen,Hessen,9.555
35288,Hessen,Hessen,9.555
35305,Hessen,Hessen,9.555
35315,Hessen,Hessen,9.555
35321,Hessen,Hessen,9.555
35325,Hessen,Hessen,9.555
35327,Hessen,Hessen,9.555
35329,Hessen,Hessen,9.555
35383,Hessen,Hessen,9.555
35384,Hessen,Hessen,9.555
35385,Hessen,Hessen,9.555
35386,Hessen,Hessen,9.555
35387,Hessen,Hessen,9.555
35388,Hessen,Hessen,9.555
35390,Hessen,Hessen,9.555
35392,Hessen,Hessen,9.555
35394,Hessen,Hessen,9.555
35396,Hessen,Hessen,9.555
35398,Hessen,Hessen,9.555
35402,Hessen,Hessen,9.555
35410,Hessen,Hessen,9.555
35415,Hessen,Hessen,9.555
35418,Hessen,Hessen,9.555
35423,Hessen,Hessen,9.555
35428,Hessen,Hessen,9.555
35435,Hessen,Hessen,9.555
35440,Hessen,Hessen,9.555
35444,Hessen,Hessen,9.555
35447,Hessen,Hessen,9.555
35452,Hessen,Hessen,9.555
35457,Hessen,Hessen,9.555
35460,Hessen,Hessen,9.555
35463,Hessen,Hessen,9.555
35466,Hessen,Hessen,9.555
35469,Hessen,Hessen,9.555
35508,Bavaria,Bayern,8.855
35509,Hessen,Hessen,9.555
35510,Hessen,Hessen,9.555
35516,Hessen,Hessen,9.555
35519,Hessen,Hessen,9.555
35573,Hessen,Hessen,9.555
35574,Hessen,Hessen,9.555
35576,Hessen,Hessen,9.555
35578,Hessen,Hessen,9.555
35579,Hessen,Hessen,9.555
35580,Hessen,Hessen,9.555
35581,Hessen,Hessen,9.555
35582,Hessen,Hessen,9.555
35583,Hessen,Hessen,9.555
35584,Hessen,Hessen,9.555
35585,Hessen,Hessen,9.555
35586,Hessen,Hessen,9.555
35606,Hessen,Hessen,9.555
35614,Hessen,Hessen,9.555
35619,Hessen,Hessen,9.555
35625,Hessen,Hessen,9.555
35630,Hessen,Hessen,9.555
35633,Hessen,Hessen,9.555
35638,Hessen,Hessen,9.555
35641,Hessen,Hessen,9.555
35644,Hessen,Hessen,9.555
35647,Hessen,Hessen,9.555
35649,Hessen,Hessen,9.555
35683,Hessen,Hessen,9.555
35684,Hessen,Hessen,9.555
35685,Hessen,Hessen,9.555
35686,Hessen,Hessen,9.555
35687,Hessen,Hessen,9.555
35688,Hessen,Hessen,9.555
35689,Hessen,Hessen,9.555
35690,Hessen,Hessen,9.555
35708,Hessen,Hessen,9.555
35713,Hessen,Hessen,9.555
35716,Hessen,Hessen,9.555
35719,Hessen,Hessen,9.555
35745,Hessen,Hessen,9.555
35753,Hessen,Hessen,9.555
35756,Hessen,Hessen,9.555
35759,Hessen,Hessen,9.555
35764,Hessen,Hessen,9.555
35767,Hessen,Hessen,9.555
35768,Hessen,Hessen,9.555
35779,Hessen,Hessen,9.555
35781,Hessen,Hessen,9.555
35789,Hessen,Hessen,9.555
35792,Hessen,Hessen,9.555
35794,Hessen,Hessen,9.555
35796,Hessen,Hessen,9.555
35799,Hessen,Hessen,9.555
36028,Hessen,Hessen,9.555
36030,Hessen,Hessen,9.555
36035,Hessen,Hessen,9.555
36036,Hessen,Hessen,9.555
36037,Hessen,Hessen,9.555
36039,Hessen,Hessen,9.555
36041,Hessen,Hessen,9.555
36043,Hessen,Hessen,9.555
36047,Hessen,Hessen,9.555
36084,Hessen,Hessen,9.555
36085,Hessen,Hessen,9.555
36086,Hessen,Hessen,9.555
36088,Hessen,Hessen,9.555
36093,Hessen,Hessen,9.555
36100,Hessen,Hessen,9.555
36103,Hessen,Hessen,9.555
36110,Hessen,Hessen,9.555
36115,Hessen,Hessen,9.555
36119,Hessen,Hessen,9.555
36124,Hessen,Hessen,9.555
36129,Hessen,Hessen,9.555
36132,Hessen,Hessen,9.555
36137,Hessen,Hessen,9.555
36142,Hessen,Hessen,9.555
36145,Hessen,Hessen,9.555
36148,Hessen,Hessen,9.555
36151,Hessen,Hessen,9.555
36154,Hessen,Hessen,9.555
36157,Hessen,Hessen,9.555
36160,Hessen,Hessen,9.555
36163,Hessen,Hessen,9.555
36166,Hessen,Hessen,9.555
36167,Hessen,Hessen,9.555
36169,Hessen,Hessen,9.555
36179,Hessen,Hessen,9.555
36199,Hessen,Hessen,9.555
36205,Hessen,Hessen,9.555
36208,Hessen,Hessen,9.555
36211,Hessen,Hessen,9.555
36214,Hessen,Hessen,9.555
36217,Hessen,Hessen,9.555
36219,Hessen,Hessen,9.555
36242,Hessen,Hessen,9.555
36244,Hessen,Hessen,9.555
36246,Hessen,Hessen,9.555
36247,Hessen,Hessen,9.555
36248,Hessen,Hessen,9.555
36249,Hessen,Hessen,9.555
36251,Hessen,Hessen,9.555
36266,Hessen,Hessen,9.555
36269,Hessen,Hessen,9.555
36272,Hessen,Hessen,9.555
36275,Hessen,Hessen,9.555
36277,Hessen,Hessen,9.555
36280,Hessen,Hessen,9.555
36282,Hessen,Hessen,9.555
36284,Hessen,Hessen,9.555
36286,Hessen,Hessen,9.555
36287,Hessen,Hessen,9.555
36289,Hessen,Hessen,9.555
36304,Hessen,Hessen,9.555
36318,Hessen,Hessen,9.555
36320,Hessen,Hessen,9.555
36323,Hessen,Hessen,9.555
36325,Hessen,Hessen,9.555
36326,Hessen,Hessen,9.555
36329,Hessen,Hessen,9.555
36338,Hessen,Hessen,9.555
36339,Hessen,Hessen,9.555
36341,Hessen,Hessen,9.555
36355,Hessen,Hessen,9.555
36358,Hessen,Hessen,9.555
36364,Hessen,Hessen,9.555
36367,Hessen,Hessen,9.555
36369,Hessen,Hessen,9.555
36380,Hessen,Hessen,9.555
36381,Hessen,Hessen,9.555
36391,Hessen,Hessen,9.555
36396,Hessen,Hessen,9.555
36399,Hessen,Hessen,9.555
36404,Thüringen,Thüringen,9.075
36414,Thüringen,Thüringen,9.075
36419,Thüringen,Thüringen,9.075
36433,Thüringen,Thüringen,9.075
36448,Thüringen,Thüringen,9.075
36452,Thüringen,Thüringen,9.075
36456,Thüringen,Thüringen,9.075
36457,Thüringen,Thüringen,9.075
36460,Thüringen,Thüringen,9.075
36466,Thüringen,Thüringen,9.075
36469,Thüringen,Thüringen,9.075
37069,Lower Saxony,Niedersachsen,10.045
37070,Lower Saxony,Niedersachsen,10.045
37073,Niedersachsen,Niedersachsen,10.045
37075,Niedersachsen,Niedersachsen,10.045
37077,Niedersachsen,Niedersachsen,10.045
37079,Niedersachsen,Niedersachsen,10.045
37081,Niedersachsen,Niedersachsen,10.045
37083,Niedersachsen,Niedersachsen,10.045
37085,Niedersachsen,Niedersachsen,10.045
37096,Lower Saxony,Niedersachsen,10.045
37097,Lower Saxony,Niedersachsen,10.045
37099,Lower Saxony,Niedersachsen,10.045
37100,Lower Saxony,Niedersachsen,10.045
37115,Niedersachsen,Niedersachsen,10.045
37120,Niedersachsen,Niedersachsen,10.045
37124,Niedersachsen,Niedersachsen,10.045
37127,Niedersachsen,Niedersachsen,10.045
37130,Niedersachsen,Niedersachsen,10.045
37133,Niedersachsen,Niedersachsen,10.045
37136,Niedersachsen,Niedersachsen,10.045
37139,Niedersachsen,Niedersachsen,10.045
37154,Niedersachsen,Niedersachsen,10.045
37170,Niedersachsen,Niedersachsen,10.045
37176,Niedersachsen,Niedersachsen,10.045
37181,Niedersachsen,Niedersachsen,10.045
37186,Niedersachsen,Niedersachsen,10.045
37191,Niedersachsen,Niedersachsen,10.045
37194,Niedersachsen,Niedersachsen,10.045
37197,Niedersachsen,Niedersachsen,10.045
37199,Niedersachsen,Niedersachsen,10.045
37213,Hessen,Hessen,9.555
37214,Hessen,Hessen,9.555
37215,Hessen,Hessen,9.555
37216,Hessen,Hessen,9.555
37217,Hessen,Hessen,9.555
37218,Hessen,Hessen,9.555
37235,Hessen,Hessen,9.555
37242,Hessen,Hessen,9.555
37247,Hessen,Hessen,9.555
37249,Hessen,Hessen,9.555
37267,Hessen,Hessen,9.555
37269,Hessen,Hessen,9.555
37276,Hessen,Hessen,9.555
37281,Hessen,Hessen,9.555
37284,Hessen,Hessen,9.555
37287,Hessen,Hessen,9.555
37290,Hessen,Hessen,9.555
37293,Hessen,Hessen,9.555
37296,Hessen,Hessen,9.555
37297,Hessen,Hessen,9.555
37299,Hessen,Hessen,9.555
37308,Thüringen,Thüringen,9.075
37318,Thüringen,Thüringen,9.075
37327,Thüringen,Thüringen,9.075
37339,Thüringen,Thüringen,9.075
37345,Thüringen,Thüringen,9.075
37351,Thüringen,Thüringen,9.075
37355,Thüringen,Thüringen,9.075
37359,Thüringen,Thüringen,9.075
37412,Niedersachsen,Niedersachsen,10.045
37431,Niedersachsen,Niedersachsen,10.045
37434,Niedersachsen,Niedersachsen,10.045
37441,Niedersachsen,Niedersachsen,10.045
37444,Niedersachsen,Niedersachsen,10.045
37445,Niedersachsen,Niedersachsen,10.045
37447,Niedersachsen,Niedersachsen,10.045
37449,Niedersachsen,Niedersachsen,10.045
37520,Niedersachsen,Niedersachsen,10.045
37534,Niedersachsen,Niedersachsen,10.045
37539,Niedersachsen,Niedersachsen,10.045
37547,Niedersachsen,Niedersachsen,10.045
37568,Lower Saxony,Niedersachsen,10.045
37571,Lower Saxony,Niedersachsen,10.045
37572,Lower Saxony,Niedersachsen,10.045
37574,Niedersachsen,Niedersachsen,10.045
37581,Niedersachsen,Niedersachsen,10.045
37586,Niedersachsen,Niedersachsen,10.045
37589,Niedersachsen,Niedersachsen,10.045
37601,Lower Saxony,Niedersachsen,10.045
37603,Niedersachsen,Niedersachsen,10.045
37619,Niedersachsen,Niedersachsen,10.045
37620,Niedersachsen,Niedersachsen,10.045
37627,Niedersachsen,Niedersachsen,10.045
37632,Niedersachsen,Niedersachsen,10.045
37633,Niedersachsen,Niedersachsen,10.045
37635,Niedersachsen,Niedersachsen,10.045
37639,Niedersachsen,Niedersachsen,10.045
37640,Niedersachsen,Niedersachsen,10.045
37642,Niedersachsen,Niedersachsen,10.045
37643,Niedersachsen,Niedersachsen,10.045
37647,Niedersachsen,Niedersachsen,10.045
37649,Niedersachsen,Niedersachsen,10.045
37669,Nordrhein-Westfalen,Nordrhein-Westfalen,10.21
37671,Nordrhein-Westfalen,Nordrhein-Westfalen,10.21
37688,Nordrhein-Westfalen,Nordrhein-Westfalen,10.21
37691,Niedersachsen,Niedersachsen,10.045
37696,Nordrhein-Westfalen,Nordrhein-Westfalen,10.21
37697,Niedersachsen,Niedersachsen,10.045
37699,Niedersachsen,Niedersachsen,10.045
38023,Niedersachsen,Niedersachsen,10.045
38083,Lower Saxony,Niedersachsen,10.045
38084,Lower Saxony,Niedersachsen,10.045
38089,Lower Saxony,Niedersachsen,10.045
38090,Lower Saxony,Niedersachsen,10.045
38091,Lower Saxony,Niedersachsen,10.045
38092,Lower Saxony,Niedersachsen,10.045
38093,Lower Saxony,Niedersachsen,10.045
38094,Lower Saxony,Niedersachsen,10.045
38096,Lower Saxony,Niedersachsen,10.045
38097,Lower Saxony,Niedersachsen,10.045
38098,Lower Saxony,Niedersachsen,10.045
38100,Niedersachsen,Niedersachsen,10.045
38102,Niedersachsen,Niedersachsen,10.045
38104,Niedersachsen,Niedersachsen,10.045
38106,Niedersachsen,Niedersachsen,10.045
38108,Niedersachsen,Niedersachsen,10.045
38110,Niedersachsen,Niedersachsen,10.045
38112,Niedersachsen,Niedersachsen,10.045
38114,Niedersachsen,Niedersachsen,10.045
38116,Niedersachsen,Niedersachsen,10.045
38118,Niedersachsen,Niedersachsen,10.045
38120,Niedersachsen,Niedersachsen,10.045
38122,Niedersachsen,Niedersachsen,10.045
38124,Niedersachsen,Niedersachsen,10.045
38126,Niedersachsen,Niedersachsen,10.045
38140,Lower Saxony,Niedersachsen,10.045
38142,Lower Saxony,Niedersachsen,10.045
38143,Lower Saxony,Niedersachsen,10.045
38144,Lower Saxony,Niedersachsen,10.045
38154,Niedersachsen,Niedersachsen,10.045
38159,Niedersachsen,Niedersachsen,10.045
38162,Niedersachsen,Niedersachsen,10.045
38165,Niedersachsen,Niedersachsen,10.045
38170,Niedersachsen,Niedersachsen,10.045
38173,Niedersachsen,Niedersachsen,10.045
38176,Niedersachsen,Niedersachsen,10.045
38179,Niedersachsen,Niedersachsen,10.045
38223,Lower Saxony,Niedersachsen,10.045
38226,Niedersachsen,Niedersachsen,10.045
38228,Niedersachsen,Niedersachsen,10.045
38229,Niedersachsen,Niedersachsen,10.045
38236,Lower Saxony,Niedersachsen,10.045
38237,Lower Saxony,Niedersachsen,10.045
38239,Niedersachsen,Niedersachsen,10.045
38259,Niedersachsen,Niedersachsen,10.045
38268,Niedersachsen,Niedersachsen,10.045
38271,Niedersachsen,Niedersachsen,10.045
38272,Niedersachsen,Niedersachsen,10.045
38274,Niedersachsen,Niedersachsen,10.045
38275,Niedersachsen,Niedersachsen,10.045
38277,Niedersachsen,Niedersachsen,10.045
38279,Niedersachsen,Niedersachsen,10.045
38281,Niedersachsen,Niedersachsen,10.045
38296,Lower Saxony,Niedersachsen,10.045
38299,Lower Saxony,Niedersachsen,10.045
38300,Niedersachsen,Niedersachsen,10.045
38302,Niedersachsen,Niedersachsen,10.045
38304,Niedersachsen,Niedersachsen,10.045
38312,Niedersachsen,Niedersachsen,10.045
38315,Niedersachsen,Niedersachsen,10.045
38319,Niedersachsen,Niedersachsen,10.045
38321,Niedersachsen,Niedersachsen,10.045
38322,Niedersachsen,Niedersachsen,10.045
38324,Niedersachsen,Niedersachsen,10.045
38325,Niedersachsen,Niedersachsen,10.045
38327,Niedersachsen,Niedersachsen,10.045
38329,Niedersachsen,Niedersachsen,10.045
38346,Lower Saxony,Niedersachsen,10.045
38350,Niedersachsen,Niedersachsen,10.045
38364,Niedersachsen,Niedersachsen,10.045
38367,Lower Saxony,Niedersachsen,10.045
38368,Niedersachsen,Niedersachsen,10.045
38372,Niedersachsen,Niedersachsen,10.045
38373,Niedersachsen,Niedersachsen,10.045
38375,Niedersachsen,Niedersachsen,10.045
38376,Niedersachsen,Niedersachsen,10.045
38378,Niedersachsen,Niedersachsen,10.045
38379,Niedersachsen,Niedersachsen,10.045
38381,Niedersachsen,Niedersachsen,10.045
38382,Niedersachsen,Niedersachsen,10.045
38384,Niedersachsen,Niedersachsen,10.045
38385,Niedersachsen,Niedersachsen,10.045
38387,Niedersachsen,Niedersachsen,10.045
38388,Niedersachsen,Niedersachsen,10.045
38432,Lower Saxony,Niedersachsen,10.045
38433,Lower Saxony,Niedersachsen,10.045
38435,Lower Saxony,Niedersachsen,10.045
38436,Lower Saxony,Niedersachsen,10.045
38438,Lower Saxony,Niedersachsen,10.045
38439,Lower Saxony,Niedersachsen,10.045
38440,Niedersachsen,Niedersachsen,10.045
38442,Niedersachsen,Niedersachsen,10.045
38444,Niedersachsen,Niedersachsen,10.045
38446,Niedersachsen,Niedersachsen,10.045
38448,Niedersachsen,Niedersachsen,10.045
38458,Niedersachsen,Niedersachsen,10.045
38459,Niedersachsen,Niedersachsen,10.045
38461,Niedersachsen,Niedersachsen,10.045
38462,Niedersachsen,Niedersachsen,10.045
38464,Niedersachsen,Niedersachsen,10.045
38465,Niedersachsen,Niedersachsen,10.045
38467,Niedersachsen,Niedersachsen,10.045
38468,Niedersachsen,Niedersachsen,10.045
38470,Niedersachsen,Niedersachsen,10.045
38471,Niedersachsen,Niedersachsen,10.045
38473,Niedersachsen,Niedersachsen,10.045
38474,Niedersachsen,Niedersachsen,10.045
38476,Niedersachsen,Niedersachsen,10.045
38477,Niedersachsen,Niedersachsen,10.045
38479,Niedersachsen,Niedersachsen,10.045
38486,Sachsen-Anhalt,Sachsen-Anhalt,10.175
38489,Sachsen-Anhalt,Sachsen-Anhalt,10.175
38516,Lower Saxony,Niedersachsen,10.045
38518,Niedersachsen,Niedersachsen,10.045
38524,Niedersachsen,Niedersachsen,10.045
38526,Lower Saxony,Niedersachsen,10.045
38527,Niedersachsen,Niedersachsen,10.045
38528,Niedersachsen,Niedersachsen,10.045
38530,Niedersachsen,Niedersachsen,10.045
38531,Niedersachsen,Niedersachsen,10.045
38533,Niedersachsen,Niedersachsen,10.045
38536,Niedersachsen,Niedersachsen,10.045
38539,Niedersachsen,Niedersachsen,10.045
38542,Niedersachsen,Niedersachsen,10.045
38543,Niedersachsen,Niedersachsen,10.045
38547,Niedersachsen,Niedersachsen,10.045
38550,Niedersachsen,Niedersachsen,10.045
38551,Niedersachsen,Niedersachsen,10.045
38553,Niedersachsen,Niedersachsen,10.045
38554,Niedersachsen,Niedersachsen,10.045
38556,Niedersachsen,Niedersachsen,10.045
38557,Niedersachsen,Niedersachsen,10.045
38559,Niedersachsen,Niedersachsen,10.045
38640,Niedersachsen,Niedersachsen,10.045
38642,Niedersachsen,Niedersachsen,10.045
38644,Niedersachsen,Niedersachsen,10.045
38667,Niedersachsen,Niedersachsen,10.045
38678,Niedersachsen,Niedersachsen,10.045
38685,Niedersachsen,Niedersachsen,10.045
38690,Niedersachsen,Niedersachsen,10.045
38700,Niedersachsen,Niedersachsen,10.045
38704,Niedersachsen,Niedersachsen,10.045
38707,Niedersachsen,Niedersachsen,10.045
38709,Niedersachsen,Niedersachsen,10.045
38717,Lower Saxony,Niedersachsen,10.045
38723,Niedersachsen,Niedersachsen,10.045
38729,Niedersachsen,Niedersachsen,10.045
38817,Saxony-Anhalt,Sachsen-Anhalt,10.175
38820,Sachsen-Anhalt,Sachsen-Anhalt,10.175
38822,Sachsen-Anhalt,Sachsen-Anhalt,10.175
38828,Sachsen-Anhalt,Sachsen-Anhalt,10.175
38829,Sachsen-Anhalt,Sachsen-Anhalt,10.175
38832,Saxony-Anhalt,Sachsen-Anhalt,10.175
38835,Sachsen-Anhalt,Sachsen-Anhalt,10.175
38836,Sachsen-Anhalt,Sachsen-Anhalt,10.175
38838,Sachsen-Anhalt,Sachsen-Anhalt,10.175
38845,Saxony-Anhalt,Sachsen-Anhalt,10.175
38855,Sachsen-Anhalt,Sachsen-Anhalt,10.175
38871,Sachsen-Anhalt,Sachsen-Anhalt,10.175
38875,Sachsen-Anhalt,Sachsen-Anhalt,10.175
38877,Sachsen-Anhalt,Sachsen-Anhalt,10.175
38879,Sachsen-Anhalt,Sachsen-Anhalt,10.175
38889,Sachsen-Anhalt,Sachsen-Anhalt,10.175
38895,Sachsen-Anhalt,Sachsen-Anhalt,10.175
38899,Sachsen-Anhalt,Sachsen-Anhalt,10.175
38999,Lower Saxony,Niedersachsen,10.045
39014,Sachsen-Anhalt,Sachsen-Anhalt,10.175
39081,Saxony-Anhalt,Sachsen-Anhalt,10.175
39082,Saxony-Anhalt,Sachsen-Anhalt,10.175
39083,Saxony-Anhalt,Sachsen-Anhalt,10.175
39084,Saxony-Anhalt,Sachsen-Anhalt,10.175
39085,Saxony-Anhalt,Sachsen-Anhalt,10.175
39087,Saxony-Anhalt,Sachsen-Anhalt,10.175
39088,Saxony-Anhalt,Sachsen-Anhalt,10.175
39091,Saxony-Anhalt,Sachsen-Anhalt,10.175
39092,Saxony-Anhalt,Sachsen-Anhalt,10.175
39093,Saxony-Anhalt,Sachsen-Anhalt,10.175
39094,Saxony-Anhalt,Sachsen-Anhalt,10.175
39097,Saxony-Anhalt,Sachsen-Anhalt,10.175
39098,Saxony-Anhalt,Sachsen-Anhalt,10.175
39099,Saxony-Anhalt,Sachsen-Anhalt,10.175
39104,Sachsen-Anhalt,Sachsen-Anhalt,10.175
39106,Sachsen-Anhalt,Sachsen-Anhalt,10.175
39108,Sachsen-Anhalt,Sachsen-Anhalt,10.175
39110,Sachsen-Anhalt,Sachsen-Anhalt,10.175
39112,Sachsen-Anhalt,Sachsen-Anhalt,10.175
39114,Sachsen-Anhalt,Sachsen-Anhalt,10.175
39116,Sachsen-Anhalt,Sachsen-Anhalt,10.175
39118,Sachsen-Anhalt,Sachsen-Anhalt,10.175
39120,Sachsen-Anhalt,Sachsen-Anhalt,10.175
39122,Sachsen-Anhalt,Sachsen-Anhalt,10.175
39124,Sachsen-Anhalt,Sachsen-Anhalt,10.175
39126,Sachsen-Anhalt,Sachsen-Anhalt,10.175
39128,Sachsen-Anhalt,Sachsen-Anhalt,10.175
39130,Sachsen-Anhalt,Sachsen-Anhalt,10.175
39148,Saxony-Anhalt,Sachsen-Anhalt,10.175
39149,Saxony-Anhalt,Sachsen-Anhalt,10.175
39157,Saxony-Anhalt,Sachsen-Anhalt,10.175
39164,Sachsen-Anhalt,Sachsen-Anhalt,10.175
39167,Sachsen-Anhalt,Sachsen-Anhalt,10.175
39171,Sachsen-Anhalt,Sachsen-Anhalt,10.175
39175,Sachsen-Anhalt,Sachsen-Anhalt,10.175
39178,Saxony-Anhalt,Sachsen-Anhalt,10.175
39179,Sachsen-Anhalt,Sachsen-Anhalt,10.175
39217,Sachsen-Anhalt,Sachsen-Anhalt,10.175
39218,Sachsen-Anhalt,Sachsen-Anhalt,10.175
39221,Sachsen-Anhalt,Sachsen-Anhalt,10.175
39240,Sachsen-Anhalt,Sachsen-Anhalt,10.175
39245,Sachsen-Anhalt,Sachsen-Anhalt,10.175
39249,Sachsen-Anhalt,Sachsen-Anhalt,10.175
39258,Saxony-Anhalt,Sachsen-Anhalt,10.175
39261,Sachsen-Anhalt,Sachsen-Anhalt,10.175
39264,Sachsen-Anhalt,Sachsen-Anhalt,10.175
39279,Sachsen-Anhalt,Sachsen-Anhalt,10.175
39288,Sachsen-Anhalt,Sachsen-Anhalt,10.175
39291,Sachsen-Anhalt,Sachsen-Anhalt,10.175
39307,Sachsen-Anhalt,Sachsen-Anhalt,10.175
39317,Sachsen-Anhalt,Sachsen-Anhalt,10.175
39319,Sachsen-Anhalt,Sachsen-Anhalt,10.175
39326,Sachsen-Anhalt,Sachsen-Anhalt,10.175
39340,Sachsen-Anhalt,Sachsen-Anhalt,10.175
39343,Sachsen-Anhalt,Sachsen-Anhalt,10.175
39345,Sachsen-Anhalt,Sachsen-Anhalt,10.175
39356,Sachsen-Anhalt,Sachsen-Anhalt,10.175
39359,Sachsen-Anhalt,Sachsen-Anhalt,10.175
39365,Sachsen-Anhalt,Sachsen-Anhalt,10.175
39387,Sachsen-Anhalt,Sachsen-Anhalt,10.175
39393,Sachsen-Anhalt,Sachsen-Anhalt,10.175
39397,Sachsen-Anhalt,Sachsen-Anhalt,10.175
39398,Sachsen-Anhalt,Sachsen-Anhalt,10.175
39400,Saxony-Anhalt,Sachsen-Anhalt,10.175
39418,Sachsen-Anhalt,Sachsen-Anhalt,10.175
39434,Sachsen-Anhalt,Sachsen-Anhalt,10.175
39435,Sachsen-Anhalt,Sachsen-Anhalt,10.175
39439,Sachsen-Anhalt,Sachsen-Anhalt,10.175
39443,Sachsen-Anhalt,Sachsen-Anhalt,10.175
39444,Sachsen-Anhalt,Sachsen-Anhalt,10.175
39446,Sachsen-Anhalt,Sachsen-Anhalt,10.175
39448,Sachsen-Anhalt,Sachsen-Anhalt,10.175
39517,Sachsen-Anhalt,Sachsen-Anhalt,10.175
39524,Sachsen-Anhalt,Sachsen-Anhalt,10.175
39539,Sachsen-Anhalt,Sachsen-Anhalt,10.175
39576,Sachsen-Anhalt,Sachsen-Anhalt,10.175
39579,Sachsen-Anhalt,Sachsen-Anhalt,10.175
39590,Sachsen-Anhalt,Sachsen-Anhalt,10.175
39596,Sachsen-Anhalt,Sachsen-Anhalt,10.175
39599,Sachsen-Anhalt,Sachsen-Anhalt,10.175
39606,Sachsen-Anhalt,Sachsen-Anhalt,10.175
39615,Sachsen-Anhalt,Sachsen-Anhalt,10.175
39619,Sachsen-Anhalt,Sachsen-Anhalt,10.175
39624,Sachsen-Anhalt,Sachsen-Anhalt,10.175
39629,Sachsen-Anhalt,Sachsen-Anhalt,10.175
39638,Sachsen-Anhalt,Sachsen-Anhalt,10.175
39646,Sachsen-Anhalt,Sachsen-Anhalt,10.175
39649,Sachsen-Anhalt,Sachsen-Anhalt,10.175
40180,Nordrhein-Westfalen,Nordrhein-Westfalen,10.21
40181,Nordrhein-Westfalen,Nordrhein-Westfalen,10.21
40182,Nordrhein-Westfalen,Nordrhein-Westfalen,10.21
40186,Nordrhein-Westfalen,Nordrhein-Westfalen,10.21
40187,Nordrhein-Westfalen,Nordrhein-Westfalen,10.21
40188,Nordrhein-Westfalen,Nordrhein-Westfalen,10.21
40189,Nordrhein-Westfalen,Nordrhein-Westfalen,10.21
40190,Nordrhein-Westfalen,Nordrhein-Westfalen,10.21
40191,Nordrhein-Westfalen,Nordrhein-Westfalen,10.21
40192,Nordrhein-Westfalen,Nordrhein-Westfalen,10.21
40193,Nordrhein-Westfalen,Nordrhein-Westfalen,10.21
40194,Nordrhein-Westfalen,Nordrhein-Westfalen,10.21
40195,Nordrhein-Westfalen,Nordrhein-Westfalen,10.21
40196,Nordrhein-Westfalen,Nordrhein-Westfalen,10.21
40198,Nordrhein-Westfalen,Nordrhein-Westfalen,10.21
40199,Nordrhein-Westfalen,Nordrhein-Westfalen,10.21
40202,Nordrhein-Westfalen,Nordrhein-Westfalen,10.21
40204,Nordrhein-Westfalen,Nordrhein-Westfalen,10.21
40210,Nordrhein-Westfalen,Nordrhein-Westfalen,10.21
40211,Nordrhein-Westfalen,Nordrhein-Westfalen,10.21
40212,Nordrhein-Westfalen,Nordrhein-Westfalen,10.21
40213,Nordrhein-Westfalen,Nordrhein-Westfalen,10.21
40215,Nordrhein-Westfalen,Nordrhein-Westfalen,10.21
40217,Nordrhein-Westfalen,Nordrhein-Westfalen,10.21
40219,Nordrhein-Westfalen,Nordrhein-Westfalen,10.21
40221,Nordrhein-Westfalen,Nordrhein-Westfalen,10.21
40223,Nordrhein-Westfalen,Nordrhein-Westfalen,10.21
40225,Nordrhein-Westfalen,Nordrhein-Westfalen,10.21
40227,Nordrhein-Westfalen,Nordrhein-Westfalen,10.21
40229,Nordrhein-Westfalen,Nordrhein-Westfalen,10.21
40231,Nordrhein-Westfalen,Nordrhein-Westfalen,10.21
40233,Nordrhein-Westfalen,Nordrhein-Westfalen,10.21
40235,Nordrhein-Westfalen,Nordrhein-Westfalen,10.21
40237,Nordrhein-Westfalen,Nordrhein-Westfalen,10.21
40239,Nordrhein-Westfalen,Nordrhein-Westfalen,10.21
40250,Nordrhein-Westfalen,Nordrhein-Westfalen,10.21
40251,Nordrhein-Westfalen,Nordrhein-Westfalen,10.21
40252,Nordrhein-Westfalen,Nordrhein-Westfalen,10.21
40260,Nordrhein-Westfalen,Nordrhein-Westfalen,10.21
40300,Nordrhein-Westfalen,Nordrhein-Westfalen,10.21
40302,Nordrhein-Westfalen,Nordrhein-Westfalen,10.21
40340,Nordrhein-Westfalen,Nordrhein-Westfalen,10.21
40463,Nordrhein-Westfalen,Nordrhein-Westfalen,10.21
40464,Nordrhein-Westfalen,Nordrhein-Westfalen,10.21
40466,Nordrhein-Westfalen,Nordrhein-Westfalen,10.21
40467,Nordrhein-Westfalen,Nordrhein-Westfalen,10.21
40468,Nordrhein-Westfalen,Nordrhein-Westfalen,10.21
40470,Nordrhein-Westfalen,Nordrhein-Westfalen,10.21
40472,Nordrhein-Westfalen,Nordrhein-Westfalen,10.21
40474,Nordrhein-Westfalen,Nordrhein-Westfalen,10.21
40476,Nordrhein-Westfalen,Nordrhein-Westfalen,10.21
40477,Nordrhein-Westfalen,Nordrhein-Westfalen,10.21
40479,Nordrhein-Westfalen,Nordrhein-Westfalen,10.21
40489,Nordrhein-Westfalen,Nordrhein-Westfalen,10.21
40541,Nordrhein-Westfalen,Nordrhein-Westfalen,10.21
40542,Nordrhein-Westfalen,Nordrhein-Westfalen,10.21
40543,Nordrhein-Westfalen,Nordrhein-Westfalen,10.21
40545,Nordrhein-Westfalen,Nordrhein-Westfalen,10.21
40547,Nordrhein-Westfalen,Nordrhein-Westfalen,10.21
40549,Nordrhein-Westfalen,Nordrhein-Westfalen,10.21
40589,Nordrhein-Westfalen,Nordrhein-Westfalen,10.21
40591,Nordrhein-Westfalen,Nordrhein-Westfalen,10.21
40593,Nordrhein-Westfalen,Nordrhein-Westfalen,10.21
40595,Nordrhein-Westfalen,Nordrhein-Westfalen,10.21
40597,Nordrhein-Westfalen,Nordrhein-Westfalen,10.21
40599,Nordrhein-Westfalen,Nordrhein-Westfalen,10.21
40625,Nordrhein-Westfalen,Nordrhein-Westfalen,10.21
40627,Nordrhein-Westfalen,Nordrhein-Westfalen,10.21
40629,Nordrhein-Westfalen,Nordrhein-Westfalen,10.21
40667,Nordrhein-Westfalen,Nordrhein-Westfalen,10.21
40668,Nordrhein-Westfalen,Nordrhein-Westfalen,10.21
40670,Nordrhein-Westfalen,Nordrhein-Westfalen,10.21
40699,Nordrhein-Westfalen,Nordrhein-Westfalen,10.21
40718,Nordrhein-Westfalen,Nordrhein-Westfalen,10.21
40721,Nordrhein-Westfalen,Nordrhein-Westfalen,10.21
40723,Nordrhein-Westfalen,Nordrhein-Westfalen,10.21
40724,Nordrhein-Westfalen,Nordrhein-Westfalen,10.21
40764,Nordrhein-Westfalen,Nordrhein-Westfalen,10.21
40786,Nordrhein-Westfalen,Nordrhein-Westfalen,10.21
40789,Nordrhein-Westfalen,Nordrhein-Westfalen,10.21
40815,Nordrhein-Westfalen,Nordrhein-Westfalen,10.21
40816,Nordrhein-Westfalen,Nordrhein-Westfalen,10.21
40822,Nordrhein-Westfalen,Nordrhein-Westfalen,10.21
40832,Nordrhein-Westfalen,Nordrhein-Westfalen,10.21
40842,Nordrhein-Westfalen,Nordrhein-Westfalen,10.21
40878,Nordrhein-Westfalen,Nordrhein-Westfalen,10.21
40880,Nordrhein-Westfalen,Nordrhein-Westfalen,10.21
40882,Nordrhein-Westfalen,Nordrhein-Westfalen,10.21
40883,Nordrhein-Westfalen,Nordrhein-Westfalen,10.21
40885,Nordrhein-Westfalen,Nordrhein-Westfalen,10.21
41050,Nordrhein-Westfalen,Nordrhein-Westfalen,10.21
41052,Nordrhein-Westfalen,Nordrhein-Westfalen,10.21
41054,Nordrhein-Westfalen,Nordrhein-Westfalen,10.21
41061,Nordrhein-Westfalen,Nordrhein-Westfalen,10.21
41063,Nordrhein-Westfalen,Nordrhein-Westfalen,10.21
41065,Nordrhein-Westfalen,Nordrhein-Westfalen,10.21
41066,Nordrhein-Westfalen,Nordrhein-Westfalen,10.21
41068,Nordrhein-Westfalen,Nordrhein-Westfalen,10.21
41069,Nordrhein-Westfalen,Nordrhein-Westfalen,10.21
41169,Nordrhein-Westfalen,Nordrhein-Westfalen,10.21
41179,Nordrhein-Westfalen,Nordrhein-Westfalen,10.21
41189,Nordrhein-Westfalen,Nordrhein-Westfalen,10.21
41199,Nordrhein-Westfalen,Nordrhein-Westfalen,10.21
41200,Nordrhein-Westfalen,Nordrhein-Westfalen,10.21
41236,Nordrhein-Westfalen,Nordrhein-Westfalen,10.21
41238,Nordrhein-Westfalen,Nordrhein-Westfalen,10.21
41239,Nordrhein-Westfalen,Nordrhein-Westfalen,10.21
41260,Nordrhein-Westfalen,Nordrhein-Westfalen,10.21
41261,Nordrhein-Westfalen,Nordrhein-Westfalen,10.21
41334,Nordrhein-Westfalen,Nordrhein-Westfalen,10.21
41352,Nordrhein-Westfalen,Nordrhein-Westfalen,10.21
41363,Nordrhein-Westfalen,Nordrhein-Westfalen,10.21
41366,Nordrhein-Westfalen,Nordrhein-Westfalen,10.21
41372,Nordrhein-Westfalen,Nordrhein-Westfalen,10.21
41379,Nordrhein-Westfalen,Nordrhein-Westfalen,10.21
41424,Nordrhein-Westfalen,Nordrhein-Westfalen,10.21
41452,Nordrhein-Westfalen,Nordrhein-Westfalen,10.21
41453,Nordrhein-Westfalen,Nordrhein-Westfalen,10.21
41455,Nordrhein-Westfalen,Nordrhein-Westfalen,10.21
41456,Nordrhein-Westfalen,Nordrhein-Westfalen,10.21
41457,Nordrhein-Westfalen,Nordrhein-Westfalen,10.21
41460,Nordrhein-Westfalen,Nordrhein-Westfalen,10.21
41462,Nordrhein-Westfalen,Nordrhein-Westfalen,10.21
41464,Nordrhein-Westfalen,Nordrhein-Westfalen,10.21
41466,Nordrhein-Westfalen,Nordrhein-Westfalen,10.21
41468,Nordrhein-Westfalen,Nordrhein-Westfalen,10.21
41469,Nordrhein-Westfalen,Nordrhein-Westfalen,10.21
41470,Nordrhein-Westfalen,Nordrhein-Westfalen,10.21
41472,Nordrhein-Westfalen,Nordrhein-Westfalen,10.21
41513,Nordrhein-Westfalen,Nordrhein-Westfalen,10.21
41515,Nordrhein-Westfalen,Nordrhein-Westfalen,10.21
41516,Nordrhein-Westfalen,Nordrhein-Westfalen,10.21
41517,Nordrhein-Westfalen,Nordrhein-Westfalen,10.21
41538,Nordrhein-Westfalen,Nordrhein-Westfalen,10.21
41539,Nordrhein-Westfalen,Nordrhein-Westfalen,10.21
41540,Nordrhein-Westfalen,Nordrhein-Westfalen,10.21
41541,Nordrhein-Westfalen,Nordrhein-Westfalen,10.21
41542,Nordrhein-Westfalen,Nordrhein-Westfalen,10.21
41561,Nordrhein-Westfalen,Nordrhein-Westfalen,10.21
41564,Nordrhein-Westfalen,Nordrhein-Westfalen,10.21
41569,Nordrhein-Westfalen,Nordrhein-Westfalen,10.21
41747,Nordrhein-Westfalen,Nordrhein-Westfalen,10.21
41748,Nordrhein-Westfalen,Nordrhein-Westfalen,10.21
41749,Nordrhein-Westfalen,Nordrhein-Westfalen,10.21
41751,Nordrhein-Westfalen,Nordrhein-Westfalen,10.21
41812,Nordrhein-Westfalen,Nordrhein-Westfalen,10.21
41833,Nordrhein-Westfalen,Nordrhein-Westfalen,10.21
41836,Nordrhein-Westfalen,Nordrhein-Westfalen,10.21
41844,Nordrhein-Westfalen,Nordrhein-Westfalen,10.21
41849,Nordrhein-Westfalen,Nordrhein-Westfalen,10.21
42093,Nordrhein-Westfalen,Nordrhein-Westfalen,10.21
42094,Nordrhein-Westfalen,Nordrhein-Westfalen,10.21
42095,Nordrhein-Westfalen,Nordrhein-Westfalen,10.21
42096,Nordrhein-Westfalen,Nordrhein-Westfalen,10.21
42097,Nordrhein-Westfalen,Nordrhein-Westfalen,10.21
42098,Nordrhein-Westfalen,Nordrhein-Westfalen,10.21
42099,Nordrhein-Westfalen,Nordrhein-Westfalen,10.21
42101,Nordrhein-Westfalen,Nordrhein-Westfalen,10.21
42103,Nordrhein-Westfalen,Nordrhein-Westfalen,10.21
42105,Nordrhein-Westfalen,Nordrhein-Westfalen,10.21
42107,Nordrhein-Westfalen,Nordrhein-Westfalen,10.21
42109,Nordrhein-Westfalen,Nordrhein-Westfalen,10.21
42111,Nordrhein-Westfalen,Nordrhein-Westfalen,10.21
42113,Nordrhein-Westfalen,Nordrhein-Westfalen,10.21
42115,Nordrhein-Westfalen,Nordrhein-Westfalen,10.21
42117,Nordrhein-Westfalen,Nordrhein-Westfalen,10.21
42119,Nordrhein-Westfalen,Nordrhein-Westfalen,10.21
42266,Nordrhein-Westfalen,Nordrhein-Westfalen,10.21
42268,Nordrhein-Westfalen,Nordrhein-Westfalen,10.21
42269,Nordrhein-Westfalen,Nordrhein-Westfalen,10.21
42270,Nordrhein-Westfalen,Nordrhein-Westfalen,10.21
42271,Nordrhein-Westfalen,Nordrhein-Westfalen,10.21
42272,Nordrhein-Westfalen,Nordrhein-Westfalen,10.21
42273,Nordrhein-Westfalen,Nordrhein-Westfalen,10.21
42275,Nordrhein-Westfalen,Nordrhein-Westfalen,10.21
42277,Nordrhein-Westfalen,Nordrhein-Westfalen,10.21
42279,Nordrhein-Westfalen,Nordrhein-Westfalen,10.21
42281,Nordrhein-Westfalen,Nordrhein-Westfalen,10.21
42283,Nordrhein-Westfalen,Nordrhein-Westfalen,10.21
42285,Nordrhein-Westfalen,Nordrhein-Westfalen,10.21
42287,Nordrhein-Westfalen,Nordrhein-Westfalen,10.21
42289,Nordrhein-Westfalen,Nordrhein-Westfalen,10.21
42300,Nordrhein-Westfalen,Nordrhein-Westfalen,10.21
42327,Nordrhein-Westfalen,Nordrhein-Westfalen,10.21
42329,Nordrhein-Westfalen,Nordrhein-Westfalen,10.21
42337,Nordrhein-Westfalen,Nordrhein-Westfalen,10.21
42347,Nordrhein-Westfalen,Nordrhein-Westfalen,10.21
42349,Nordrhein-Westfalen,Nordrhein-Westfalen,10.21
42369,Nordrhein-Westfalen,Nordrhein-Westfalen,10.21
42387,Nordrhein-Westfalen,Nordrhein-Westfalen,10.21
42389,Nordrhein-Westfalen,Nordrhein-Westfalen,10.21
42399,Nordrhein-Westfalen,Nordrhein-Westfalen,10.21
42409,Nordrhein-Westfalen,Nordrhein-Westfalen,10.21
42477,Nordrhein-Westfalen,Nordrhein-Westfalen,10.21
42489,Nordrhein-Westfalen,Nordrhein-Westfalen,10.21
42499,Nordrhein-Westfalen,Nordrhein-Westfalen,10.21
42547,Nordrhein-Westfalen,Nordrhein-Westfalen,10.21
42549,Nordrhein-Westfalen,Nordrhein-Westfalen,10.21
42551,Nordrhein-Westfalen,Nordrhein-Westfalen,10.21
42553,Nordrhein-Westfalen,Nordrhein-Westfalen,10.21
42555,Nordrhein-Westfalen,Nordrhein-Westfalen,10.21
42577,Nordrhein-Westfalen,Nordrhein-Westfalen,10.21
42579,Nordrhein-Westfalen,Nordrhein-Westfalen,10.21
42645,Nordrhein-Westfalen,Nordrhein-Westfalen,10.21
42648,Nordrhein-Westfalen,Nordrhein-Westfalen,10.21
42649,Nordrhein-Westfalen,Nordrhein-Westfalen,10.21
42651,Nordrhein-Westfalen,Nordrhein-Westfalen,10.21
42653,Nordrhein-Westfalen,Nordrhein-Westfalen,10.21
42655,Nordrhein-Westfalen,Nordrhein-Westfalen,10.21
42657,Nordrhein-Westfalen,Nordrhein-Westfalen,10.21
42659,Nordrhein-Westfalen,Nordrhein-Westfalen,10.21
42697,Nordrhein-Westfalen,Nordrhein-Westfalen,10.21
42699,Nordrhein-Westfalen,Nordrhein-Westfalen,10.21
42715,Nordrhein-Westfalen,Nordrhein-Westfalen,10.21
42717,Nordrhein-Westfalen,Nordrhein-Westfalen,10.21
42719,Nordrhein-Westfalen,Nordrhein-Westfalen,10.21
42781,Nordrhein-Westfalen,Nordrhein-Westfalen,10.21
42799,Nordrhein-Westfalen,Nordrhein-Westfalen,10.21
42849,Nordrhein-Westfalen,Nordrhein-Westfalen,10.21
42850,Nordrhein-Westfalen,Nordrhein-Westfalen,10.21
42853,Nordrhein-Westfalen,Nordrhein-Westfalen,10.21
42855,Nordrhein-Westfalen,Nordrhein-Westfalen,10.21
42857,Nordrhein-Westfalen,Nordrhein-Westfalen,10.21
42859,Nordrhein-Westfalen,Nordrhein-Westfalen,10.21
42895,Bavaria,Bayern,8.855
42897,Nordrhein-Westfalen,Nordrhein-Westfalen,10.21
42899,Nordrhein-Westfalen,Nordrhein-Westfalen,10.21
42926,Nordrhein-Westfalen,Nordrhein-Westfalen,10.21
42929,Nordrhein-Westfalen,Nordrhein-Westfalen,10.21
44111,Nordrhein-Westfalen,Nordrhein-Westfalen,10.21
44112,Nordrhein-Westfalen,Nordrhein-Westfalen,10.21
44113,Nordrhein-Westfalen,Nordrhein-Westfalen,10.21
44115,Nordrhein-Westfalen,Nordrhein-Westfalen,10.21
44116,Nordrhein-Westfalen,Nordrhein-Westfalen,10.21
44117,Nordrhein-Westfalen,Nordrhein-Westfalen,10.21
44118,Nordrhein-Westfalen,Nordrhein-Westfalen,10.21
44119,Nordrhein-Westfalen,Nordrhein-Westfalen,10.21
44120,Nordrhein-Westfalen,Nordrhein-Westfalen,10.21
44121,Nordrhein-Westfalen,Nordrhein-Westfalen,10.21
44122,Nordrhein-Westfalen,Nordrhein-Westfalen,10.21
44123,Nordrhein-Westfalen,Nordrhein-Westfalen,10.21
44124,Nordrhein-Westfalen,Nordrhein-Westfalen,10.21
44125,Nordrhein-Westfalen,Nordrhein-Westfalen,10.21
44126,Nordrhein-Westfalen,Nordrhein-Westfalen,10.21
44127,Nordrhein-Westfalen,Nordrhein-Westfalen,10.21
44128,Nordrhein-Westfalen,Nordrhein-Westfalen,10.21
44129,Nordrhein-Westfalen,Nordrhein-Westfalen,10.21
44130,Nordrhein-Westfalen,Nordrhein-Westfalen,10.21
44131,Nordrhein-Westfalen,Nordrhein-Westfalen,10.21
44133,Nordrhein-Westfalen,Nordrhein-Westfalen,10.21
44135,Nordrhein-Westfalen,Nordrhein-Westfalen,10.21
44137,Nordrhein-Westfalen,Nordrhein-Westfalen,10.21
44139,Nordrhein-Westfalen,Nordrhein-Westfalen,10.21
44141,Nordrhein-Westfalen,Nordrhein-Westfalen,10.21
44143,Nordrhein-Westfalen,Nordrhein-Westfalen,10.21
44145,Nordrhein-Westfalen,Nordrhein-Westfalen,10.21
44147,Nordrhein-Westfalen,Nordrhein-Westfalen,10.21
44149,Nordrhein-Westfalen,Nordrhein-Westfalen,10.21
44221,Nordrhein-Westfalen,Nordrhein-Westfalen,10.21
44222,Nordrhein-Westfalen,Nordrhein-Westfalen,10.21
44225,Nordrhein-Westfalen,Nordrhein-Westfalen,10.21
44227,Nordrhein-Westfalen,Nordrhein-Westfalen,10.21
44229,Nordrhein-Westfalen,Nordrhein-Westfalen,10.21
44261,Nordrhein-Westfalen,Nordrhein-Westfalen,10.21
44263,Nordrhein-Westfalen,Nordrhein-Westfalen,10.21
44265,Nordrhein-Westfalen,Nordrhein-Westfalen,10.21
44267,Nordrhein-Westfalen,Nordrhein-Westfalen,10.21
44269,Nordrhein-Westfalen,Nordrhein-Westfalen,10.21
44280,Nordrhein-Westfalen,Nordrhein-Westfalen,10.21
44285,Nordrhein-Westfalen,Nordrhein-Westfalen,10.21
44287,Nordrhein-Westfalen,Nordrhein-Westfalen,10.21
44289,Nordrhein-Westfalen,Nordrhein-Westfalen,10.21
44309,Nordrhein-Westfalen,Nordrhein-Westfalen,10.21
44319,Nordrhein-Westfalen,Nordrhein-Westfalen,10.21
44328,Nordrhein-Westfalen,Nordrhein-Westfalen,10.21
44329,Nordrhein-Westfalen,Nordrhein-Westfalen,10.21
44339,Nordrhein-Westfalen,Nordrhein-Westfalen,10.21
44357,Nordrhein-Westfalen,Nordrhein-Westfalen,10.21
44359,Nordrhein-Westfalen,Nordrhein-Westfalen,10.21
44369,Nordrhein-Westfalen,Nordrhein-Westfalen,10.21
44379,Nordrhein-Westfalen,Nordrhein-Westfalen,10.21
44388,Nordrhein-Westfalen,Nordrhein-Westfalen,10.21
44401,Nordrhein-Westfalen,Nordrhein-Westfalen,10.21
44402,Nordrhein-Westfalen,Nordrhein-Westfalen,10.21
44530,Nordrhein-Westfalen,Nordrhein-Westfalen,10.21
44532,Nordrhein-Westfalen,Nordrhein-Westfalen,10.21
44534,Nordrhein-Westfalen,Nordrhein-Westfalen,10.21
44536,Nordrhein-Westfalen,Nordrhein-Westfalen,10.21
44573,Nordrhein-Westfalen,Nordrhein-Westfalen,10.21
44575,Nordrhein-Westfalen,Nordrhein-Westfalen,10.21
44577,Nordrhein-Westfalen,Nordrhein-Westfalen,10.21
44579,Nordrhein-Westfalen,Nordrhein-Westfalen,10.21
44581,Nordrhein-Westfalen,Nordrhein-Westfalen,10.21
44621,Nordrhein-Westfalen,Nordrhein-Westfalen,10.21
44623,Nordrhein-Westfalen,Nordrhein-Westfalen,10.21
44625,Nordrhein-Westfalen,Nordrhein-Westfalen,10.21
44627,Nordrhein-Westfalen,Nordrhein-Westfalen,10.21
44628,Nordrhein-Westfalen,Nordrhein-Westfalen,10.21
44629,Nordrhein-Westfalen,Nordrhein-Westfalen,10.21
44647,Nordrhein-Westfalen,Nordrhein-Westfalen,10.21
44649,Nordrhein-Westfalen,Nordrhein-Westfalen,10.21
44651,Nordrhein-Westfalen,Nordrhein-Westfalen,10.21
44652,Nordrhein-Westfalen,Nordrhein-Westfalen,10.21
44653,Nordrhein-Westfalen,Nordrhein-Westfalen,10.21
44771,Nordrhein-Westfalen,Nordrhein-Westfalen,10.21
44772,Nordrhein-Westfalen,Nordrhein-Westfalen,10.21
44773,Nordrhein-Westfalen,Nordrhein-Westfalen,10.21
44774,Nordrhein-Westfalen,Nordrhein-Westfalen,10.21
44775,Nordrhein-Westfalen,Nordrhein-Westfalen,10.21
44776,Nordrhein-Westfalen,Nordrhein-Westfalen,10.21
44778,Nordrhein-Westfalen,Nordrhein-Westfalen,10.21
44779,Nordrhein-Westfalen,Nordrhein-Westfalen,10.21
44780,Nordrhein-Westfalen,Nordrhein-Westfalen,10.21
44781,Nordrhein-Westfalen,Nordrhein-Westfalen,10.21
44782,Nordrhein-Westfalen,Nordrhein-Westfalen,10.21
44784,Nordrhein-Westfalen,Nordrhein-Westfalen,10.21
44785,Nordrhein-Westfalen,Nordrhein-Westfalen,10.21
44787,Nordrhein-Westfalen,Nordrhein-Westfalen,10.21
44789,Nordrhein-Westfalen,Nordrhein-Westfalen,10.21
44791,Nordrhein-Westfalen,Nordrhein-Westfalen,10.21
44793,Nordrhein-Westfalen,Nordrhein-Westfalen,10.21
44795,Nordrhein-Westfalen,Nordrhein-Westfalen,10.21
44797,Nordrhein-Westfalen,Nordrhein-Westfalen,10.21
44799,Nordrhein-Westfalen,Nordrhein-Westfalen,10.21
44801,Nordrhein-Westfalen,Nordrhein-Westfalen,10.21
44803,Nordrhein-Westfalen,Nordrhein-Westfalen,10.21
44805,Nordrhein-Westfalen,Nordrhein-Westfalen,10.21
44807,Nordrhein-Westfalen,Nordrhein-Westfalen,10.21
44809,Nordrhein-Westfalen,Nordrhein-Westfalen,10.21
44863,Nordrhein-Westfalen,Nordrhein-Westfalen,10.21
44866,Nordrhein-Westfalen,Nordrhein-Westfalen,10.21
44867,Nordrhein-Westfalen,Nordrhein-Westfalen,10.21
44869,Nordrhein-Westfalen,Nordrhein-Westfalen,10.21
44879,Nordrhein-Westfalen,Nordrhein-Westfalen,10.21
44892,Nordrhein-Westfalen,Nordrhein-Westfalen,10.21
44894,Nordrhein-Westfalen,Nordrhein-Westfalen,10.21
45058,Nordrhein-Westfalen,Nordrhein-Westfalen,10.21
45060,Nordrhein-Westfalen,Nordrhein-Westfalen,10.21
45061,Nordrhein-Westfalen,Nordrhein-Westfalen,10.21
45062,Nordrhein-Westfalen,Nordrhein-Westfalen,10.21
45063,Nordrhein-Westfalen,Nordrhein-Westfalen,10.21
45064,Nordrhein-Westfalen,Nordrhein-Westfalen,10.21
45091,Nordrhein-Westfalen,Nordrhein-Westfalen,10.21
45092,Nordrhein-Westfalen,Nordrhein-Westfalen,10.21
45093,Nordrhein-Westfalen,Nordrhein-Westfalen,10.21
45095,Nordrhein-Westfalen,Nordrhein-Westfalen,10.21
45097,Nordrhein-Westfalen,Nordrhein-Westfalen,10.21
45098,Nordrhein-Westfalen,Nordrhein-Westfalen,10.21
45099,Nordrhein-Westfalen,Nordrhein-Westfalen,10.21
45102,Nordrhein-Westfalen,Nordrhein-Westfalen,10.21
45113,Nordrhein-Westfalen,Nordrhein-Westfalen,10.21
45114,Nordrhein-Westfalen,Nordrhein-Westfalen,10.21
45115,Nordrhein-Westfalen,Nordrhein-Westfalen,10.21
45116,Nordrhein-Westfalen,Nordrhein-Westfalen,10.21
45117,Nordrhein-Westfalen,Nordrhein-Westfalen,10.21
45119,Nordrhein-Westfalen,Nordrhein-Westfalen,10.21
45120,Nordrhein-Westfalen,Nordrhein-Westfalen,10.21
45121,Nordrhein-Westfalen,Nordrhein-Westfalen,10.21
45122,Nordrhein-Westfalen,Nordrhein-Westfalen,10.21
45123,Nordrhein-Westfalen,Nordrhein-Westfalen,10.21
45124,Nordrhein-Westfalen,Nordrhein-Westfalen,10.21
45125,Nordrhein-Westfalen,Nordrhein-Westfalen,10.21
45126,Nordrhein-Westfalen,Nordrhein-Westfalen,10.21
45127,Nordrhein-Westfalen,Nordrhein-Westfalen,10.21
45128,Nordrhein-Westfalen,Nordrhein-Westfalen,10.21
45130,Nordrhein-Westfalen,Nordrhein-Westfalen,10.21
45131,Nordrhein-Westfalen,Nordrhein-Westfalen,10.21
45133,Nordrhein-Westfalen,Nordrhein-Westfalen,10.21
45134,Nordrhein-Westfalen,Nordrhein-Westfalen,10.21
45136,Nordrhein-Westfalen,Nordrhein-Westfalen,10.21
45138,Nordrhein-Westfalen,Nordrhein-Westfalen,10.21
45139,Nordrhein-Westfalen,Nordrhein-Westfalen,10.21
45141,Nordrhein-Westfalen,Nordrhein-Westfalen,10.21
45143,Nordrhein-Westfalen,Nordrhein-Westfalen,10.21
45144,Nordrhein-Westfalen,Nordrhein-Westfalen,10.21
45145,Nordrhein-Westfalen,Nordrhein-Westfalen,10.21
45147,Nordrhein-Westfalen,Nordrhein-Westfalen,10.21
45149,Nordrhein-Westfalen,Nordrhein-Westfalen,10.21
45195,Nordrhein-Westfalen,Nordrhein-Westfalen,10.21
45196,Nordrhein-Westfalen,Nordrhein-Westfalen,10.21
45219,Nordrhein-Westfalen,Nordrhein-Westfalen,10.21
45239,Nordrhein-Westfalen,Nordrhein-Westfalen,10.21
45257,Nordrhein-Westfalen,Nordrhein-Westfalen,10.21
45259,Nordrhein-Westfalen,Nordrhein-Westfalen,10.21
45276,Nordrhein-Westfalen,Nordrhein-Westfalen,10.21
45277,Nordrhein-Westfalen,Nordrhein-Westfalen,10.21
45279,Nordrhein-Westfalen,Nordrhein-Westfalen,10.21
45289,Nordrhein-Westfalen,Nordrhein-Westfalen,10.21
45307,Nordrhein-Westfalen,Nordrhein-Westfalen,10.21
45309,Nordrhein-Westfalen,Nordrhein-Westfalen,10.21
45326,Nordrhein-Westfalen,Nordrhein-Westfalen,10.21
45327,Nordrhein-Westfalen,Nordrhein-Westfalen,10.21
45329,Nordrhein-Westfalen,Nordrhein-Westfalen,10.21
45355,Nordrhein-Westfalen,Nordrhein-Westfalen,10.21
45356,Nordrhein-Westfalen,Nordrhein-Westfalen,10.21
45357,Nordrhein-Westfalen,Nordrhein-Westfalen,10.21
45359,Nordrhein-Westfalen,Nordrhein-Westfalen,10.21
45365,Nordrhein-Westfalen,Nordrhein-Westfalen,10.21
45403,Nordrhein-Westfalen,Nordrhein-Westfalen,10.21
45466,Nordrhein-Westfalen,Nordrhein-Westfalen,10.21
45468,Nordrhein-Westfalen,Nordrhein-Westfalen,10.21
45470,Nordrhein-Westfalen,Nordrhein-Westfalen,10.21
45472,Nordrhein-Westfalen,Nordrhein-Westfalen,10.21
45473,Nordrhein-Westfalen,Nordrhein-Westfalen,10.21
45475,Nordrhein-Westfalen,Nordrhein-Westfalen,10.21
45476,Nordrhein-Westfalen,Nordrhein-Westfalen,10.21
45478,Nordrhein-Westfalen,Nordrhein-Westfalen,10.21
45479,Nordrhein-Westfalen,Nordrhein-Westfalen,10.21
45481,Nordrhein-Westfalen,Nordrhein-Westfalen,10.21
45523,Nordrhein-Westfalen,Nordrhein-Westfalen,10.21
45525,Nordrhein-Westfalen,Nordrhein-Westfalen,10.21
45527,Nordrhein-Westfalen,Nordrhein-Westfalen,10.21
45529,Nordrhein-Westfalen,Nordrhein-Westfalen,10.21
45549,Nordrhein-Westfalen,Nordrhein-Westfalen,10.21
45630,Nordrhein-Westfalen,Nordrhein-Westfalen,10.21
45655,Nordrhein-Westfalen,Nordrhein-Westfalen,10.21
45657,Nordrhein-Westfalen,Nordrhein-Westfalen,10.21
45659,Nordrhein-Westfalen,Nordrhein-Westfalen,10.21
45661,Nordrhein-Westfalen,Nordrhein-Westfalen,10.21
45663,Nordrhein-Westfalen,Nordrhein-Westfalen,10.21
45665,Nordrhein-Westfalen,Nordrhein-Westfalen,10.21
45697,Nordrhein-Westfalen,Nordrhein-Westfalen,10.21
45699,Nordrhein-Westfalen,Nordrhein-Westfalen,10.21
45701,Nordrhein-Westfalen,Nordrhein-Westfalen,10.21
45711,Nordrhein-Westfalen,Nordrhein-Westfalen,10.21
45721,Nordrhein-Westfalen,Nordrhein-Westfalen,10.21
45729,Nordrhein-Westfalen,Nordrhein-Westfalen,10.21
45731,Nordrhein-Westfalen,Nordrhein-Westfalen,10.21
45739,Nordrhein-Westfalen,Nordrhein-Westfalen,10.21
45765,Nordrhein-Westfalen,Nordrhein-Westfalen,10.21
45768,Nordrhein-Westfalen,Nordrhein-Westfalen,10.21
45770,Nordrhein-Westfalen,Nordrhein-Westfalen,10.21
45772,Nordrhein-Westfalen,Nordrhein-Westfalen,10.21
45801,Nordrhein-Westfalen,Nordrhein-Westfalen,10.21
45833,Nordrhein-Westfalen,Nordrhein-Westfalen,10.21
45835,Nordrhein-Westfalen,Nordrhein-Westfalen,10.21
45875,Nordrhein-Westfalen,Nordrhein-Westfalen,10.21
45876,Nordrhein-Westfalen,Nordrhein-Westfalen,10.21
45877,Nordrhein-Westfalen,Nordrhein-Westfalen,10.21
45879,Nordrhein-Westfalen,Nordrhein-Westfalen,10.21
45881,Nordrhein-Westfalen,Nordrhein-Westfalen,10.21
45883,Nordrhein-Westfalen,Nordrhein-Westfalen,10.21
45884,Nordrhein-Westfalen,Nordrhein-Westfalen,10.21
45886,Nordrhein-Westfalen,Nordrhein-Westfalen,10.21
45888,Nordrhein-Westfalen,Nordrhein-Westfalen,10.21
45889,Nordrhein-Westfalen,Nordrhein-Westfalen,10.21
45891,Nordrhein-Westfalen,Nordrhein-Westfalen,10.21
45892,Nordrhein-Westfalen,Nordrhein-Westfalen,10.21
45894,Nordrhein-Westfalen,Nordrhein-Westfalen,10.21
45896,Nordrhein-Westfalen,Nordrhein-Westfalen,10.21
45897,Nordrhein-Westfalen,Nordrhein-Westfalen,10.21
45899,Nordrhein-Westfalen,Nordrhein-Westfalen,10.21
45964,Nordrhein-Westfalen,Nordrhein-Westfalen,10.21
45966,Nordrhein-Westfalen,Nordrhein-Westfalen,10.21
45968,Nordrhein-Westfalen,Nordrhein-Westfalen,10.21
46020,Nordrhein-Westfalen,Nordrhein-Westfalen,10.21
46040,Nordrhein-Westfalen,Nordrhein-Westfalen,10.21
46042,Nordrhein-Westfalen,Nordrhein-Westfalen,10.21
46045,Nordrhein-Westfalen,Nordrhein-Westfalen,10.21
46047,Nordrhein-Westfalen,Nordrhein-Westfalen,10.21
46049,Nordrhein-Westfalen,Nordrhein-Westfalen,10.21
46117,Nordrhein-Westfalen,Nordrhein-Westfalen,10.21
46119,Nordrhein-Westfalen,Nordrhein-Westfalen,10.21
46142,Nordrhein-Westfalen,Nordrhein-Westfalen,10.21
46145,Nordrhein-Westfalen,Nordrhein-Westfalen,10.21
46147,Nordrhein-Westfalen,Nordrhein-Westfalen,10.21
46149,Nordrhein-Westfalen,Nordrhein-Westfalen,10.21
46236,Nordrhein-Westfalen,Nordrhein-Westfalen,10.21
46238,Nordrhein-Westfalen,Nordrhein-Westfalen,10.21
46240,Nordrhein-Westfalen,Nordrhein-Westfalen,10.21
46242,Nordrhein-Westfalen,Nordrhein-Westfalen,10.21
46244,Nordrhein-Westfalen,Nordrhein-Westfalen,10.21
46282,Nordrhein-Westfalen,Nordrhein-Westfalen,10.21
46284,Nordrhein-Westfalen,Nordrhein-Westfalen,10.21
46286,Nordrhein-Westfalen,Nordrhein-Westfalen,10.21
46322,Nordrhein-Westfalen,Nordrhein-Westfalen,10.21
46325,Nordrhein-Westfalen,Nordrhein-Westfalen,10.21
46342,Nordrhein-Westfalen,Nordrhein-Westfalen,10.21
46348,Nordrhein-Westfalen,Nordrhein-Westfalen,10.21
46354,Nordrhein-Westfalen,Nordrhein-Westfalen,10.21
46359,Nordrhein-Westfalen,Nordrhein-Westfalen,10.21
46393,Nordrhein-Westfalen,Nordrhein-Westfalen,10.21
46395,Nordrhein-Westfalen,Nordrhein-Westfalen,10.21
46397,Nordrhein-Westfalen,Nordrhein-Westfalen,10.21
46399,Nordrhein-Westfalen,Nordrhein-Westfalen,10.21
46414,Nordrhein-Westfalen,Nordrhein-Westfalen,10.21
46419,Nordrhein-Westfalen,Nordrhein-Westfalen,10.21
46444,Nordrhein-Westfalen,Nordrhein-Westfalen,10.21
46446,Nordrhein-Westfalen,Nordrhein-Westfalen,10.21
46459,Nordrhein-Westfalen,Nordrhein-Westfalen,10.21
46480,Nordrhein-Westfalen,Nordrhein-Westfalen,10.21
46482,Nordrhein-Westfalen,Nordrhein-Westfalen,10.21
46483,Nordrhein-Westfalen,Nordrhein-Westfalen,10.21
46485,Nordrhein-Westfalen,Nordrhein-Westfalen,10.21
46487,Nordrhein-Westfalen,Nordrhein-Westfalen,10.21
46499,Nordrhein-Westfalen,Nordrhein-Westfalen,10.21
46509,Nordrhein-Westfalen,Nordrhein-Westfalen,10.21
46514,Nordrhein-Westfalen,Nordrhein-Westfalen,10.21
46519,Nordrhein-Westfalen,Nordrhein-Westfalen,10.21
46535,Nordrhein-Westfalen,Nordrhein-Westfalen,10.21
46537,Nordrhein-Westfalen,Nordrhein-Westfalen,10.21
46539,Nordrhein-Westfalen,Nordrhein-Westfalen,10.21
46562,Nordrhein-Westfalen,Nordrhein-Westfalen,10.21
46569,Nordrhein-Westfalen,Nordrhein-Westfalen,10.21
47044,Nordrhein-Westfalen,Nordrhein-Westfalen,10.21
47048,Nordrhein-Westfalen,Nordrhein-Westfalen,10.21
47049,Nordrhein-Westfalen,Nordrhein-Westfalen,10.21
47050,Nordrhein-Westfalen,Nordrhein-Westfalen,10.21
47051,Nordrhein-Westfalen,Nordrhein-Westfalen,10.21
47053,Nordrhein-Westfalen,Nordrhein-Westfalen,10.21
47055,Nordrhein-Westfalen,Nordrhein-Westfalen,10.21
47057,Nordrhein-Westfalen,Nordrhein-Westfalen,10.21
47058,Nordrhein-Westfalen,Nordrhein-Westfalen,10.21
47059,Nordrhein-Westfalen,Nordrhein-Westfalen,10.21
47118,Nordrhein-Westfalen,Nordrhein-Westfalen,10.21
47119,Nordrhein-Westfalen,Nordrhein-Westfalen,10.21
47137,Nordrhein-Westfalen,Nordrhein-Westfalen,10.21
47138,Nordrhein-Westfalen,Nordrhein-Westfalen,10.21
47139,Nordrhein-Westfalen,Nordrhein-Westfalen,10.21
47161,Nordrhein-Westfalen,Nordrhein-Westfalen,10.21
47163,Nordrhein-Westfalen,Nordrhein-Westfalen,10.21
47166,Nordrhein-Westfalen,Nordrhein-Westfalen,10.21
47167,Nordrhein-Westfalen,Nordrhein-Westfalen,10.21
47169,Nordrhein-Westfalen,Nordrhein-Westfalen,10.21
47178,Nordrhein-Westfalen,Nordrhein-Westfalen,10.21
47179,Nordrhein-Westfalen,Nordrhein-Westfalen,10.21
47198,Nordrhein-Westfalen,Nordrhein-Westfalen,10.21
47199,Nordrhein-Westfalen,Nordrhein-Westfalen,10.21
47226,Nordrhein-Westfalen,Nordrhein-Westfalen,10.21
47228,Nordrhein-Westfalen,Nordrhein-Westfalen,10.21
47229,Nordrhein-Westfalen,Nordrhein-Westfalen,10.21
47239,Nordrhein-Westfalen,Nordrhein-Westfalen,10.21
47249,Nordrhein-Westfalen,Nordrhein-Westfalen,10.21
47259,Nordrhein-Westfalen,Nordrhein-Westfalen,10.21
47269,Nordrhein-Westfalen,Nordrhein-Westfalen,10.21
47279,Nordrhein-Westfalen,Nordrhein-Westfalen,10.21
47299,Nordrhein-Westfalen,Nordrhein-Westfalen,10.21
47300,Nordrhein-Westfalen,Nordrhein-Westfalen,10.21
47303,Nordrhein-Westfalen,Nordrhein-Westfalen,10.21
47305,Nordrhein-Westfalen,Nordrhein-Westfalen,10.21
47439,Nordrhein-Westfalen,Nordrhein-Westfalen,10.21
47441,Nordrhein-Westfalen,Nordrhein-Westfalen,10.21
47443,Nordrhein-Westfalen,Nordrhein-Westfalen,10.21
47445,Nordrhein-Westfalen,Nordrhein-Westfalen,10.21
47447,Nordrhein-Westfalen,Nordrhein-Westfalen,10.21
47475,Nordrhein-Westfalen,Nordrhein-Westfalen,10.21
47493,Nordrhein-Westfalen,Nordrhein-Westfalen,10.21
47495,Nordrhein-Westfalen,Nordrhein-Westfalen,10.21
47504,Nordrhein-Westfalen,Nordrhein-Westfalen,10.21
47506,Nordrhein-Westfalen,Nordrhein-Westfalen,10.21
47509,Nordrhein-Westfalen,Nordrhein-Westfalen,10.21
47526,Nordrhein-Westfalen,Nordrhein-Westfalen,10.21
47533,Nordrhein-Westfalen,Nordrhein-Westfalen,10.21
47546,Nordrhein-Westfalen,Nordrhein-Westfalen,10.21
47551,Nordrhein-Westfalen,Nordrhein-Westfalen,10.21
47559,Nordrhein-Westfalen,Nordrhein-Westfalen,10.21
47574,Nordrhein-Westfalen,Nordrhein-Westfalen,10.21
47589,Nordrhein-Westfalen,Nordrhein-Westfalen,10.21
47608,Nordrhein-Westfalen,Nordrhein-Westfalen,10.21
47623,Nordrhein-Westfalen,Nordrhein-Westfalen,10.21
47624,Nordrhein-Westfalen,Nordrhein-Westfalen,10.21
47625,Nordrhein-Westfalen,Nordrhein-Westfalen,10.21
47626,Nordrhein-Westfalen,Nordrhein-Westfalen,10.21
47627,Nordrhein-Westfalen,Nordrhein-Westfalen,10.21
47638,Nordrhein-Westfalen,Nordrhein-Westfalen,10.21
47647,Nordrhein-Westfalen,Nordrhein-Westfalen,10.21
47652,Nordrhein-Westfalen,Nordrhein-Westfalen,10.21
47661,Nordrhein-Westfalen,Nordrhein-Westfalen,10.21
47665,Nordrhein-Westfalen,Nordrhein-Westfalen,10.21
47669,Nordrhein-Westfalen,Nordrhein-Westfalen,10.21
47789,Schleswig-Holstein,Schleswig-Holstein,9.66
47791,Nordrhein-Westfalen,Nordrhein-Westfalen,10.21
47792,Nordrhein-Westfalen,Nordrhein-Westfalen,10.21
47795,Nordrhein-Westfalen,Nordrhein-Westfalen,10.21
47796,Nordrhein-Westfalen,Nordrhein-Westfalen,10.21
47798,Nordrhein-Westfalen,Nordrhein-Westfalen,10.21
47799,Nordrhein-Westfalen,Nordrhein-Westfalen,10.21
47800,Nordrhein-Westfalen,Nordrhein-Westfalen,10.21
47802,Nordrhein-Westfalen,Nordrhein-Westfalen,10.21
47803,Nordrhein-Westfalen,Nordrhein-Westfalen,10.21
47804,Nordrhein-Westfalen,Nordrhein-Westfalen,10.21
47805,Nordrhein-Westfalen,Nordrhein-Westfalen,10.21
47807,Nordrhein-Westfalen,Nordrhein-Westfalen,10.21
47809,Nordrhein-Westfalen,Nordrhein-Westfalen,10.21
47829,Nordrhein-Westfalen,Nordrhein-Westfalen,10.21
47839,Nordrhein-Westfalen,Nordrhein-Westfalen,10.21
47875,Nordrhein-Westfalen,Nordrhein-Westfalen,10.21
47877,Nordrhein-Westfalen,Nordrhein-Westfalen,10.21
47904,Nordrhein-Westfalen,Nordrhein-Westfalen,10.21
47906,Nordrhein-Westfalen,Nordrhein-Westfalen,10.21
47918,Nordrhein-Westfalen,Nordrhein-Westfalen,10.21
47929,Nordrhein-Westfalen,Nordrhein-Westfalen,10.21
48079,Nordrhein-Westfalen,Nordrhein-Westfalen,10.21
48084,Nordrhein-Westfalen,Nordrhein-Westfalen,10.21
48108,Nordrhein-Westfalen,Nordrhein-Westfalen,10.21
48119,Nordrhein-Westfalen,Nordrhein-Westfalen,10.21
48121,Nordrhein-Westfalen,Nordrhein-Westfalen,10.21
48122,Nordrhein-Westfalen,Nordrhein-Westfalen,10.21
48123,Nordrhein-Westfalen,Nordrhein-Westfalen,10.21
48124,Nordrhein-Westfalen,Nordrhein-Westfalen,10.21
48125,Nordrhein-Westfalen,Nordrhein-Westfalen,10.21
48126,Nordrhein-Westfalen,Nordrhein-Westfalen,10.21
48127,Nordrhein-Westfalen,Nordrhein-Westfalen,10.21
48128,Nordrhein-Westfalen,Nordrhein-Westfalen,10.21
48129,Nordrhein-Westfalen,Nordrhein-Westfalen,10.21
48130,Nordrhein-Westfalen,Nordrhein-Westfalen,10.21
48131,Nordrhein-Westfalen,Nordrhein-Westfalen,10.21
48132,Nordrhein-Westfalen,Nordrhein-Westfalen,10.21
48133,Nordrhein-Westfalen,Nordrhein-Westfalen,10.21
48134,Nordrhein-Westfalen,Nordrhein-Westfalen,10.21
48135,Nordrhein-Westfalen,Nordrhein-Westfalen,10.21
48136,Nordrhein-Westfalen,Nordrhein-Westfalen,10.21
48137,Nordrhein-Westfalen,Nordrhein-Westfalen,10.21
48138,Nordrhein-Westfalen,Nordrhein-Westfalen,10.21
48139,Nordrhein-Westfalen,Nordrhein-Westfalen,10.21
48140,Nordrhein-Westfalen,Nordrhein-Westfalen,10.21
48141,Nordrhein-Westfalen,Nordrhein-Westfalen,10.21
48143,Nordrhein-Westfalen,Nordrhein-Westfalen,10.21
48145,Nordrhein-Westfalen,Nordrhein-Westfalen,10.21
48147,Nordrhein-Westfalen,Nordrhein-Westfalen,10.21
48149,Nordrhein-Westfalen,Nordrhein-Westfalen,10.21
48151,Nordrhein-Westfalen,Nordrhein-Westfalen,10.21
48153,Nordrhein-Westfalen,Nordrhein-Westfalen,10.21
48155,Nordrhein-Westfalen,Nordrhein-Westfalen,10.21
48157,Nordrhein-Westfalen,Nordrhein-Westfalen,10.21
48159,Nordrhein-Westfalen,Nordrhein-Westfalen,10.21
48161,Nordrhein-Westfalen,Nordrhein-Westfalen,10.21
48163,Nordrhein-Westfalen,Nordrhein-Westfalen,10.21
48165,Nordrhein-Westfalen,Nordrhein-Westfalen,10.21
48167,Nordrhein-Westfalen,Nordrhein-Westfalen,10.21
48172,Nordrhein-Westfalen,Nordrhein-Westfalen,10.21
48229,Nordrhein-Westfalen,Nordrhein-Westfalen,10.21
48231,Nordrhein-Westfalen,Nordrhein-Westfalen,10.21
48249,Nordrhein-Westfalen,Nordrhein-Westfalen,10.21
48268,Nordrhein-Westfalen,Nordrhein-Westfalen,10.21
48282,Nordrhein-Westfalen,Nordrhein-Westfalen,10.21
48291,Nordrhein-Westfalen,Nordrhein-Westfalen,10.21
48301,Nordrhein-Westfalen,Nordrhein-Westfalen,10.21
48308,Nordrhein-Westfalen,Nordrhein-Westfalen,10.21
48317,Nordrhein-Westfalen,Nordrhein-Westfalen,10.21
48324,Nordrhein-Westfalen,Nordrhein-Westfalen,10.21
48329,Nordrhein-Westfalen,Nordrhein-Westfalen,10.21
48336,Nordrhein-Westfalen,Nordrhein-Westfalen,10.21
48341,Nordrhein-Westfalen,Nordrhein-Westfalen,10.21
48346,Nordrhein-Westfalen,Nordrhein-Westfalen,10.21
48351,Nordrhein-Westfalen,Nordrhein-Westfalen,10.21
48356,Nordrhein-Westfalen,Nordrhein-Westfalen,10.21
48361,Nordrhein-Westfalen,Nordrhein-Westfalen,10.21
48366,Nordrhein-Westfalen,Nordrhein-Westfalen,10.21
48369,Nordrhein-Westfalen,Nordrhein-Westfalen,10.21
48416,Nordrhein-Westfalen,Nordrhein-Westfalen,10.21
48427,Nordrhein-Westfalen,Nordrhein-Westfalen,10.21
48429,Nordrhein-Westfalen,Nordrhein-Westfalen,10.21
48431,Nordrhein-Westfalen,Nordrhein-Westfalen,10.21
48432,Nordrhein-Westfalen,Nordrhein-Westfalen,10.21
48455,Niedersachsen,Niedersachsen,10.045
48465,Niedersachsen,Niedersachsen,10.045
48477,Nordrhein-Westfalen,Nordrhein-Westfalen,10.21
48480,Niedersachsen,Niedersachsen,10.045
48485,Nordrhein-Westfalen,Nordrhein-Westfalen,10.21
48488,Niedersachsen,Niedersachsen,10.045
48493,Nordrhein-Westfalen,Nordrhein-Westfalen,10.21
48496,Nordrhein-Westfalen,Nordrhein-Westfalen,10.21
48499,Niedersachsen,Niedersachsen,10.045
48522,Lower Saxony,Niedersachsen,10.045
48525,Lower Saxony,Niedersachsen,10.045
48527,Niedersachsen,Niedersachsen,10.045
48529,Niedersachsen,Niedersachsen,10.045
48531,Niedersachsen,Niedersachsen,10.045
48563,Nordrhein-Westfalen,Nordrhein-Westfalen,10.21
48565,Nordrhein-Westfalen,Nordrhein-Westfalen,10.21
48596,Nordrhein-Westfalen,Nordrhein-Westfalen,10.21
48599,Nordrhein-Westfalen,Nordrhein-Westfalen,10.21
48607,Nordrhein-Westfalen,Nordrhein-Westfalen,10.21
48612,Nordrhein-Westfalen,Nordrhein-Westfalen,10.21
48619,Nordrhein-Westfalen,Nordrhein-Westfalen,10.21
48624,Nordrhein-Westfalen,Nordrhein-Westfalen,10.21
48629,Nordrhein-Westfalen,Nordrhein-Westfalen,10.21
48649,Nordrhein-Westfalen,Nordrhein-Westfalen,10.21
48651,Nordrhein-Westfalen,Nordrhein-Westfalen,10.21
48653,Nordrhein-Westfalen,Nordrhein-Westfalen,10.21
48681,Nordrhein-Westfalen,Nordrhein-Westfalen,10.21
48683,Nordrhein-Westfalen,Nordrhein-Westfalen,10.21
48691,Nordrhein-Westfalen,Nordrhein-Westfalen,10.21
48702,Nordrhein-Westfalen,Nordrhein-Westfalen,10.21
48703,Nordrhein-Westfalen,Nordrhein-Westfalen,10.21
48712,Nordrhein-Westfalen,Nordrhein-Westfalen,10.21
48720,Nordrhein-Westfalen,Nordrhein-Westfalen,10.21
48727,Nordrhein-Westfalen,Nordrhein-Westfalen,10.21
48734,Nordrhein-Westfalen,Nordrhein-Westfalen,10.21
48739,Nordrhein-Westfalen,Nordrhein-Westfalen,10.21
49068,Lower Saxony,Niedersachsen,10.045
49070,Lower Saxony,Niedersachsen,10.045
49074,Niedersachsen,Niedersachsen,10.045
49076,Niedersachsen,Niedersachsen,10.045
49078,Niedersachsen,Niedersachsen,10.045
49080,Niedersachsen,Niedersachsen,10.045
49082,Niedersachsen,Niedersachsen,10.045
49084,Niedersachsen,Niedersachsen,10.045
49086,Niedersachsen,Niedersachsen,10.045
49088,Niedersachsen,Niedersachsen,10.045
49090,Niedersachsen,Niedersachsen,10.045
49101,Lower Saxony,Niedersachsen,10.045
49124,Niedersachsen,Niedersachsen,10.045
49134,Niedersachsen,Niedersachsen,10.045
49143,Niedersachsen,Niedersachsen,10.045
49152,Niedersachsen,Niedersachsen,10.045
49163,Niedersachsen,Niedersachsen,10.045
49170,Niedersachsen,Niedersachsen,10.045
49176,Niedersachsen,Niedersachsen,10.045
49179,Niedersachsen,Niedersachsen,10.045
49186,Niedersachsen,Niedersachsen,10.045
49191,Niedersachsen,Niedersachsen,10.045
49195,Lower Saxony,Niedersachsen,10.045
49196,Niedersachsen,Niedersachsen,10.045
49201,Niedersachsen,Niedersachsen,10.045
49205,Niedersachsen,Niedersachsen,10.045
49213,Lower Saxony,Niedersachsen,10.045
49214,Niedersachsen,Niedersachsen,10.045
49219,Niedersachsen,Niedersachsen,10.045
49324,Niedersachsen,Niedersachsen,10.045
49326,Niedersachsen,Niedersachsen,10.045
49328,Niedersachsen,Niedersachsen,10.045
49356,Niedersachsen,Niedersachsen,10.045
49374,Lower Saxony,Niedersachsen,10.045
49375,Lower Saxony,Niedersachsen,10.045
49377,Niedersachsen,Niedersachsen,10.045
49393,Niedersachsen,Niedersachsen,10.045
49401,Niedersachsen,Niedersachsen,10.045
49406,Niedersachsen,Niedersachsen,10.045
49413,Niedersachsen,Niedersachsen,10.045
49419,Niedersachsen,Niedersachsen,10.045
49424,Niedersachsen,Niedersachsen,10.045
49429,Niedersachsen,Niedersachsen,10.045
49434,Niedersachsen,Niedersachsen,10.045
49439,Niedersachsen,Niedersachsen,10.045
49447,Nordrhein-Westfalen,Nordrhein-Westfalen,10.21
49448,Niedersachsen,Niedersachsen,10.045
49451,Niedersachsen,Niedersachsen,10.045
49453,Niedersachsen,Niedersachsen,10.045
49456,Niedersachsen,Niedersachsen,10.045
49457,Niedersachsen,Niedersachsen,10.045
49459,Niedersachsen,Niedersachsen,10.045
49475,Nordrhein-Westfalen,Nordrhein-Westfalen,10.21
49477,Nordrhein-Westfalen,Nordrhein-Westfalen,10.21
49479,Nordrhein-Westfalen,Nordrhein-Westfalen,10.21
49492,Nordrhein-Westfalen,Nordrhein-Westfalen,10.21
49497,Nordrhein-Westfalen,Nordrhein-Westfalen,10.21
49504,Nordrhein-Westfalen,Nordrhein-Westfalen,10.21
49509,Nordrhein-Westfalen,Nordrhein-Westfalen,10.21
49523,Nordrhein-Westfalen,Nordrhein-Westfalen,10.21
49525,Nordrhein-Westfalen,Nordrhein-Westfalen,10.21
49536,Nordrhein-Westfalen,Nordrhein-Westfalen,10.21
49541,Nordrhein-Westfalen,Nordrhein-Westfalen,10.21
49545,Nordrhein-Westfalen,Nordrhein-Westfalen,10.21
49549,Nordrhein-Westfalen,Nordrhein-Westfalen,10.21
49562,Lower Saxony,Niedersachsen,10.045
49565,Niedersachsen,Niedersachsen,10.045
49577,Niedersachsen,Niedersachsen,10.045
49584,Niedersachsen,Niedersachsen,10.045
49586,Niedersachsen,Niedersachsen,10.045
49593,Niedersachsen,Niedersachsen,10.045
49594,Niedersachsen,Niedersachsen,10.045
49596,Niedersachsen,Niedersachsen,10.045
49597,Niedersachsen,Niedersachsen,10.045
49599,Niedersachsen,Niedersachsen,10.045
49609,Lower Saxony,Niedersachsen,10.045
49610,Niedersachsen,Niedersachsen,10.045
49624,Niedersachsen,Niedersachsen,10.045
49626,Niedersachsen,Niedersachsen,10.045
49632,Niedersachsen,Niedersachsen,10.045
49635,Niedersachsen,Niedersachsen,10.045
49637,Niedersachsen,Niedersachsen,10.045
49638,Niedersachsen,Niedersachsen,10.045
49659,Lower Saxony,Niedersachsen,10.045
49661,Niedersachsen,Niedersachsen,10.045
49681,Niedersachsen,Niedersachsen,10.045
49685,Niedersachsen,Niedersachsen,10.045
49688,Niedersachsen,Niedersachsen,10.045
49691,Lower Saxony,Niedersachsen,10.045
49692,Niedersachsen,Niedersachsen,10.045
49696,Niedersachsen,Niedersachsen,10.045
49699,Niedersachsen,Niedersachsen,10.045
49716,Niedersachsen,Niedersachsen,10.045
49733,Niedersachsen,Niedersachsen,10.045
49740,Niedersachsen,Niedersachsen,10.045
49744,Niedersachsen,Niedersachsen,10.045
49751,Niedersachsen,Niedersachsen,10.045
49757,Niedersachsen,Niedersachsen,10.045
49762,Niedersachsen,Niedersachsen,10.045
49767,Niedersachsen,Niedersachsen,10.045
49770,Niedersachsen,Niedersachsen,10.045
49774,Niedersachsen,Niedersachsen,10.045
49777,Niedersachsen,Niedersachsen,10.045
49779,Niedersachsen,Niedersachsen,10.045
49801,Lower Saxony,Niedersachsen,10.045
49803,Lower Saxony,Niedersachsen,10.045
49808,Niedersachsen,Niedersachsen,10.045
49809,Niedersachsen,Niedersachsen,10.045
49811,Niedersachsen,Niedersachsen,10.045
49824,Niedersachsen,Niedersachsen,10.045
49828,Niedersachsen,Niedersachsen,10.045
49832,Niedersachsen,Niedersachsen,10.045
49835,Niedersachsen,Niedersachsen,10.045
49838,Niedersachsen,Niedersachsen,10.045
49843,Niedersachsen,Niedersachsen,10.045
49844,Niedersachsen,Niedersachsen,10.045
49846,Niedersachsen,Niedersachsen,10.045
49847,Niedersachsen,Niedersachsen,10.045
49849,Niedersachsen,Niedersachsen,10.045
50123,Nordrhein-Westfalen,Nordrhein-Westfalen,10.21
50124,Nordrhein-Westfalen,Nordrhein-Westfalen,10.21
50126,Nordrhein-Westfalen,Nordrhein-Westfalen,10.21
50127,Nordrhein-Westfalen,Nordrhein-Westfalen,10.21
50129,Nordrhein-Westfalen,Nordrhein-Westfalen,10.21
50169,Nordrhein-Westfalen,Nordrhein-Westfalen,10.21
50170,Nordrhein-Westfalen,Nordrhein-Westfalen,10.21
50171,Nordrhein-Westfalen,Nordrhein-Westfalen,10.21
50181,Nordrhein-Westfalen,Nordrhein-Westfalen,10.21
50189,Nordrhein-Westfalen,Nordrhein-Westfalen,10.21
50226,Nordrhein-Westfalen,Nordrhein-Westfalen,10.21
50259,Nordrhein-Westfalen,Nordrhein-Westfalen,10.21
50318,Nordrhein-Westfalen,Nordrhein-Westfalen,10.21
50319,Nordrhein-Westfalen,Nordrhein-Westfalen,10.21
50321,Nordrhein-Westfalen,Nordrhein-Westfalen,10.21
50351,Nordrhein-Westfalen,Nordrhein-Westfalen,10.21
50354,Nordrhein-Westfalen,Nordrhein-Westfalen,10.21
50374,Nordrhein-Westfalen,Nordrhein-Westfalen,10.21
50387,Nordrhein-Westfalen,Nordrhein-Westfalen,10.21
50389,Nordrhein-Westfalen,Nordrhein-Westfalen,10.21
50399,Nordrhein-Westfalen,Nordrhein-Westfalen,10.21
50411,Nordrhein-Westfalen,Nordrhein-Westfalen,10.21
50412,Nordrhein-Westfalen,Nordrhein-Westfalen,10.21
50413,Nordrhein-Westfalen,Nordrhein-Westfalen,10.21
50414,Nordrhein-Westfalen,Nordrhein-Westfalen,10.21
50415,Nordrhein-Westfalen,Nordrhein-Westfalen,10.21
50416,Nordrhein-Westfalen,Nordrhein-Westfalen,10.21
50417,Nordrhein-Westfalen,Nordrhein-Westfalen,10.21
50418,Nordrhein-Westfalen,Nordrhein-Westfalen,10.21
50419,Nordrhein-Westfalen,Nordrhein-Westfalen,10.21
50421,Nordrhein-Westfalen,Nordrhein-Westfalen,10.21
50422,Nordrhein-Westfalen,Nordrhein-Westfalen,10.21
50423,Hamburg,Hamburg,10.045
50424,Saarland,Saarland,10.09
50425,Nordrhein-Westfalen,Nordrhein-Westfalen,10.21
50426,Nordrhein-Westfalen,Nordrhein-Westfalen,10.21
50427,Nordrhein-Westfalen,Nordrhein-Westfalen,10.21
50428,Nordrhein-Westfalen,Nordrhein-Westfalen,10.21
50569,Nordrhein-Westfalen,Nordrhein-Westfalen,10.21
50574,Nordrhein-Westfalen,Nordrhein-Westfalen,10.21
50575,Nordrhein-Westfalen,Nordrhein-Westfalen,10.21
50576,Nordrhein-Westfalen,Nordrhein-Westfalen,10.21
50579,Nordrhein-Westfalen,Nordrhein-Westfalen,10.21
50580,Nordrhein-Westfalen,Nordrhein-Westfalen,10.21
50581,Nordrhein-Westfalen,Nordrhein-Westfalen,10.21
50582,Nordrhein-Westfalen,Nordrhein-Westfalen,10.21
50583,Nordrhein-Westfalen,Nordrhein-Westfalen,10.21
50585,Nordrhein-Westfalen,Nordrhein-Westfalen,10.21
50586,Nordrhein-Westfalen,Nordrhein-Westfalen,10.21
50587,Nordrhein-Westfalen,Nordrhein-Westfalen,10.21
50588,Nordrhein-Westfalen,Nordrhein-Westfalen,10.21
50589,Nordrhein-Westfalen,Nordrhein-Westfalen,10.21
50590,Nordrhein-Westfalen,Nordrhein-Westfalen,10.21
50591,Nordrhein-Westfalen,Nordrhein-Westfalen,10.21
50592,Nordrhein-Westfalen,Nordrhein-Westfalen,10.21
50593,Nordrhein-Westfalen,Nordrhein-Westfalen,10.21
50594,Nordrhein-Westfalen,Nordrhein-Westfalen,10.21
50595,Nordrhein-Westfalen,Nordrhein-Westfalen,10.21
50596,Nordrhein-Westfalen,Nordrhein-Westfalen,10.21
50598,Nordrhein-Westfalen,Nordrhein-Westfalen,10.21
50600,Nordrhein-Westfalen,Nordrhein-Westfalen,10.21
50602,Nordrhein-Westfalen,Nordrhein-Westfalen,10.21
50603,Nordrhein-Westfalen,Nordrhein-Westfalen,10.21
50604,Nordrhein-Westfalen,Nordrhein-Westfalen,10.21
50605,Nordrhein-Westfalen,Nordrhein-Westfalen,10.21
50606,Baden-Württemberg,Baden-Württemberg,9.35
50607,Nordrhein-Westfalen,Nordrhein-Westfalen,10.21
50657,Nordrhein-Westfalen,Nordrhein-Westfalen,10.21
50658,Nordrhein-Westfalen,Nordrhein-Westfalen,10.21
50661,Nordrhein-Westfalen,Nordrhein-Westfalen,10.21
50662,Nordrhein-Westfalen,Nordrhein-Westfalen,10.21
50663,Nordrhein-Westfalen,Nordrhein-Westfalen,10.21
50664,Nordrhein-Westfalen,Nordrhein-Westfalen,10.21
50667,Nordrhein-Westfalen,Nordrhein-Westfalen,10.21
50668,Nordrhein-Westfalen,Nordrhein-Westfalen,10.21
50670,Nordrhein-Westfalen,Nordrhein-Westfalen,10.21
50672,Nordrhein-Westfalen,Nordrhein-Westfalen,10.21
50674,Nordrhein-Westfalen,Nordrhein-Westfalen,10.21
50676,Nordrhein-Westfalen,Nordrhein-Westfalen,10.21
50677,Nordrhein-Westfalen,Nordrhein-Westfalen,10.21
50678,Nordrhein-Westfalen,Nordrhein-Westfalen,10.21
50679,Nordrhein-Westfalen,Nordrhein-Westfalen,10.21
50725,Nordrhein-Westfalen,Nordrhein-Westfalen,10.21
50726,Nordrhein-Westfalen,Nordrhein-Westfalen,10.21
50727,Nordrhein-Westfalen,Nordrhein-Westfalen,10.21
50728,Nordrhein-Westfalen,Nordrhein-Westfalen,10.21
50729,Nordrhein-Westfalen,Nordrhein-Westfalen,10.21
50730,Nordrhein-Westfalen,Nordrhein-Westfalen,10.21
50733,Nordrhein-Westfalen,Nordrhein-Westfalen,10.21
50735,Nordrhein-Westfalen,Nordrhein-Westfalen,10.21
50737,Nordrhein-Westfalen,Nordrhein-Westfalen,10.21
50739,Nordrhein-Westfalen,Nordrhein-Westfalen,10.21
50765,Nordrhein-Westfalen,Nordrhein-Westfalen,10.21
50767,Nordrhein-Westfalen,Nordrhein-Westfalen,10.21
50769,Nordrhein-Westfalen,Nordrhein-Westfalen,10.21
50819,Nordrhein-Westfalen,Nordrhein-Westfalen,10.21
50820,Nordrhein-Westfalen,Nordrhein-Westfalen,10.21
50823,Nordrhein-Westfalen,Nordrhein-Westfalen,10.21
50825,Nordrhein-Westfalen,Nordrhein-Westfalen,10.21
50827,Nordrhein-Westfalen,Nordrhein-Westfalen,10.21
50829,Nordrhein-Westfalen,Nordrhein-Westfalen,10.21
50855,Nordrhein-Westfalen,Nordrhein-Westfalen,10.21
50858,Nordrhein-Westfalen,Nordrhein-Westfalen,10.21
50859,Nordrhein-Westfalen,Nordrhein-Westfalen,10.21
50919,Nordrhein-Westfalen,Nordrhein-Westfalen,10.21
50922,Nordrhein-Westfalen,Nordrhein-Westfalen,10.21
50924,Nordrhein-Westfalen,Nordrhein-Westfalen,10.21
50925,Nordrhein-Westfalen,Nordrhein-Westfalen,10.21
50926,Nordrhein-Westfalen,Nordrhein-Westfalen,10.21
50927,Nordrhein-Westfalen,Nordrhein-Westfalen,10.21
50928,Nordrhein-Westfalen,Nordrhein-Westfalen,10.21
50931,Nordrhein-Westfalen,Nordrhein-Westfalen,10.21
50933,Nordrhein-Westfalen,Nordrhein-Westfalen,10.21
50935,Nordrhein-Westfalen,Nordrhein-Westfalen,10.21
50937,Nordrhein-Westfalen,Nordrhein-Westfalen,10.21
50939,Nordrhein-Westfalen,Nordrhein-Westfalen,10.21
50960,Nordrhein-Westfalen,Nordrhein-Westfalen,10.21
50962,Nordrhein-Westfalen,Nordrhein-Westfalen,10.21
50963,Nordrhein-Westfalen,Nordrhein-Westfalen,10.21
50964,Nordrhein-Westfalen,Nordrhein-Westfalen,10.21
50965,Nordrhein-Westfalen,Nordrhein-Westfalen,10.21
50966,Nordrhein-Westfalen,Nordrhein-Westfalen,10.21
50968,Nordrhein-Westfalen,Nordrhein-Westfalen,10.21
50969,Nordrhein-Westfalen,Nordrhein-Westfalen,10.21
50996,Nordrhein-Westfalen,Nordrhein-Westfalen,10.21
50997,Nordrhein-Westfalen,Nordrhein-Westfalen,10.21
50999,Nordrhein-Westfalen,Nordrhein-Westfalen,10.21
51057,Nordrhein-Westfalen,Nordrhein-Westfalen,10.21
51058,Nordrhein-Westfalen,Nordrhein-Westfalen,10.21
51059,Nordrhein-Westfalen,Nordrhein-Westfalen,10.21
51061,Nordrhein-Westfalen,Nordrhein-Westfalen,10.21
51063,Nordrhein-Westfalen,Nordrhein-Westfalen,10.21
51065,Nordrhein-Westfalen,Nordrhein-Westfalen,10.21
51067,Nordrhein-Westfalen,Nordrhein-Westfalen,10.21
51069,Nordrhein-Westfalen,Nordrhein-Westfalen,10.21
51101,Nordrhein-Westfalen,Nordrhein-Westfalen,10.21
51103,Nordrhein-Westfalen,Nordrhein-Westfalen,10.21
51105,Nordrhein-Westfalen,Nordrhein-Westfalen,10.21
51107,Nordrhein-Westfalen,Nordrhein-Westfalen,10.21
51109,Nordrhein-Westfalen,Nordrhein-Westfalen,10.21
51139,Nordrhein-Westfalen,Nordrhein-Westfalen,10.21
51140,Nordrhein-Westfalen,Nordrhein-Westfalen,10.21
51141,Nordrhein-Westfalen,Nordrhein-Westfalen,10.21
51143,Nordrhein-Westfalen,Nordrhein-Westfalen,10.21
51145,Nordrhein-Westfalen,Nordrhein-Westfalen,10.21
51147,Nordrhein-Westfalen,Nordrhein-Westfalen,10.21
51149,Nordrhein-Westfalen,Nordrhein-Westfalen,10.21
51169,Nordrhein-Westfalen,Nordrhein-Westfalen,10.21
51170,Nordrhein-Westfalen,Nordrhein-Westfalen,10.21
51171,Nordrhein-Westfalen,Nordrhein-Westfalen,10.21
51172,Nordrhein-Westfalen,Nordrhein-Westfalen,10.21
51173,Nordrhein-Westfalen,Nordrhein-Westfalen,10.21
51174,Nordrhein-Westfalen,Nordrhein-Westfalen,10.21
51175,Nordrhein-Westfalen,Nordrhein-Westfalen,10.21
51178,Nordrhein-Westfalen,Nordrhein-Westfalen,10.21
51221,Nordrhein-Westfalen,Nordrhein-Westfalen,10.21
51222,Nordrhein-Westfalen,Nordrhein-Westfalen,10.21
51365,Nordrhein-Westfalen,Nordrhein-Westfalen,10.21
51366,Nordrhein-Westfalen,Nordrhein-Westfalen,10.21
51367,Nordrhein-Westfalen,Nordrhein-Westfalen,10.21
51369,Nordrhein-Westfalen,Nordrhein-Westfalen,10.21
51370,Nordrhein-Westfalen,Nordrhein-Westfalen,10.21
51371,Nordrhein-Westfalen,Nordrhein-Westfalen,10.21
51373,Nordrhein-Westfalen,Nordrhein-Westfalen,10.21
51375,Nordrhein-Westfalen,Nordrhein-Westfalen,10.21
51377,Nordrhein-Westfalen,Nordrhein-Westfalen,10.21
51379,Nordrhein-Westfalen,Nordrhein-Westfalen,10.21
51381,Nordrhein-Westfalen,Nordrhein-Westfalen,10.21
51399,Nordrhein-Westfalen,Nordrhein-Westfalen,10.21
51424,Nordrhein-Westfalen,Nordrhein-Westfalen,10.21
51425,Nordrhein-Westfalen,Nordrhein-Westfalen,10.21
51427,Nordrhein-Westfalen,Nordrhein-Westfalen,10.21
51429,Nordrhein-Westfalen,Nordrhein-Westfalen,10.21
51462,Nordrhein-Westfalen,Nordrhein-Westfalen,10.21
51463,Nordrhein-Westfalen,Nordrhein-Westfalen,10.21
51465,Nordrhein-Westfalen,Nordrhein-Westfalen,10.21
51467,Nordrhein-Westfalen,Nordrhein-Westfalen,10.21
51469,Nordrhein-Westfalen,Nordrhein-Westfalen,10.21
51489,Nordrhein-Westfalen,Nordrhein-Westfalen,10.21
51491,Nordrhein-Westfalen,Nordrhein-Westfalen,10.21
51503,Nordrhein-Westfalen,Nordrhein-Westfalen,10.21
51515,Nordrhein-Westfalen,Nordrhein-Westfalen,10.21
51519,Nordrhein-Westfalen,Nordrhein-Westfalen,10.21
51545,Nordrhein-Westfalen,Nordrhein-Westfalen,10.21
51570,Nordrhein-Westfalen,Nordrhein-Westfalen,10.21
51578,Nordrhein-Westfalen,Nordrhein-Westfalen,10.21
51580,Nordrhein-Westfalen,Nordrhein-Westfalen,10.21
51588,Nordrhein-Westfalen,Nordrhein-Westfalen,10.21
51597,Nordrhein-Westfalen,Nordrhein-Westfalen,10.21
51598,Rheinland-Pfalz,Rheinland-Pfalz,9.885
51641,Nordrhein-Westfalen,Nordrhein-Westfalen,10.21
51643,Nordrhein-Westfalen,Nordrhein-Westfalen,10.21
51645,Nordrhein-Westfalen,Nordrhein-Westfalen,10.21
51647,Nordrhein-Westfalen,Nordrhein-Westfalen,10.21
51674,Nordrhein-Westfalen,Nordrhein-Westfalen,10.21
51688,Nordrhein-Westfalen,Nordrhein-Westfalen,10.21
51700,Nordrhein-Westfalen,Nordrhein-Westfalen,10.21
51702,Nordrhein-Westfalen,Nordrhein-Westfalen,10.21
51709,Nordrhein-Westfalen,Nordrhein-Westfalen,10.21
51766,Nordrhein-Westfalen,Nordrhein-Westfalen,10.21
51777,Nordrhein-Westfalen,Nordrhein-Westfalen,10.21
51789,Nordrhein-Westfalen,Nordrhein-Westfalen,10.21
52028,Nordrhein-Westfalen,Nordrhein-Westfalen,10.21
52045,Nordrhein-Westfalen,Nordrhein-Westfalen,10.21
52046,Nordrhein-Westfalen,Nordrhein-Westfalen,10.21
52047,Nordrhein-Westfalen,Nordrhein-Westfalen,10.21
52049,Nordrhein-Westfalen,Nordrhein-Westfalen,10.21
52053,Nordrhein-Westfalen,Nordrhein-Westfalen,10.21
52054,Nordrhein-Westfalen,Nordrhein-Westfalen,10.21
52055,Nordrhein-Westfalen,Nordrhein-Westfalen,10.21
52056,Nordrhein-Westfalen,Nordrhein-Westfalen,10.21
52057,Nordrhein-Westfalen,Nordrhein-Westfalen,10.21
52058,Nordrhein-Westfalen,Nordrhein-Westfalen,10.21
52059,Nordrhein-Westfalen,Nordrhein-Westfalen,10.21
52060,Nordrhein-Westfalen,Nordrhein-Westfalen,10.21
52062,Nordrhein-Westfalen,Nordrhein-Westfalen,10.21
52064,Nordrhein-Westfalen,Nordrhein-Westfalen,10.21
52066,Nordrhein-Westfalen,Nordrhein-Westfalen,10.21
52068,Nordrhein-Westfalen,Nordrhein-Westfalen,10.21
52070,Nordrhein-Westfalen,Nordrhein-Westfalen,10.21
52072,Nordrhein-Westfalen,Nordrhein-Westfalen,10.21
52074,Nordrhein-Westfalen,Nordrhein-Westfalen,10.21
52076,Nordrhein-Westfalen,Nordrhein-Westfalen,10.21
52078,Nordrhein-Westfalen,Nordrhein-Westfalen,10.21
52080,Nordrhein-Westfalen,Nordrhein-Westfalen,10.21
52081,Nordrhein-Westfalen,Nordrhein-Westfalen,10.21
52084,Nordrhein-Westfalen,Nordrhein-Westfalen,10.21
52090,Nordrhein-Westfalen,Nordrhein-Westfalen,10.21
52099,Nordrhein-Westfalen,Nordrhein-Westfalen,10.21
52101,Nordrhein-Westfalen,Nordrhein-Westfalen,10.21
52115,Nordrhein-Westfalen,Nordrhein-Westfalen,10.21
52134,Nordrhein-Westfalen,Nordrhein-Westfalen,10.21
52146,Nordrhein-Westfalen,Nordrhein-Westfalen,10.21
52152,Nordrhein-Westfalen,Nordrhein-Westfalen,10.21
52156,Nordrhein-Westfalen,Nordrhein-Westfalen,10.21
52159,Nordrhein-Westfalen,Nordrhein-Westfalen,10.21
52220,Nordrhein-Westfalen,Nordrhein-Westfalen,10.21
52222,Nordrhein-Westfalen,Nordrhein-Westfalen,10.21
52223,Nordrhein-Westfalen,Nordrhein-Westfalen,10.21
52224,Nordrhein-Westfalen,Nordrhein-Westfalen,10.21
52249,Nordrhein-Westfalen,Nordrhein-Westfalen,10.21
52348,Nordrhein-Westfalen,Nordrhein-Westfalen,10.21
52349,Nordrhein-Westfalen,Nordrhein-Westfalen,10.21
52351,Nordrhein-Westfalen,Nordrhein-Westfalen,10.21
52353,Nordrhein-Westfalen,Nordrhein-Westfalen,10.21
52355,Nordrhein-Westfalen,Nordrhein-Westfalen,10.21
52372,Nordrhein-Westfalen,Nordrhein-Westfalen,10.21
52379,Nordrhein-Westfalen,Nordrhein-Westfalen,10.21
52382,Nordrhein-Westfalen,Nordrhein-Westfalen,10.21
52385,Nordrhein-Westfalen,Nordrhein-Westfalen,10.21
52388,Nordrhein-Westfalen,Nordrhein-Westfalen,10.21
52391,Nordrhein-Westfalen,Nordrhein-Westfalen,10.21
52393,Nordrhein-Westfalen,Nordrhein-Westfalen,10.21
52396,Nordrhein-Westfalen,Nordrhein-Westfalen,10.21
52399,Nordrhein-Westfalen,Nordrhein-Westfalen,10.21
52425,Nordrhein-Westfalen,Nordrhein-Westfalen,10.21
52426,Nordrhein-Westfalen,Nordrhein-Westfalen,10.21
52428,Nordrhein-Westfalen,Nordrhein-Westfalen,10.21
52441,Nordrhein-Westfalen,Nordrhein-Westfalen,10.21
52445,Nordrhein-Westfalen,Nordrhein-Westfalen,10.21
52457,Nordrhein-Westfalen,Nordrhein-Westfalen,10.21
52459,Nordrhein-Westfalen,Nordrhein-Westfalen,10.21
52475,Nordrhein-Westfalen,Nordrhein-Westfalen,10.21
52477,Nordrhein-Westfalen,Nordrhein-Westfalen,10.21
52499,Nordrhein-Westfalen,Nordrhein-Westfalen,10.21
52509,Nordrhein-Westfalen,Nordrhein-Westfalen,10.21
52511,Nordrhein-Westfalen,Nordrhein-Westfalen,10.21
52523,Nordrhein-Westfalen,Nordrhein-Westfalen,10.21
52525,Nordrhein-Westfalen,Nordrhein-Westfalen,10.21
52531,Nordrhein-Westfalen,Nordrhein-Westfalen,10.21
52538,Nordrhein-Westfalen,Nordrhein-Westfalen,10.21
53094,Nordrhein-Westfalen,Nordrhein-Westfalen,10.21
53095,Nordrhein-Westfalen,Nordrhein-Westfalen,10.21
53096,Nordrhein-Westfalen,Nordrhein-Westfalen,10.21
53099,Nordrhein-Westfalen,Nordrhein-Westfalen,10.21
53100,Nordrhein-Westfalen,Nordrhein-Westfalen,10.21
53102,Nordrhein-Westfalen,Nordrhein-Westfalen,10.21
53103,Nordrhein-Westfalen,Nordrhein-Westfalen,10.21
53104,Nordrhein-Westfalen,Nordrhein-Westfalen,10.21
53105,Nordrhein-Westfalen,Nordrhein-Westfalen,10.21
53106,Nordrhein-Westfalen,Nordrhein-Westfalen,10.21
53107,Nordrhein-Westfalen,Nordrhein-Westfalen,10.21
53108,Nordrhein-Westfalen,Nordrhein-Westfalen,10.21
53109,Nordrhein-Westfalen,Nordrhein-Westfalen,10.21
53110,Nordrhein-Westfalen,Nordrhein-Westfalen,10.21
53111,Nordrhein-Westfalen,Nordrhein-Westfalen,10.21
53113,Nordrhein-Westfalen,Nordrhein-Westfalen,10.21
53115,Nordrhein-Westfalen,Nordrhein-Westfalen,10.21
53117,Nordrhein-Westfalen,Nordrhein-Westfalen,10.21
53119,Nordrhein-Westfalen,Nordrhein-Westfalen,10.21
53121,Nordrhein-Westfalen,Nordrhein-Westfalen,10.21
53123,Nordrhein-Westfalen,Nordrhein-Westfalen,10.21
53125,Nordrhein-Westfalen,Nordrhein-Westfalen,10.21
53127,Nordrhein-Westfalen,Nordrhein-Westfalen,10.21
53129,Nordrhein-Westfalen,Nordrhein-Westfalen,10.21
53160,Nordrhein-Westfalen,Nordrhein-Westfalen,10.21
53168,Nordrhein-Westfalen,Nordrhein-Westfalen,10.21
53169,Nordrhein-Westfalen,Nordrhein-Westfalen,10.21
53170,Nordrhein-Westfalen,Nordrhein-Westfalen,10.21
53171,Nordrhein-Westfalen,Nordrhein-Westfalen,10.21
53173,Nordrhein-Westfalen,Nordrhein-Westfalen,10.21
53175,Nordrhein-Westfalen,Nordrhein-Westfalen,10.21
53177,Nordrhein-Westfalen,Nordrhein-Westfalen,10.21
53179,Nordrhein-Westfalen,Nordrhein-Westfalen,10.21
53221,Nordrhein-Westfalen,Nordrhein-Westfalen,10.21
53222,Nordrhein-Westfalen,Nordrhein-Westfalen,10.21
53223,Nordrhein-Westfalen,Nordrhein-Westfalen,10.21
53225,Nordrhein-Westfalen,Nordrhein-Westfalen,10.21
53227,Nordrhein-Westfalen,Nordrhein-Westfalen,10.21
53229,Nordrhein-Westfalen,Nordrhein-Westfalen,10.21
53241,Nordrhein-Westfalen,Nordrhein-Westfalen,10.21
53243,Nordrhein-Westfalen,Nordrhein-Westfalen,10.21
53245,Nordrhein-Westfalen,Nordrhein-Westfalen,10.21
53247,Nordrhein-Westfalen,Nordrhein-Westfalen,10.21
53248,Nordrhein-Westfalen,Nordrhein-Westfalen,10.21
53249,Nordrhein-Westfalen,Nordrhein-Westfalen,10.21
53250,Nordrhein-Westfalen,Nordrhein-Westfalen,10.21
53251,Nordrhein-Westfalen,Nordrhein-Westfalen,10.21
53252,Nordrhein-Westfalen,Nordrhein-Westfalen,10.21
53253,Nordrhein-Westfalen,Nordrhein-Westfalen,10.21
53254,Nordrhein-Westfalen,Nordrhein-Westfalen,10.21
53255,Nordrhein-Westfalen,Nordrhein-Westfalen,10.21
53262,Nordrhein-Westfalen,Nordrhein-Westfalen,10.21
53284,Nordrhein-Westfalen,Nordrhein-Westfalen,10.21
53285,Nordrhein-Westfalen,Nordrhein-Westfalen,10.21
53286,Nordrhein-Westfalen,Nordrhein-Westfalen,10.21
53287,Nordrhein-Westfalen,Nordrhein-Westfalen,10.21
53288,Nordrhein-Westfalen,Nordrhein-Westfalen,10.21
53289,Bavaria,Bayern,8.855
53330,Nordrhein-Westfalen,Nordrhein-Westfalen,10.21
53332,Nordrhein-Westfalen,Nordrhein-Westfalen,10.21
53338,Nordrhein-Westfalen,Nordrhein-Westfalen,10.21
53340,Nordrhein-Westfalen,Nordrhein-Westfalen,10.21
53343,Nordrhein-Westfalen,Nordrhein-Westfalen,10.21
53347,Nordrhein-Westfalen,Nordrhein-Westfalen,10.21
53357,Nordrhein-Westfalen,Nordrhein-Westfalen,10.21
53359,Nordrhein-Westfalen,Nordrhein-Westfalen,10.21
53423,Rheinland-Pfalz,Rheinland-Pfalz,9.885
53424,Rheinland-Pfalz,Rheinland-Pfalz,9.885
53426,Rheinland-Pfalz,Rheinland-Pfalz,9.885
53455,Rheinland-Pfalz,Rheinland-Pfalz,9.885
53470,Rheinland-Pfalz,Rheinland-Pfalz,9.885
53474,Rheinland-Pfalz,Rheinland-Pfalz,9.885
53489,Rheinland-Pfalz,Rheinland-Pfalz,9.885
53498,Rheinland-Pfalz,Rheinland-Pfalz,9.885
53501,Rheinland-Pfalz,Rheinland-Pfalz,9.885
53505,Rheinland-Pfalz,Rheinland-Pfalz,9.885
53506,Rheinland-Pfalz,Rheinland-Pfalz,9.885
53507,Rheinland-Pfalz,Rheinland-Pfalz,9.885
53508,Rheinland-Pfalz,Rheinland-Pfalz,9.885
53518,Rheinland-Pfalz,Rheinland-Pfalz,9.885
53520,Rheinland-Pfalz,Rheinland-Pfalz,9.885
53533,Rheinland-Pfalz,Rheinland-Pfalz,9.885
53534,Rheinland-Pfalz,Rheinland-Pfalz,9.885
53539,Rheinland-Pfalz,Rheinland-Pfalz,9.885
53545,Rheinland-Pfalz,Rheinland-Pfalz,9.885
53547,Rheinland-Pfalz,Rheinland-Pfalz,9.885
53557,Rheinland-Pfalz,Rheinland-Pfalz,9.885
53560,Rheinland-Pfalz,Rheinland-Pfalz,9.885
53562,Rheinland-Pfalz,Rheinland-Pfalz,9.885
53567,Rheinland-Pfalz,Rheinland-Pfalz,9.885
53572,Rheinland-Pfalz,Rheinland-Pfalz,9.885
53577,Rheinland-Pfalz,Rheinland-Pfalz,9.885
53578,Rheinland-Pfalz,Rheinland-Pfalz,9.885
53579,Rheinland-Pfalz,Rheinland-Pfalz,9.885
53602,Nordrhein-Westfalen,Nordrhein-Westfalen,10.21
53604,Nordrhein-Westfalen,Nordrhein-Westfalen,10.21
53619,Rheinland-Pfalz,Rheinland-Pfalz,9.885
53637,Nordrhein-Westfalen,Nordrhein-Westfalen,10.21
53639,Nordrhein-Westfalen,Nordrhein-Westfalen,10.21
53717,Nordrhein-Westfalen,Nordrhein-Westfalen,10.21
53718,Nordrhein-Westfalen,Nordrhein-Westfalen,10.21
53719,Nordrhein-Westfalen,Nordrhein-Westfalen,10.21
53721,Nordrhein-Westfalen,Nordrhein-Westfalen,10.21
53754,Nordrhein-Westfalen,Nordrhein-Westfalen,10.21
53757,Nordrhein-Westfalen,Nordrhein-Westfalen,10.21
53773,Nordrhein-Westfalen,Nordrhein-Westfalen,10.21
53783,Nordrhein-Westfalen,Nordrhein-Westfalen,10.21
53797,Nordrhein-Westfalen,Nordrhein-Westfalen,10.21
53804,Nordrhein-Westfalen,Nordrhein-Westfalen,10.21
53809,Nordrhein-Westfalen,Nordrhein-Westfalen,10.21
53819,Nordrhein-Westfalen,Nordrhein-Westfalen,10.21
53839,Nordrhein-Westfalen,Nordrhein-Westfalen,10.21
53840,Nordrhein-Westfalen,Nordrhein-Westfalen,10.21
53842,Nordrhein-Westfalen,Nordrhein-Westfalen,10.21
53844,Nordrhein-Westfalen,Nordrhein-Westfalen,10.21
53859,Nordrhein-Westfalen,Nordrhein-Westfalen,10.21
53877,Nordrhein-Westfalen,Nordrhein-Westfalen,10.21
53879,Nordrhein-Westfalen,Nordrhein-Westfalen,10.21
53881,Nordrhein-Westfalen,Nordrhein-Westfalen,10.21
53884,Nordrhein-Westfalen,Nordrhein-Westfalen,10.21
53894,Nordrhein-Westfalen,Nordrhein-Westfalen,10.21
53902,Nordrhein-Westfalen,Nordrhein-Westfalen,10.21
53909,Nordrhein-Westfalen,Nordrhein-Westfalen,10.21
53913,Nordrhein-Westfalen,Nordrhein-Westfalen,10.21
53919,Nordrhein-Westfalen,Nordrhein-Westfalen,10.21
53925,Nordrhein-Westfalen,Nordrhein-Westfalen,10.21
53937,Nordrhein-Westfalen,Nordrhein-Westfalen,10.21
53940,Nordrhein-Westfalen,Nordrhein-Westfalen,10.21
53945,Nordrhein-Westfalen,Nordrhein-Westfalen,10.21
53947,Nordrhein-Westfalen,Nordrhein-Westfalen,10.21
53949,Nordrhein-Westfalen,Nordrhein-Westfalen,10.21
54187,Rheinland-Pfalz,Rheinland-Pfalz,9.885
54189,Rheinland-Pfalz,Rheinland-Pfalz,9.885
54190,Rheinland-Pfalz,Rheinland-Pfalz,9.885
54286,Rheinland-Pfalz,Rheinland-Pfalz,9.885
54287,Rheinland-Pfalz,Rheinland-Pfalz,9.885
54290,Rheinland-Pfalz,Rheinland-Pfalz,9.885
54292,Rheinland-Pfalz,Rheinland-Pfalz,9.885
54293,Rheinland-Pfalz,Rheinland-Pfalz,9.885
54294,Rheinland-Pfalz,Rheinland-Pfalz,9.885
54295,Rheinland-Pfalz,Rheinland-Pfalz,9.885
54296,Rheinland-Pfalz,Rheinland-Pfalz,9.885
54298,Rheinland-Pfalz,Rheinland-Pfalz,9.885
54306,Rheinland-Pfalz,Rheinland-Pfalz,9.885
54308,Rheinland-Pfalz,Rheinland-Pfalz,9.885
54309,Rheinland-Pfalz,Rheinland-Pfalz,9.885
54310,Rheinland-Pfalz,Rheinland-Pfalz,9.885
54311,Rheinland-Pfalz,Rheinland-Pfalz,9.885
54313,Rheinland-Pfalz,Rheinland-Pfalz,9.885
54314,Rheinland-Pfalz,Rheinland-Pfalz,9.885
54316,Rheinland-Pfalz,Rheinland-Pfalz,9.885
54317,Rheinland-Pfalz,Rheinland-Pfalz,9.885
54318,Rheinland-Pfalz,Rheinland-Pfalz,9.885
54320,Rheinland-Pfalz,Rheinland-Pfalz,9.885
54329,Rheinland-Pfalz,Rheinland-Pfalz,9.885
54331,Rheinland-Pfalz,Rheinland-Pfalz,9.885
54332,Rheinland-Pfalz,Rheinland-Pfalz,9.885
54338,Rheinland-Pfalz,Rheinland-Pfalz,9.885
54340,Rheinland-Pfalz,Rheinland-Pfalz,9.885
54341,Rheinland-Pfalz,Rheinland-Pfalz,9.885
54343,Rheinland-Pfalz,Rheinland-Pfalz,9.885
54344,Rheinland-Pfalz,Rheinland-Pfalz,9.885
54346,Rheinland-Pfalz,Rheinland-Pfalz,9.885
54347,Rheinland-Pfalz,Rheinland-Pfalz,9.885
54349,Rheinland-Pfalz,Rheinland-Pfalz,9.885
54411,Rheinland-Pfalz,Rheinland-Pfalz,9.885
54413,Rheinland-Pfalz,Rheinland-Pfalz,9.885
54421,Rheinland-Pfalz,Rheinland-Pfalz,9.885
54422,Rheinland-Pfalz,Rheinland-Pfalz,9.885
54424,Rheinland-Pfalz,Rheinland-Pfalz,9.885
54426,Rheinland-Pfalz,Rheinland-Pfalz,9.885
54427,Rheinland-Pfalz,Rheinland-Pfalz,9.885
54429,Rheinland-Pfalz,Rheinland-Pfalz,9.885
54439,Rheinland-Pfalz,Rheinland-Pfalz,9.885
54441,Rheinland-Pfalz,Rheinland-Pfalz,9.885
54450,Rheinland-Pfalz,Rheinland-Pfalz,9.885
54451,Rheinland-Pfalz,Rheinland-Pfalz,9.885
54453,Rheinland-Pfalz,Rheinland-Pfalz,9.885
54455,Rheinland-Pfalz,Rheinland-Pfalz,9.885
54456,Rheinland-Pfalz,Rheinland-Pfalz,9.885
54457,Rheinland-Pfalz,Rheinland-Pfalz,9.885
54459,Rheinland-Pfalz,Rheinland-Pfalz,9.885
54469,Rheinland-Pfalz,Rheinland-Pfalz,9.885
54470,Rheinland-Pfalz,Rheinland-Pfalz,9.885
54472,Rheinland-Pfalz,Rheinland-Pfalz,9.885
54483,Rheinland-Pfalz,Rheinland-Pfalz,9.885
54484,Rheinland-Pfalz,Rheinland-Pfalz,9.885
54486,Rheinland-Pfalz,Rheinland-Pfalz,9.885
54487,Rheinland-Pfalz,Rheinland-Pfalz,9.885
54492,Rheinland-Pfalz,Rheinland-Pfalz,9.885
54497,Rheinland-Pfalz,Rheinland-Pfalz,9.885
54498,Rheinland-Pfalz,Rheinland-Pfalz,9.885
54516,Rheinland-Pfalz,Rheinland-Pfalz,9.885
54518,Rheinland-Pfalz,Rheinland-Pfalz,9.885
54523,Rheinland-Pfalz,Rheinland-Pfalz,9.885
54524,Rheinland-Pfalz,Rheinland-Pfalz,9.885
54526,Rheinland-Pfalz,Rheinland-Pfalz,9.885
54528,Rheinland-Pfalz,Rheinland-Pfalz,9.885
54529,Rheinland-Pfalz,Rheinland-Pfalz,9.885
54531,Rheinland-Pfalz,Rheinland-Pfalz,9.885
54533,Rheinland-Pfalz,Rheinland-Pfalz,9.885
54534,Rheinland-Pfalz,Rheinland-Pfalz,9.885
54536,Rheinland-Pfalz,Rheinland-Pfalz,9.885
54538,Rheinland-Pfalz,Rheinland-Pfalz,9.885
54539,Rheinland-Pfalz,Rheinland-Pfalz,9.885
54550,Rheinland-Pfalz,Rheinland-Pfalz,9.885
54552,Rheinland-Pfalz,Rheinland-Pfalz,9.885
54558,Rheinland-Pfalz,Rheinland-Pfalz,9.885
54567,Rheinland-Pfalz,Rheinland-Pfalz,9.885
54568,Rheinland-Pfalz,Rheinland-Pfalz,9.885
54570,Rheinland-Pfalz,Rheinland-Pfalz,9.885
54574,Rheinland-Pfalz,Rheinland-Pfalz,9.885
54576,Rheinland-Pfalz,Rheinland-Pfalz,9.885
54578,Rheinland-Pfalz,Rheinland-Pfalz,9.885
54579,Rheinland-Pfalz,Rheinland-Pfalz,9.885
54584,Rheinland-Pfalz,Rheinland-Pfalz,9.885
54585,Rheinland-Pfalz,Rheinland-Pfalz,9.885
54586,Rheinland-Pfalz,Rheinland-Pfalz,9.885
54587,Rheinland-Pfalz,Rheinland-Pfalz,9.885
54589,Rheinland-Pfalz,Rheinland-Pfalz,9.885
54595,Rheinland-Pfalz,Rheinland-Pfalz,9.885
54597,Rheinland-Pfalz,Rheinland-Pfalz,9.885
54608,Rheinland-Pfalz,Rheinland-Pfalz,9.885
54610,Rheinland-Pfalz,Rheinland-Pfalz,9.885
54611,Rheinland-Pfalz,Rheinland-Pfalz,9.885
54612,Rheinland-Pfalz,Rheinland-Pfalz,9.885
54614,Rheinland-Pfalz,Rheinland-Pfalz,9.885
54616,Rheinland-Pfalz,Rheinland-Pfalz,9.885
54617,Rheinland-Pfalz,Rheinland-Pfalz,9.885
54619,Rheinland-Pfalz,Rheinland-Pfalz,9.885
54634,Rheinland-Pfalz,Rheinland-Pfalz,9.885
54636,Rheinland-Pfalz,Rheinland-Pfalz,9.885
54646,Rheinland-Pfalz,Rheinland-Pfalz,9.885
54647,Rheinland-Pfalz,Rheinland-Pfalz,9.885
54649,Rheinland-Pfalz,Rheinland-Pfalz,9.885
54655,Rheinland-Pfalz,Rheinland-Pfalz,9.885
54657,Rheinland-Pfalz,Rheinland-Pfalz,9.885
54662,Rheinland-Pfalz,Rheinland-Pfalz,9.885
54664,Rheinland-Pfalz,Rheinland-Pfalz,9.885
54666,Rheinland-Pfalz,Rheinland-Pfalz,9.885
54668,Rheinland-Pfalz,Rheinland-Pfalz,9.885
54669,Rheinland-Pfalz,Rheinland-Pfalz,9.885
54673,Rheinland-Pfalz,Rheinland-Pfalz,9.885
54675,Rheinland-Pfalz,Rheinland-Pfalz,9.885
54687,Rheinland-Pfalz,Rheinland-Pfalz,9.885
54689,Rheinland-Pfalz,Rheinland-Pfalz,9.885
55097,Rheinland-Pfalz,Rheinland-Pfalz,9.885
55098,Rheinland-Pfalz,Rheinland-Pfalz,9.885
55099,Rheinland-Pfalz,Rheinland-Pfalz,9.885
55100,Rheinland-Pfalz,Rheinland-Pfalz,9.885
55101,Rheinland-Pfalz,Rheinland-Pfalz,9.885
55116,Rheinland-Pfalz,Rheinland-Pfalz,9.885
55118,Rheinland-Pfalz,Rheinland-Pfalz,9.885
55120,Rheinland-Pfalz,Rheinland-Pfalz,9.885
55122,Rheinland-Pfalz,Rheinland-Pfalz,9.885
55124,Rheinland-Pfalz,Rheinland-Pfalz,9.885
55126,Rheinland-Pfalz,Rheinland-Pfalz,9.885
55127,Rheinland-Pfalz,Rheinland-Pfalz,9.885
55128,Rheinland-Pfalz,Rheinland-Pfalz,9.885
55129,Rheinland-Pfalz,Rheinland-Pfalz,9.885
55130,Rheinland-Pfalz,Rheinland-Pfalz,9.885
55131,Rheinland-Pfalz,Rheinland-Pfalz,9.885
55146,Rheinland-Pfalz,Rheinland-Pfalz,9.885
55147,Rheinland-Pfalz,Rheinland-Pfalz,9.885
55148,Rheinland-Pfalz,Rheinland-Pfalz,9.885
55149,Rheinland-Pfalz,Rheinland-Pfalz,9.885
55150,Rheinland-Pfalz,Rheinland-Pfalz,9.885
55218,Rheinland-Pfalz,Rheinland-Pfalz,9.885
55232,Rheinland-Pfalz,Rheinland-Pfalz,9.885
55234,Rheinland-Pfalz,Rheinland-Pfalz,9.885
55237,Rheinland-Pfalz,Rheinland-Pfalz,9.885
55239,Rheinland-Pfalz,Rheinland-Pfalz,9.885
55246,Hessen,Hessen,9.555
55252,Hessen,Hessen,9.555
55257,Rheinland-Pfalz,Rheinland-Pfalz,9.885
55262,Rheinland-Pfalz,Rheinland-Pfalz,9.885
55263,Rheinland-Pfalz,Rheinland-Pfalz,9.885
55266,Rheinland-Pfalz,Rheinland-Pfalz,9.885
55268,Rheinland-Pfalz,Rheinland-Pfalz,9.885
55270,Rheinland-Pfalz,Rheinland-Pfalz,9.885
55271,Rheinland-Pfalz,Rheinland-Pfalz,9.885
55276,Rheinland-Pfalz,Rheinland-Pfalz,9.885
55278,Rheinland-Pfalz,Rheinland-Pfalz,9.885
55283,Rheinland-Pfalz,Rheinland-Pfalz,9.885
55286,Rheinland-Pfalz,Rheinland-Pfalz,9.885
55288,Rheinland-Pfalz,Rheinland-Pfalz,9.885
55291,Rheinland-Pfalz,Rheinland-Pfalz,9.885
55294,Rheinland-Pfalz,Rheinland-Pfalz,9.885
55296,Rheinland-Pfalz,Rheinland-Pfalz,9.885
55299,Rheinland-Pfalz,Rheinland-Pfalz,9.885
55408,Rheinland-Pfalz,Rheinland-Pfalz,9.885
55409,Rheinland-Pfalz,Rheinland-Pfalz,9.885
55411,Rheinland-Pfalz,Rheinland-Pfalz,9.885
55413,Rheinland-Pfalz,Rheinland-Pfalz,9.885
55422,Rheinland-Pfalz,Rheinland-Pfalz,9.885
55424,Rheinland-Pfalz,Rheinland-Pfalz,9.885
55425,Rheinland-Pfalz,Rheinland-Pfalz,9.885
55430,Rheinland-Pfalz,Rheinland-Pfalz,9.885
55432,Rheinland-Pfalz,Rheinland-Pfalz,9.885
55435,Rheinland-Pfalz,Rheinland-Pfalz,9.885
55437,Rheinland-Pfalz,Rheinland-Pfalz,9.885
55442,Rheinland-Pfalz,Rheinland-Pfalz,9.885
55444,Rheinland-Pfalz,Rheinland-Pfalz,9.885
55450,Rheinland-Pfalz,Rheinland-Pfalz,9.885
55452,Rheinland-Pfalz,Rheinland-Pfalz,9.885
55457,Rheinland-Pfalz,Rheinland-Pfalz,9.885
55459,Rheinland-Pfalz,Rheinland-Pfalz,9.885
55469,Rheinland-Pfalz,Rheinland-Pfalz,9.885
55471,Rheinland-Pfalz,Rheinland-Pfalz,9.885
55481,Rheinland-Pfalz,Rheinland-Pfalz,9.885
55483,Rheinland-Pfalz,Rheinland-Pfalz,9.885
55487,Rheinland-Pfalz,Rheinland-Pfalz,9.885
55490,Rheinland-Pfalz,Rheinland-Pfalz,9.885
55491,Rheinland-Pfalz,Rheinland-Pfalz,9.885
55494,Rheinland-Pfalz,Rheinland-Pfalz,9.885
55496,Rheinland-Pfalz,Rheinland-Pfalz,9.885
55497,Rheinland-Pfalz,Rheinland-Pfalz,9.885
55499,Rheinland-Pfalz,Rheinland-Pfalz,9.885
55538,Rheinland-Pfalz,Rheinland-Pfalz,9.885
55540,Rheinland-Pfalz,Rheinland-Pfalz,9.885
55541,Bavaria,Bayern,8.855
55543,Rheinland-Pfalz,Rheinland-Pfalz,9.885
55545,Rheinland-Pfalz,Rheinland-Pfalz,9.885
55546,Rheinland-Pfalz,Rheinland-Pfalz,9.885
55559,Rheinland-Pfalz,Rheinland-Pfalz,9.885
55566,Rheinland-Pfalz,Rheinland-Pfalz,9.885
55568,Rheinland-Pfalz,Rheinland-Pfalz,9.885
55569,Rheinland-Pfalz,Rheinland-Pfalz,9.885
55571,Rheinland-Pfalz,Rheinland-Pfalz,9.885
55576,Rheinland-Pfalz,Rheinland-Pfalz,9.885
55578,Rheinland-Pfalz,Rheinland-Pfalz,9.885
55583,Rheinland-Pfalz,Rheinland-Pfalz,9.885
55585,Rheinland-Pfalz,Rheinland-Pfalz,9.885
55590,Rheinland-Pfalz,Rheinland-Pfalz,9.885
55592,Rheinland-Pfalz,Rheinland-Pfalz,9.885
55593,Rheinland-Pfalz,Rheinland-Pfalz,9.885
55595,Rheinland-Pfalz,Rheinland-Pfalz,9.885
55596,Rheinland-Pfalz,Rheinland-Pfalz,9.885
55597,Rheinland-Pfalz,Rheinland-Pfalz,9.885
55599,Rheinland-Pfalz,Rheinland-Pfalz,9.885
55606,Rheinland-Pfalz,Rheinland-Pfalz,9.885
55608,Rheinland-Pfalz,Rheinland-Pfalz,9.885
55618,Rheinland-Pfalz,Rheinland-Pfalz,9.885
55619,Rheinland-Pfalz,Rheinland-Pfalz,9.885
55621,Rheinland-Pfalz,Rheinland-Pfalz,9.885
55624,Rheinland-Pfalz,Rheinland-Pfalz,9.885
55626,Rheinland-Pfalz,Rheinland-Pfalz,9.885
55627,Rheinland-Pfalz,Rheinland-Pfalz,9.885
55629,Rheinland-Pfalz,Rheinland-Pfalz,9.885
55743,Rheinland-Pfalz,Rheinland-Pfalz,9.885
55756,Rheinland-Pfalz,Rheinland-Pfalz,9.885
55758,Rheinland-Pfalz,Rheinland-Pfalz,9.885
55765,Rheinland-Pfalz,Rheinland-Pfalz,9.885
55767,Rheinland-Pfalz,Rheinland-Pfalz,9.885
55768,Rheinland-Pfalz,Rheinland-Pfalz,9.885
55774,Rheinland-Pfalz,Rheinland-Pfalz,9.885
55776,Rheinland-Pfalz,Rheinland-Pfalz,9.885
55777,Rheinland-Pfalz,Rheinland-Pfalz,9.885
55779,Rheinland-Pfalz,Rheinland-Pfalz,9.885
56037,Rheinland-Pfalz,Rheinland-Pfalz,9.885
56040,Rheinland-Pfalz,Rheinland-Pfalz,9.885
56048,Rheinland-Pfalz,Rheinland-Pfalz,9.885
56053,Rheinland-Pfalz,Rheinland-Pfalz,9.885
56054,Rheinland-Pfalz,Rheinland-Pfalz,9.885
56055,Rheinland-Pfalz,Rheinland-Pfalz,9.885
56056,Rheinland-Pfalz,Rheinland-Pfalz,9.885
56057,Rheinland-Pfalz,Rheinland-Pfalz,9.885
56058,Rheinland-Pfalz,Rheinland-Pfalz,9.885
56059,Rheinland-Pfalz,Rheinland-Pfalz,9.885
56060,Rheinland-Pfalz,Rheinland-Pfalz,9.885
56062,Rheinland-Pfalz,Rheinland-Pfalz,9.885
56063,Rheinland-Pfalz,Rheinland-Pfalz,9.885
56064,Rheinland-Pfalz,Rheinland-Pfalz,9.885
56065,Rheinland-Pfalz,Rheinland-Pfalz,9.885
56066,Rheinland-Pfalz,Rheinland-Pfalz,9.885
56068,Rheinland-Pfalz,Rheinland-Pfalz,9.885
56070,Rheinland-Pfalz,Rheinland-Pfalz,9.885
56072,Rheinland-Pfalz,Rheinland-Pfalz,9.885
56073,Rheinland-Pfalz,Rheinland-Pfalz,9.885
56075,Rheinland-Pfalz,Rheinland-Pfalz,9.885
56076,Rheinland-Pfalz,Rheinland-Pfalz,9.885
56077,Rheinland-Pfalz,Rheinland-Pfalz,9.885
56078,Rheinland-Pfalz,Rheinland-Pfalz,9.885
56079,Rheinland-Pfalz,Rheinland-Pfalz,9.885
56080,Rheinland-Pfalz,Rheinland-Pfalz,9.885
56112,Rheinland-Pfalz,Rheinland-Pfalz,9.885
56128,Rheinland-Pfalz,Rheinland-Pfalz,9.885
56129,Rheinland-Pfalz,Rheinland-Pfalz,9.885
56130,Rheinland-Pfalz,Rheinland-Pfalz,9.885
56132,Rheinland-Pfalz,Rheinland-Pfalz,9.885
56133,Rheinland-Pfalz,Rheinland-Pfalz,9.885
56154,Rheinland-Pfalz,Rheinland-Pfalz,9.885
56170,Rheinland-Pfalz,Rheinland-Pfalz,9.885
56179,Rheinland-Pfalz,Rheinland-Pfalz,9.885
56182,Rheinland-Pfalz,Rheinland-Pfalz,9.885
56191,Rheinland-Pfalz,Rheinland-Pfalz,9.885
56203,Rheinland-Pfalz,Rheinland-Pfalz,9.885
56204,Rheinland-Pfalz,Rheinland-Pfalz,9.885
56206,Rheinland-Pfalz,Rheinland-Pfalz,9.885
56218,Rheinland-Pfalz,Rheinland-Pfalz,9.885
56220,Rheinland-Pfalz,Rheinland-Pfalz,9.885
56235,Rheinland-Pfalz,Rheinland-Pfalz,9.885
56237,Rheinland-Pfalz,Rheinland-Pfalz,9.885
56242,Rheinland-Pfalz,Rheinland-Pfalz,9.885
56244,Rheinland-Pfalz,Rheinland-Pfalz,9.885
56249,Rheinland-Pfalz,Rheinland-Pfalz,9.885
56253,Rheinland-Pfalz,Rheinland-Pfalz,9.885
56254,Rheinland-Pfalz,Rheinland-Pfalz,9.885
56269,Rheinland-Pfalz,Rheinland-Pfalz,9.885
56271,Rheinland-Pfalz,Rheinland-Pfalz,9.885
56276,Rheinland-Pfalz,Rheinland-Pfalz,9.885
56281,Rheinland-Pfalz,Rheinland-Pfalz,9.885
56283,Rheinland-Pfalz,Rheinland-Pfalz,9.885
56288,Rheinland-Pfalz,Rheinland-Pfalz,9.885
56290,Rheinland-Pfalz,Rheinland-Pfalz,9.885
56291,Rheinland-Pfalz,Rheinland-Pfalz,9.885
56294,Rheinland-Pfalz,Rheinland-Pfalz,9.885
56295,Rheinland-Pfalz,Rheinland-Pfalz,9.885
56299,Rheinland-Pfalz,Rheinland-Pfalz,9.885
56305,Rheinland-Pfalz,Rheinland-Pfalz,9.885
56307,Rheinland-Pfalz,Rheinland-Pfalz,9.885
56316,Rheinland-Pfalz,Rheinland-Pfalz,9.885
56317,Rheinland-Pfalz,Rheinland-Pfalz,9.885
56321,Rheinland-Pfalz,Rheinland-Pfalz,9.885
56322,Rheinland-Pfalz,Rheinland-Pfalz,9.885
56323,Rheinland-Pfalz,Rheinland-Pfalz,9.885
56329,Rheinland-Pfalz,Rheinland-Pfalz,9.885
56330,Rheinland-Pfalz,Rheinland-Pfalz,9.885
56332,Rheinland-Pfalz,Rheinland-Pfalz,9.885
56333,Rheinland-Pfalz,Rheinland-Pfalz,9.885
56335,Rheinland-Pfalz,Rheinland-Pfalz,9.885
56337,Rheinland-Pfalz,Rheinland-Pfalz,9.885
56338,Rheinland-Pfalz,Rheinland-Pfalz,9.885
56340,Rheinland-Pfalz,Rheinland-Pfalz,9.885
56341,Rheinland-Pfalz,Rheinland-Pfalz,9.885
56346,Rheinland-Pfalz,Rheinland-Pfalz,9.885
56348,Rheinland-Pfalz,Rheinland-Pfalz,9.885
56349,Rheinland-Pfalz,Rheinland-Pfalz,9.885
56355,Rheinland-Pfalz,Rheinland-Pfalz,9.885
56357,Rheinland-Pfalz,Rheinland-Pfalz,9.885
56368,Rheinland-Pfalz,Rheinland-Pfalz,9.885
56370,Rheinland-Pfalz,Rheinland-Pfalz,9.885
56377,Rheinland-Pfalz,Rheinland-Pfalz,9.885
56379,Rheinland-Pfalz,Rheinland-Pfalz,9.885
56407,Rheinland-Pfalz,Rheinland-Pfalz,9.885
56409,Rheinland-Pfalz,Rheinland-Pfalz,9.885
56410,Rheinland-Pfalz,Rheinland-Pfalz,9.885
56412,Rheinland-Pfalz,Rheinland-Pfalz,9.885
56414,Rheinland-Pfalz,Rheinland-Pfalz,9.885
56422,Rheinland-Pfalz,Rheinland-Pfalz,9.885
56424,Rheinland-Pfalz,Rheinland-Pfalz,9.885
56427,Rheinland-Pfalz,Rheinland-Pfalz,9.885
56428,Rheinland-Pfalz,Rheinland-Pfalz,9.885
56456,Rheinland-Pfalz,Rheinland-Pfalz,9.885
56457,Rheinland-Pfalz,Rheinland-Pfalz,9.885
56459,Rheinland-Pfalz,Rheinland-Pfalz,9.885
56462,Rheinland-Pfalz,Rheinland-Pfalz,9.885
56469,Rheinland-Pfalz,Rheinland-Pfalz,9.885
56470,Rheinland-Pfalz,Rheinland-Pfalz,9.885
56472,Rheinland-Pfalz,Rheinland-Pfalz,9.885
56476,Hessen,Hessen,9.555
56477,Rheinland-Pfalz,Rheinland-Pfalz,9.885
56479,Rheinland-Pfalz,Rheinland-Pfalz,9.885
56560,Rheinland-Pfalz,Rheinland-Pfalz,9.885
56562,Rheinland-Pfalz,Rheinland-Pfalz,9.885
56564,Rheinland-Pfalz,Rheinland-Pfalz,9.885
56566,Rheinland-Pfalz,Rheinland-Pfalz,9.885
56567,Rheinland-Pfalz,Rheinland-Pfalz,9.885
56575,Rheinland-Pfalz,Rheinland-Pfalz,9.885
56578,Rheinland-Pfalz,Rheinland-Pfalz,9.885
56579,Rheinland-Pfalz,Rheinland-Pfalz,9.885
56581,Rheinland-Pfalz,Rheinland-Pfalz,9.885
56584,Rheinland-Pfalz,Rheinland-Pfalz,9.885
56587,Rheinland-Pfalz,Rheinland-Pfalz,9.885
56588,Rheinland-Pfalz,Rheinland-Pfalz,9.885
56589,Rheinland-Pfalz,Rheinland-Pfalz,9.885
56593,Rheinland-Pfalz,Rheinland-Pfalz,9.885
56594,Rheinland-Pfalz,Rheinland-Pfalz,9.885
56598,Rheinland-Pfalz,Rheinland-Pfalz,9.885
56599,Rheinland-Pfalz,Rheinland-Pfalz,9.885
56624,Rheinland-Pfalz,Rheinland-Pfalz,9.885
56626,Rheinland-Pfalz,Rheinland-Pfalz,9.885
56630,Rheinland-Pfalz,Rheinland-Pfalz,9.885
56637,Rheinland-Pfalz,Rheinland-Pfalz,9.885
56642,Rheinland-Pfalz,Rheinland-Pfalz,9.885
56645,Rheinland-Pfalz,Rheinland-Pfalz,9.885
56647,Rheinland-Pfalz,Rheinland-Pfalz,9.885
56648,Rheinland-Pfalz,Rheinland-Pfalz,9.885
56651,Rheinland-Pfalz,Rheinland-Pfalz,9.885
56653,Rheinland-Pfalz,Rheinland-Pfalz,9.885
56656,Rheinland-Pfalz,Rheinland-Pfalz,9.885
56659,Rheinland-Pfalz,Rheinland-Pfalz,9.885
56723,Rheinland-Pfalz,Rheinland-Pfalz,9.885
56724,Rheinland-Pfalz,Rheinland-Pfalz,9.885
56725,Rheinland-Pfalz,Rheinland-Pfalz,9.885
56727,Rheinland-Pfalz,Rheinland-Pfalz,9.885
56729,Rheinland-Pfalz,Rheinland-Pfalz,9.885
56736,Rheinland-Pfalz,Rheinland-Pfalz,9.885
56743,Rheinland-Pfalz,Rheinland-Pfalz,9.885
56745,Rheinland-Pfalz,Rheinland-Pfalz,9.885
56746,Rheinland-Pfalz,Rheinland-Pfalz,9.885
56751,Rheinland-Pfalz,Rheinland-Pfalz,9.885
56753,Rheinland-Pfalz,Rheinland-Pfalz,9.885
56754,Rheinland-Pfalz,Rheinland-Pfalz,9.885
56759,Rheinland-Pfalz,Rheinland-Pfalz,9.885
56761,Rheinland-Pfalz,Rheinland-Pfalz,9.885
56766,Rheinland-Pfalz,Rheinland-Pfalz,9.885
56767,Rheinland-Pfalz,Rheinland-Pfalz,9.885
56769,Rheinland-Pfalz,Rheinland-Pfalz,9.885
56812,Rheinland-Pfalz,Rheinland-Pfalz,9.885
56814,Rheinland-Pfalz,Rheinland-Pfalz,9.885
56818,Rheinland-Pfalz,Rheinland-Pfalz,9.885
56820,Rheinland-Pfalz,Rheinland-Pfalz,9.885
56821,Rheinland-Pfalz,Rheinland-Pfalz,9.885
56823,Rheinland-Pfalz,Rheinland-Pfalz,9.885
56825,Rheinland-Pfalz,Rheinland-Pfalz,9.885
56826,Rheinland-Pfalz,Rheinland-Pfalz,9.885
56828,Rheinland-Pfalz,Rheinland-Pfalz,9.885
56829,Rheinland-Pfalz,Rheinland-Pfalz,9.885
56841,Rheinland-Pfalz,Rheinland-Pfalz,9.885
56843,Rheinland-Pfalz,Rheinland-Pfalz,9.885
56850,Rheinland-Pfalz,Rheinland-Pfalz,9.885
56856,Rheinland-Pfalz,Rheinland-Pfalz,9.885
56858,Rheinland-Pfalz,Rheinland-Pfalz,9.885
56859,Rheinland-Pfalz,Rheinland-Pfalz,9.885
56861,Rheinland-Pfalz,Rheinland-Pfalz,9.885
56862,Rheinland-Pfalz,Rheinland-Pfalz,9.885
56864,Rheinland-Pfalz,Rheinland-Pfalz,9.885
56865,Rheinland-Pfalz,Rheinland-Pfalz,9.885
56867,Rheinland-Pfalz,Rheinland-Pfalz,9.885
56869,Rheinland-Pfalz,Rheinland-Pfalz,9.885
57068,Nordrhein-Westfalen,Nordrhein-Westfalen,10.21
57069,Nordrhein-Westfalen,Nordrhein-Westfalen,10.21
57070,Nordrhein-Westfalen,Nordrhein-Westfalen,10.21
57072,Nordrhein-Westfalen,Nordrhein-Westfalen,10.21
57074,Nordrhein-Westfalen,Nordrhein-Westfalen,10.21
57076,Nordrhein-Westfalen,Nordrhein-Westfalen,10.21
57078,Nordrhein-Westfalen,Nordrhein-Westfalen,10.21
57080,Nordrhein-Westfalen,Nordrhein-Westfalen,10.21
57110,Nordrhein-Westfalen,Nordrhein-Westfalen,10.21
57223,Nordrhein-Westfalen,Nordrhein-Westfalen,10.21
57234,Nordrhein-Westfalen,Nordrhein-Westfalen,10.21
57250,Nordrhein-Westfalen,Nordrhein-Westfalen,10.21
57258,Nordrhein-Westfalen,Nordrhein-Westfalen,10.21
57271,Nordrhein-Westfalen,Nordrhein-Westfalen,10.21
57289,Nordrhein-Westfalen,Nordrhein-Westfalen,10.21
57290,Nordrhein-Westfalen,Nordrhein-Westfalen,10.21
57299,Nordrhein-Westfalen,Nordrhein-Westfalen,10.21
57319,Nordrhein-Westfalen,Nordrhein-Westfalen,10.21
57334,Nordrhein-Westfalen,Nordrhein-Westfalen,10.21
57339,Nordrhein-Westfalen,Nordrhein-Westfalen,10.21
57368,Nordrhein-Westfalen,Nordrhein-Westfalen,10.21
57392,Nordrhein-Westfalen,Nordrhein-Westfalen,10.21
57399,Nordrhein-Westfalen,Nordrhein-Westfalen,10.21
57413,Nordrhein-Westfalen,Nordrhein-Westfalen,10.21
57437,Nordrhein-Westfalen,Nordrhein-Westfalen,10.21
57439,Nordrhein-Westfalen,Nordrhein-Westfalen,10.21
57462,Nordrhein-Westfalen,Nordrhein-Westfalen,10.21
57482,Nordrhein-Westfalen,Nordrhein-Westfalen,10.21
57489,Nordrhein-Westfalen,Nordrhein-Westfalen,10.21
57517,Rheinland-Pfalz,Rheinland-Pfalz,9.885
57518,Rheinland-Pfalz,Rheinland-Pfalz,9.885
57520,Rheinland-Pfalz,Rheinland-Pfalz,9.885
57537,Rheinland-Pfalz,Rheinland-Pfalz,9.885
57539,Rheinland-Pfalz,Rheinland-Pfalz,9.885
57548,Rheinland-Pfalz,Rheinland-Pfalz,9.885
57555,Rheinland-Pfalz,Rheinland-Pfalz,9.885
57562,Rheinland-Pfalz,Rheinland-Pfalz,9.885
57567,Rheinland-Pfalz,Rheinland-Pfalz,9.885
57572,Rheinland-Pfalz,Rheinland-Pfalz,9.885
57577,Rheinland-Pfalz,Rheinland-Pfalz,9.885
57578,Rheinland-Pfalz,Rheinland-Pfalz,9.885
57580,Rheinland-Pfalz,Rheinland-Pfalz,9.885
57581,Rheinland-Pfalz,Rheinland-Pfalz,9.885
57583,Rheinland-Pfalz,Rheinland-Pfalz,9.885
57584,Rheinland-Pfalz,Rheinland-Pfalz,9.885
57586,Rheinland-Pfalz,Rheinland-Pfalz,9.885
57587,Rheinland-Pfalz,Rheinland-Pfalz,9.885
57589,Rheinland-Pfalz,Rheinland-Pfalz,9.885
57609,Rheinland-Pfalz,Rheinland-Pfalz,9.885
57610,Rheinland-Pfalz,Rheinland-Pfalz,9.885
57612,Rheinland-Pfalz,Rheinland-Pfalz,9.885
57614,Rheinland-Pfalz,Rheinland-Pfalz,9.885
57626,Rheinland-Pfalz,Rheinland-Pfalz,9.885
57627,Rheinland-Pfalz,Rheinland-Pfalz,9.885
57629,Rheinland-Pfalz,Rheinland-Pfalz,9.885
57632,Rheinland-Pfalz,Rheinland-Pfalz,9.885
57635,Rheinland-Pfalz,Rheinland-Pfalz,9.885
57636,Rheinland-Pfalz,Rheinland-Pfalz,9.885
57638,Rheinland-Pfalz,Rheinland-Pfalz,9.885
57639,Rheinland-Pfalz,Rheinland-Pfalz,9.885
57641,Rheinland-Pfalz,Rheinland-Pfalz,9.885
57642,Rheinland-Pfalz,Rheinland-Pfalz,9.885
57644,Rheinland-Pfalz,Rheinland-Pfalz,9.885
57645,Rheinland-Pfalz,Rheinland-Pfalz,9.885
57647,Rheinland-Pfalz,Rheinland-Pfalz,9.885
57648,Rheinland-Pfalz,Rheinland-Pfalz,9.885
58079,Nordrhein-Westfalen,Nordrhein-Westfalen,10.21
58080,Nordrhein-Westfalen,Nordrhein-Westfalen,10.21
58081,Nordrhein-Westfalen,Nordrhein-Westfalen,10.21
58082,Nordrhein-Westfalen,Nordrhein-Westfalen,10.21
58083,Nordrhein-Westfalen,Nordrhein-Westfalen,10.21
58084,Nordrhein-Westfalen,Nordrhein-Westfalen,10.21
58085,Nordrhein-Westfalen,Nordrhein-Westfalen,10.21
58086,Nordrhein-Westfalen,Nordrhein-Westfalen,10.21
58089,Nordrhein-Westfalen,Nordrhein-Westfalen,10.21
58091,Nordrhein-Westfalen,Nordrhein-Westfalen,10.21
58093,Nordrhein-Westfalen,Nordrhein-Westfalen,10.21
58095,Nordrhein-Westfalen,Nordrhein-Westfalen,10.21
58097,Nordrhein-Westfalen,Nordrhein-Westfalen,10.21
58099,Nordrhein-Westfalen,Nordrhein-Westfalen,10.21
58117,Nordrhein-Westfalen,Nordrhein-Westfalen,10.21
58119,Nordrhein-Westfalen,Nordrhein-Westfalen,10.21
58133,Nordrhein-Westfalen,Nordrhein-Westfalen,10.21
58135,Nordrhein-Westfalen,Nordrhein-Westfalen,10.21
58147,Nordrhein-Westfalen,Nordrhein-Westfalen,10.21
58237,Nordrhein-Westfalen,Nordrhein-Westfalen,10.21
58239,Nordrhein-Westfalen,Nordrhein-Westfalen,10.21
58256,Nordrhein-Westfalen,Nordrhein-Westfalen,10.21
58283,Nordrhein-Westfalen,Nordrhein-Westfalen,10.21
58285,Nordrhein-Westfalen,Nordrhein-Westfalen,10.21
58292,Nordrhein-Westfalen,Nordrhein-Westfalen,10.21
58298,Nordrhein-Westfalen,Nordrhein-Westfalen,10.21
58300,Nordrhein-Westfalen,Nordrhein-Westfalen,10.21
58311,Nordrhein-Westfalen,Nordrhein-Westfalen,10.21
58313,Nordrhein-Westfalen,Nordrhein-Westfalen,10.21
58330,Nordrhein-Westfalen,Nordrhein-Westfalen,10.21
58332,Nordrhein-Westfalen,Nordrhein-Westfalen,10.21
58339,Nordrhein-Westfalen,Nordrhein-Westfalen,10.21
58448,Nordrhein-Westfalen,Nordrhein-Westfalen,10.21
58449,Nordrhein-Westfalen,Nordrhein-Westfalen,10.21
58452,Nordrhein-Westfalen,Nordrhein-Westfalen,10.21
58453,Nordrhein-Westfalen,Nordrhein-Westfalen,10.21
58454,Nordrhein-Westfalen,Nordrhein-Westfalen,10.21
58455,Nordrhein-Westfalen,Nordrhein-Westfalen,10.21
58456,Nordrhein-Westfalen,Nordrhein-Westfalen,10.21
58505,Nordrhein-Westfalen,Nordrhein-Westfalen,10.21
58507,Nordrhein-Westfalen,Nordrhein-Westfalen,10.21
58509,Nordrhein-Westfalen,Nordrhein-Westfalen,10.21
58511,Nordrhein-Westfalen,Nordrhein-Westfalen,10.21
58513,Nordrhein-Westfalen,Nordrhein-Westfalen,10.21
58515,Nordrhein-Westfalen,Nordrhein-Westfalen,10.21
58540,Nordrhein-Westfalen,Nordrhein-Westfalen,10.21
58553,Nordrhein-Westfalen,Nordrhein-Westfalen,10.21
58566,Nordrhein-Westfalen,Nordrhein-Westfalen,10.21
58579,Nordrhein-Westfalen,Nordrhein-Westfalen,10.21
58603,Nordrhein-Westfalen,Nordrhein-Westfalen,10.21
58634,Nordrhein-Westfalen,Nordrhein-Westfalen,10.21
58636,Nordrhein-Westfalen,Nordrhein-Westfalen,10.21
58638,Nordrhein-Westfalen,Nordrhein-Westfalen,10.21
58640,Nordrhein-Westfalen,Nordrhein-Westfalen,10.21
58642,Nordrhein-Westfalen,Nordrhein-Westfalen,10.21
58644,Nordrhein-Westfalen,Nordrhein-Westfalen,10.21
58675,Nordrhein-Westfalen,Nordrhein-Westfalen,10.21
58706,Nordrhein-Westfalen,Nordrhein-Westfalen,10.21
58708,Nordrhein-Westfalen,Nordrhein-Westfalen,10.21
58710,Nordrhein-Westfalen,Nordrhein-Westfalen,10.21
58730,Nordrhein-Westfalen,Nordrhein-Westfalen,10.21
58739,Nordrhein-Westfalen,Nordrhein-Westfalen,10.21
58762,Nordrhein-Westfalen,Nordrhein-Westfalen,10.21
58769,Nordrhein-Westfalen,Nordrhein-Westfalen,10.21
58791,Nordrhein-Westfalen,Nordrhein-Westfalen,10.21
58802,Nordrhein-Westfalen,Nordrhein-Westfalen,10.21
58809,Nordrhein-Westfalen,Nordrhein-Westfalen,10.21
58840,Nordrhein-Westfalen,Nordrhein-Westfalen,10.21
58849,Nordrhein-Westfalen,Nordrhein-Westfalen,10.21
59056,Nordrhein-Westfalen,Nordrhein-Westfalen,10.21
59057,Nordrhein-Westfalen,Nordrhein-Westfalen,10.21
59059,Nordrhein-Westfalen,Nordrhein-Westfalen,10.21
59060,Nordrhein-Westfalen,Nordrhein-Westfalen,10.21
59061,Nordrhein-Westfalen,Nordrhein-Westfalen,10.21
59062,Nordrhein-Westfalen,Nordrhein-Westfalen,10.21
59063,Nordrhein-Westfalen,Nordrhein-Westfalen,10.21
59065,Nordrhein-Westfalen,Nordrhein-Westfalen,10.21
59067,Nordrhein-Westfalen,Nordrhein-Westfalen,10.21
59069,Nordrhein-Westfalen,Nordrhein-Westfalen,10.21
59071,Nordrhein-Westfalen,Nordrhein-Westfalen,10.21
59073,Nordrhein-Westfalen,Nordrhein-Westfalen,10.21
59075,Nordrhein-Westfalen,Nordrhein-Westfalen,10.21
59077,Nordrhein-Westfalen,Nordrhein-Westfalen,10.21
59089,Nordrhein-Westfalen,Nordrhein-Westfalen,10.21
59090,Nordrhein-Westfalen,Nordrhein-Westfalen,10.21
59172,Nordrhein-Westfalen,Nordrhein-Westfalen,10.21
59174,Nordrhein-Westfalen,Nordrhein-Westfalen,10.21
59192,Nordrhein-Westfalen,Nordrhein-Westfalen,10.21
59199,Nordrhein-Westfalen,Nordrhein-Westfalen,10.21
59215,Nordrhein-Westfalen,Nordrhein-Westfalen,10.21
59225,Nordrhein-Westfalen,Nordrhein-Westfalen,10.21
59227,Nordrhein-Westfalen,Nordrhein-Westfalen,10.21
59229,Nordrhein-Westfalen,Nordrhein-Westfalen,10.21
59267,Nordrhein-Westfalen,Nordrhein-Westfalen,10.21
59269,Nordrhein-Westfalen,Nordrhein-Westfalen,10.21
59299,Nordrhein-Westfalen,Nordrhein-Westfalen,10.21
59302,Nordrhein-Westfalen,Nordrhein-Westfalen,10.21
59320,Nordrhein-Westfalen,Nordrhein-Westfalen,10.21
59329,Nordrhein-Westfalen,Nordrhein-Westfalen,10.21
59348,Nordrhein-Westfalen,Nordrhein-Westfalen,10.21
59366,Nordrhein-Westfalen,Nordrhein-Westfalen,10.21
59368,Nordrhein-Westfalen,Nordrhein-Westfalen,10.21
59379,Nordrhein-Westfalen,Nordrhein-Westfalen,10.21
59385,Nordrhein-Westfalen,Nordrhein-Westfalen,10.21
59387,Nordrhein-Westfalen,Nordrhein-Westfalen,10.21
59394,Nordrhein-Westfalen,Nordrhein-Westfalen,10.21
59399,Nordrhein-Westfalen,Nordrhein-Westfalen,10.21
59423,Nordrhein-Westfalen,Nordrhein-Westfalen,10.21
59425,Nordrhein-Westfalen,Nordrhein-Westfalen,10.21
59427,Nordrhein-Westfalen,Nordrhein-Westfalen,10.21
59438,Nordrhein-Westfalen,Nordrhein-Westfalen,10.21
59439,Nordrhein-Westfalen,Nordrhein-Westfalen,10.21
59455,Nordrhein-Westfalen,Nordrhein-Westfalen,10.21
59457,Nordrhein-Westfalen,Nordrhein-Westfalen,10.21
59469,Nordrhein-Westfalen,Nordrhein-Westfalen,10.21
59490,Nordrhein-Westfalen,Nordrhein-Westfalen,10.21
59491,Nordrhein-Westfalen,Nordrhein-Westfalen,10.21
59494,Nordrhein-Westfalen,Nordrhein-Westfalen,10.21
59495,Nordrhein-Westfalen,Nordrhein-Westfalen,10.21
59505,Nordrhein-Westfalen,Nordrhein-Westfalen,10.21
59510,Nordrhein-Westfalen,Nordrhein-Westfalen,10.21
59514,Nordrhein-Westfalen,Nordrhein-Westfalen,10.21
59519,Nordrhein-Westfalen,Nordrhein-Westfalen,10.21
59552,Nordrhein-Westfalen,Nordrhein-Westfalen,10.21
59553,Nordrhein-Westfalen,Nordrhein-Westfalen,10.21
59555,Nordrhein-Westfalen,Nordrhein-Westfalen,10.21
59556,Nordrhein-Westfalen,Nordrhein-Westfalen,10.21
59557,Nordrhein-Westfalen,Nordrhein-Westfalen,10.21
59558,Nordrhein-Westfalen,Nordrhein-Westfalen,10.21
59578,Nordrhein-Westfalen,Nordrhein-Westfalen,10.21
59581,Nordrhein-Westfalen,Nordrhein-Westfalen,10.21
59590,Nordrhein-Westfalen,Nordrhein-Westfalen,10.21
59597,Nordrhein-Westfalen,Nordrhein-Westfalen,10.21
59602,Nordrhein-Westfalen,Nordrhein-Westfalen,10.21
59609,Nordrhein-Westfalen,Nordrhein-Westfalen,10.21
59753,Nordrhein-Westfalen,Nordrhein-Westfalen,10.21
59755,Nordrhein-Westfalen,Nordrhein-Westfalen,10.21
59757,Nordrhein-Westfalen,Nordrhein-Westfalen,10.21
59759,Nordrhein-Westfalen,Nordrhein-Westfalen,10.21
59817,Nordrhein-Westfalen,Nordrhein-Westfalen,10.21
59818,Nordrhein-Westfalen,Nordrhein-Westfalen,10.21
59821,Nordrhein-Westfalen,Nordrhein-Westfalen,10.21
59823,Nordrhein-Westfalen,Nordrhein-Westfalen,10.21
59844,Nordrhein-Westfalen,Nordrhein-Westfalen,10.21
59846,Nordrhein-Westfalen,Nordrhein-Westfalen,10.21
59870,Nordrhein-Westfalen,Nordrhein-Westfalen,10.21
59872,Nordrhein-Westfalen,Nordrhein-Westfalen,10.21
59889,Nordrhein-Westfalen,Nordrhein-Westfalen,10.21
59909,Nordrhein-Westfalen,Nordrhein-Westfalen,10.21
59929,Nordrhein-Westfalen,Nordrhein-Westfalen,10.21
59939,Nordrhein-Westfalen,Nordrhein-Westfalen,10.21
59955,Nordrhein-Westfalen,Nordrhein-Westfalen,10.21
59964,Nordrhein-Westfalen,Nordrhein-Westfalen,10.21
59969,Hessen,Hessen,9.555
60060,Hessen,Hessen,9.555
60185,Hessen,Hessen,9.555
60222,Hessen,Hessen,9.555
60223,Hessen,Hessen,9.555
60252,Hessen,Hessen,9.555
60254,Hessen,Hessen,9.555
60255,Hessen,Hessen,9.555
60256,Hessen,Hessen,9.555
60257,Hessen,Hessen,9.555
60259,Hessen,Hessen,9.555
60261,Hessen,Hessen,9.555
60262,Hessen,Hessen,9.555
60263,Hessen,Hessen,9.555
60264,Hessen,Hessen,9.555
60265,Hessen,Hessen,9.555
60267,Hessen,Hessen,9.555
60270,Hessen,Hessen,9.555
60274,Hessen,Hessen,9.555
60275,Hessen,Hessen,9.555
60276,Hessen,Hessen,9.555
60277,Hessen,Hessen,9.555
60278,Hessen,Hessen,9.555
60279,Hessen,Hessen,9.555
60280,Hessen,Hessen,9.555
60281,Hessen,Hessen,9.555
60282,Hessen,Hessen,9.555
60284,Hessen,Hessen,9.555
60285,Hessen,Hessen,9.555
60286,Hessen,Hessen,9.555
60287,Hessen,Hessen,9.555
60289,Hessen,Hessen,9.555
60290,Hessen,Hessen,9.555
60291,Hessen,Hessen,9.555
60296,Hessen,Hessen,9.555
60297,Hessen,Hessen,9.555
60298,Hessen,Hessen,9.555
60300,Hessen,Hessen,9.555
60301,Hessen,Hessen,9.555
60304,Hessen,Hessen,9.555
60305,Hessen,Hessen,9.555
60306,Hessen,Hessen,9.555
60307,Hessen,Hessen,9.555
60308,Hessen,Hessen,9.555
60309,Hessen,Hessen,9.555
60310,Hessen,Hessen,9.555
60311,Hessen,Hessen,9.555
60313,Hessen,Hessen,9.555
60314,Hessen,Hessen,9.555
60316,Hessen,Hessen,9.555
60318,Hessen,Hessen,9.555
60320,Hessen,Hessen,9.555
60322,Hessen,Hessen,9.555
60323,Hessen,Hessen,9.555
60325,Hessen,Hessen,9.555
60326,Hessen,Hessen,9.555
60327,Hessen,Hessen,9.555
60329,Hessen,Hessen,9.555
60377,Hessen,Hessen,9.555
60379,Hessen,Hessen,9.555
60380,Hessen,Hessen,9.555
60382,Hessen,Hessen,9.555
60385,Hessen,Hessen,9.555
60386,Hessen,Hessen,9.555
60388,Hessen,Hessen,9.555
60389,Hessen,Hessen,9.555
60422,Hessen,Hessen,9.555
60423,Hessen,Hessen,9.555
60424,Hessen,Hessen,9.555
60428,Hessen,Hessen,9.555
60429,Hessen,Hessen,9.555
60431,Hessen,Hessen,9.555
60433,Hessen,Hessen,9.555
60435,Hessen,Hessen,9.555
60437,Hessen,Hessen,9.555
60438,Hessen,Hessen,9.555
60439,Hessen,Hessen,9.555
60482,Hessen,Hessen,9.555
60484,Hessen,Hessen,9.555
60485,Hessen,Hessen,9.555
60486,Hessen,Hessen,9.555
60487,Hessen,Hessen,9.555
60488,Hessen,Hessen,9.555
60489,Hessen,Hessen,9.555
60490,Hessen,Hessen,9.555
60519,Hessen,Hessen,9.555
60521,Hessen,Hessen,9.555
60523,Hessen,Hessen,9.555
60524,Hessen,Hessen,9.555
60525,Hessen,Hessen,9.555
60528,Hessen,Hessen,9.555
60529,Hessen,Hessen,9.555
60544,Hessen,Hessen,9.555
60546,Hessen,Hessen,9.555
60547,Hessen,Hessen,9.555
60549,Hessen,Hessen,9.555
60589,Hessen,Hessen,9.555
60590,Hessen,Hessen,9.555
60591,Hessen,Hessen,9.555
60594,Hessen,Hessen,9.555
60596,Hessen,Hessen,9.555
60598,Hessen,Hessen,9.555
60599,Hessen,Hessen,9.555
60600,Hessen,Hessen,9.555
60607,Hessen,Hessen,9.555
60608,Hessen,Hessen,9.555
60609,Hessen,Hessen,9.555
60610,Hessen,Hessen,9.555
60611,Hessen,Hessen,9.555
60612,Hessen,Hessen,9.555
60613,Hessen,Hessen,9.555
60614,Hessen,Hessen,9.555
60615,Hessen,Hessen,9.555
60620,Hessen,Hessen,9.555
60621,Hessen,Hessen,9.555
60622,Hessen,Hessen,9.555
60623,Hessen,Hessen,9.555
60624,Hessen,Hessen,9.555
60625,Hessen,Hessen,9.555
60626,Hessen,Hessen,9.555
60627,Hessen,Hessen,9.555
60628,Hessen,Hessen,9.555
60629,Hessen,Hessen,9.555
60630,Hessen,Hessen,9.555
60631,Hessen,Hessen,9.555
60632,Hessen,Hessen,9.555
60633,Hessen,Hessen,9.555
60634,Hessen,Hessen,9.555
60637,Hessen,Hessen,9.555
60638,Hessen,Hessen,9.555
60639,Hessen,Hessen,9.555
60640,Hessen,Hessen,9.555
60643,Hessen,Hessen,9.555
60644,Hessen,Hessen,9.555
60645,Hessen,Hessen,9.555
60647,Land Berlin,Berlin,10.165
60651,Nordrhein-Westfalen,Nordrhein-Westfalen,10.21
60652,Nordrhein-Westfalen,Nordrhein-Westfalen,10.21
60699,Hessen,Hessen,9.555
61116,Hessen,Hessen,9.555
61118,Hessen,Hessen,9.555
61130,Hessen,Hessen,9.555
61137,Hessen,Hessen,9.555
61138,Hessen,Hessen,9.555
61167,Hessen,Hessen,9.555
61169,Hessen,Hessen,9.555
61182,Hessen,Hessen,9.555
61184,Hessen,Hessen,9.555
61191,Hessen,Hessen,9.555
61194,Hessen,Hessen,9.555
61197,Hessen,Hessen,9.555
61200,Hessen,Hessen,9.555
61203,Hessen,Hessen,9.555
61206,Hessen,Hessen,9.555
61209,Hessen,Hessen,9.555
61229,Hessen,Hessen,9.555
61231,Hessen,Hessen,9.555
61239,Hessen,Hessen,9.555
61250,Hessen,Hessen,9.555
61267,Hessen,Hessen,9.555
61273,Hessen,Hessen,9.555
61276,Hessen,Hessen,9.555
61279,Hessen,Hessen,9.555
61300,Hessen,Hessen,9.555
61341,Hessen,Hessen,9.555
61342,Hessen,Hessen,9.555
61343,Hessen,Hessen,9.555
61344,Hessen,Hessen,9.555
61345,Hessen,Hessen,9.555
61346,Hessen,Hessen,9.555
61348,Hessen,Hessen,9.555
61350,Hessen,Hessen,9.555
61352,Hessen,Hessen,9.555
61378,Hessen,Hessen,9.555
61381,Hessen,Hessen,9.555
61389,Hessen,Hessen,9.555
61434,Hessen,Hessen,9.555
61435,Hessen,Hessen,9.555
61437,Hessen,Hessen,9.555
61440,Hessen,Hessen,9.555
61449,Hessen,Hessen,9.555
61462,Hessen,Hessen,9.555
61474,Hessen,Hessen,9.555
61476,Hessen,Hessen,9.555
61479,Hessen,Hessen,9.555
63057,Hessen,Hessen,9.555
63059,Hessen,Hessen,9.555
63060,Hessen,Hessen,9.555
63061,Hessen,Hessen,9.555
63063,Hessen,Hessen,9.555
63064,Hessen,Hessen,9.555
63065,Hessen,Hessen,9.555
63067,Hessen,Hessen,9.555
63069,Hessen,Hessen,9.555
63071,Hessen,Hessen,9.555
63073,Hessen,Hessen,9.555
63075,Hessen,Hessen,9.555
63106,Hessen,Hessen,9.555
63110,Hessen,Hessen,9.555
63126,Hessen,Hessen,9.555
63128,Hessen,Hessen,9.555
63147,Hessen,Hessen,9.555
63150,Hessen,Hessen,9.555
63165,Hessen,Hessen,9.555
63177,Hessen,Hessen,9.555
63179,Hessen,Hessen,9.555
63222,Hessen,Hessen,9.555
63223,Hessen,Hessen,9.555
63225,Hessen,Hessen,9.555
63256,Hessen,Hessen,9.555
63257,Hessen,Hessen,9.555
63258,Hessen,Hessen,9.555
63259,Hessen,Hessen,9.555
63263,Hessen,Hessen,9.555
63299,Hessen,Hessen,9.555
63303,Hessen,Hessen,9.555
63317,Hessen,Hessen,9.555
63318,Hessen,Hessen,9.555
63322,Hessen,Hessen,9.555
63328,Hessen,Hessen,9.555
63329,Hessen,Hessen,9.555
63405,Hessen,Hessen,9.555
63438,Hessen,Hessen,9.555
63441,Hessen,Hessen,9.555
63442,Hessen,Hessen,9.555
63443,Hessen,Hessen,9.555
63446,Hessen,Hessen,9.555
63447,Hessen,Hessen,9.555
63450,Hessen,Hessen,9.555
63452,Hessen,Hessen,9.555
63454,Hessen,Hessen,9.555
63456,Hessen,Hessen,9.555
63457,Hessen,Hessen,9.555
63475,Baden-Württemberg,Baden-Württemberg,9.35
63477,Hessen,Hessen,9.555
63486,Hessen,Hessen,9.555
63499,Hessen,Hessen,9.555
63500,Hessen,Hessen,9.555
63505,Hessen,Hessen,9.555
63512,Hessen,Hessen,9.555
63517,Hessen,Hessen,9.555
63526,Hessen,Hessen,9.555
63532,Hessen,Hessen,9.555
63533,Hessen,Hessen,9.555
63538,Hessen,Hessen,9.555
63543,Hessen,Hessen,9.555
63546,Hessen,Hessen,9.555
63549,Hessen,Hessen,9.555
63569,Hessen,Hessen,9.555
63571,Hessen,Hessen,9.555
63579,Hessen,Hessen,9.555
63584,Hessen,Hessen,9.555
63589,Hessen,Hessen,9.555
63594,Hessen,Hessen,9.555
63599,Hessen,Hessen,9.555
63607,Hessen,Hessen,9.555
63619,Hessen,Hessen,9.555
63628,Hessen,Hessen,9.555
63633,Hessen,Hessen,9.555
63636,Hessen,Hessen,9.555
63637,Hessen,Hessen,9.555
63639,Hessen,Hessen,9.555
63652,Hessen,Hessen,9.555
63654,Hessen,Hessen,9.555
63667,Hessen,Hessen,9.555
63674,Hessen,Hessen,9.555
63679,Hessen,Hessen,9.555
63683,Hessen,Hessen,9.555
63688,Hessen,Hessen,9.555
63691,Hessen,Hessen,9.555
63694,Hessen,Hessen,9.555
63695,Hessen,Hessen,9.555
63697,Hessen,Hessen,9.555
63699,Hessen,Hessen,9.555
63715,Bavaria,Bayern,8.855
63735,Bavaria,Bayern,8.855
63736,Bavaria,Bayern,8.855
63739,Bayern,Bayern,8.855
63741,Bayern,Bayern,8.855
63743,Bayern,Bayern,8.855
63754,Bavaria,Bayern,8.855
63755,Bayern,Bayern,8.855
63762,Bayern,Bayern,8.855
63768,Bayern,Bayern,8.855
63773,Bayern,Bayern,8.855
63776,Bayern,Bayern,8.855
63784,Bavaria,Bayern,8.855
63785,Bayern,Bayern,8.855
63791,Bayern,Bayern,8.855
63796,Bayern,Bayern,8.855
63801,Bayern,Bayern,8.855
63806,Bavaria,Bayern,8.855
63808,Bayern,Bayern,8.855
63811,Bayern,Bayern,8.855
63814,Bayern,Bayern,8.855
63820,Bayern,Bayern,8.855
63825,Bayern,Bayern,8.855
63826,Bayern,Bayern,8.855
63828,Bayern,Bayern,8.855
63829,Bayern,Bayern,8.855
63831,Bayern,Bayern,8.855
63834,Bayern,Bayern,8.855
63839,Bayern,Bayern,8.855
63840,Bayern,Bayern,8.855
63843,Bayern,Bayern,8.855
63846,Bayern,Bayern,8.855
63849,Bayern,Bayern,8.855
63853,Bayern,Bayern,8.855
63856,Bayern,Bayern,8.855
63857,Bayern,Bayern,8.855
63860,Bayern,Bayern,8.855
63863,Bayern,Bayern,8.855
63864,Bayern,Bayern,8.855
63867,Bayern,Bayern,8.855
63868,Bayern,Bayern,8.855
63869,Bayern,Bayern,8.855
63871,Bayern,Bayern,8.855
63872,Bayern,Bayern,8.855
63874,Bayern,Bayern,8.855
63875,Bayern,Bayern,8.855
63877,Bayern,Bayern,8.855
63879,Bayern,Bayern,8.855
63897,Bayern,Bayern,8.855
63906,Bayern,Bayern,8.855
63911,Bayern,Bayern,8.855
63916,Bayern,Bayern,8.855
63920,Bayern,Bayern,8.855
63924,Bayern,Bayern,8.855
63925,Bayern,Bayern,8.855
63927,Bayern,Bayern,8.855
63928,Bayern,Bayern,8.855
63930,Bayern,Bayern,8.855
63931,Bayern,Bayern,8.855
63933,Bayern,Bayern,8.855
63934,Bayern,Bayern,8.855
63936,Bayern,Bayern,8.855
63937,Bayern,Bayern,8.855
63939,Bayern,Bayern,8.855
64271,Hessen,Hessen,9.555
64272,Hessen,Hessen,9.555
64273,Hessen,Hessen,9.555
64275,Hessen,Hessen,9.555
64276,Hessen,Hessen,9.555
64277,Hessen,Hessen,9.555
64278,Hessen,Hessen,9.555
64279,Hessen,Hessen,9.555
64280,Hessen,Hessen,9.555
64283,Hessen,Hessen,9.555
64285,Hessen,Hessen,9.555
64287,Hessen,Hessen,9.555
64289,Hessen,Hessen,9.555
64291,Hessen,Hessen,9.555
64293,Hessen,Hessen,9.555
64295,Hessen,Hessen,9.555
64297,Hessen,Hessen,9.555
64304,Hessen,Hessen,9.555
64305,Hessen,Hessen,9.555
64306,Hessen,Hessen,9.555
64307,Hessen,Hessen,9.555
64308,Hessen,Hessen,9.555
64319,Hessen,Hessen,9.555
64331,Hessen,Hessen,9.555
64342,Hessen,Hessen,9.555
64346,Hessen,Hessen,9.555
64347,Hessen,Hessen,9.555
64354,Hessen,Hessen,9.555
64367,Hessen,Hessen,9.555
64372,Hessen,Hessen,9.555
64380,Hessen,Hessen,9.555
64385,Hessen,Hessen,9.555
64390,Hessen,Hessen,9.555
64395,Hessen,Hessen,9.555
64397,Hessen,Hessen,9.555
64401,Hessen,Hessen,9.555
64404,Hessen,Hessen,9.555
64405,Hessen,Hessen,9.555
64407,Hessen,Hessen,9.555
64409,Hessen,Hessen,9.555
64517,Hessen,Hessen,9.555
64518,Baden-Württemberg,Baden-Württemberg,9.35
64520,Hessen,Hessen,9.555
64521,Hessen,Hessen,9.555
64542,Hessen,Hessen,9.555
64543,Hessen,Hessen,9.555
64545,Hessen,Hessen,9.555
64546,Hessen,Hessen,9.555
64560,Hessen,Hessen,9.555
64569,Hessen,Hessen,9.555
64572,Hessen,Hessen,9.555
64579,Hessen,Hessen,9.555
64584,Hessen,Hessen,9.555
64589,Hessen,Hessen,9.555
64623,Hessen,Hessen,9.555
64624,Hessen,Hessen,9.555
64625,Hessen,Hessen,9.555
64646,Hessen,Hessen,9.555
64653,Hessen,Hessen,9.555
64658,Hessen,Hessen,9.555
64665,Hessen,Hessen,9.555
64668,Hessen,Hessen,9.555
64673,Hessen,Hessen,9.555
64678,Hessen,Hessen,9.555
64683,Hessen,Hessen,9.555
64686,Hessen,Hessen,9.555
64689,Hessen,Hessen,9.555
64711,Hessen,Hessen,9.555
64720,Hessen,Hessen,9.555
64732,Hessen,Hessen,9.555
64738,Hessen,Hessen,9.555
64739,Hessen,Hessen,9.555
64743,Hessen,Hessen,9.555
64747,Hessen,Hessen,9.555
64750,Hessen,Hessen,9.555
64753,Hessen,Hessen,9.555
64754,Hessen,Hessen,9.555
64756,Hessen,Hessen,9.555
64757,Hessen,Hessen,9.555
64807,Hessen,Hessen,9.555
64823,Hessen,Hessen,9.555
64832,Hessen,Hessen,9.555
64839,Hessen,Hessen,9.555
64846,Hessen,Hessen,9.555
64850,Hessen,Hessen,9.555
64853,Hessen,Hessen,9.555
64859,Hessen,Hessen,9.555
65164,Nordrhein-Westfalen,Nordrhein-Westfalen,10.21
65166,Hessen,Hessen,9.555
65169,Hessen,Hessen,9.555
65170,Hessen,Hessen,9.555
65171,Hessen,Hessen,9.555
65172,Hessen,Hessen,9.555
65173,Hessen,Hessen,9.555
65174,Hessen,Hessen,9.555
65175,Hessen,Hessen,9.555
65176,Hessen,Hessen,9.555
65177,Hessen,Hessen,9.555
65178,Hessen,Hessen,9.555
65179,Hessen,Hessen,9.555
65180,Hessen,Hessen,9.555
65181,Hessen,Hessen,9.555
65182,Hessen,Hessen,9.555
65183,Hessen,Hessen,9.555
65185,Hessen,Hessen,9.555
65187,Hessen,Hessen,9.555
65189,Hessen,Hessen,9.555
65191,Hessen,Hessen,9.555
65193,Hessen,Hessen,9.555
65195,Hessen,Hessen,9.555
65197,Hessen,Hessen,9.555
65199,Hessen,Hessen,9.555
65201,Hessen,Hessen,9.555
65203,Hessen,Hessen,9.555
65205,Hessen,Hessen,9.555
65207,Hessen,Hessen,9.555
65209,Hessen,Hessen,9.555
65212,Hessen,Hessen,9.555
65215,Hessen,Hessen,9.555
65216,Hessen,Hessen,9.555
65218,Hessen,Hessen,9.555
65219,Hessen,Hessen,9.555
65220,Hessen,Hessen,9.555
65221,Hessen,Hessen,9.555
65222,Hessen,Hessen,9.555
65223,Hessen,Hessen,9.555
65224,Hessen,Hessen,9.555
65232,Hessen,Hessen,9.555
65239,Hessen,Hessen,9.555
65307,Hessen,Hessen,9.555
65321,Hessen,Hessen,9.555
65326,Hessen,Hessen,9.555
65329,Hessen,Hessen,9.555
65341,Hessen,Hessen,9.555
65343,Hessen,Hessen,9.555
65344,Hessen,Hessen,9.555
65345,Hessen,Hessen,9.555
65346,Hessen,Hessen,9.555
65347,Hessen,Hessen,9.555
65366,Hessen,Hessen,9.555
65375,Hessen,Hessen,9.555
65385,Hessen,Hessen,9.555
65388,Hessen,Hessen,9.555
65391,Hessen,Hessen,9.555
65396,Hessen,Hessen,9.555
65399,Hessen,Hessen,9.555
65423,Hessen,Hessen,9.555
65424,Hessen,Hessen,9.555
65428,Hessen,Hessen,9.555
65438,Hessen,Hessen,9.555
65439,Hessen,Hessen,9.555
65450,Hessen,Hessen,9.555
65451,Hessen,Hessen,9.555
65462,Hessen,Hessen,9.555
65468,Hessen,Hessen,9.555
65473,Hessen,Hessen,9.555
65474,Hessen,Hessen,9.555
65479,Hessen,Hessen,9.555
65509,Hessen,Hessen,9.555
65510,Hessen,Hessen,9.555
65520,Hessen,Hessen,9.555
65527,Hessen,Hessen,9.555
65529,Hessen,Hessen,9.555
65546,Hessen,Hessen,9.555
65547,Hessen,Hessen,9.555
65549,Hessen,Hessen,9.555
65550,Hessen,Hessen,9.555
65551,Hessen,Hessen,9.555
65552,Hessen,Hessen,9.555
65553,Hessen,Hessen,9.555
65554,Hessen,Hessen,9.555
65555,Hessen,Hessen,9.555
65556,Hessen,Hessen,9.555
65558,Rheinland-Pfalz,Rheinland-Pfalz,9.885
65580,Rheinland-Pfalz,Rheinland-Pfalz,9.885
65582,Rheinland-Pfalz,Rheinland-Pfalz,9.885
65589,Hessen,Hessen,9.555
65594,Hessen,Hessen,9.555
65597,Hessen,Hessen,9.555
65599,Hessen,Hessen,9.555
65604,Hessen,Hessen,9.555
65606,Hessen,Hessen,9.555
65611,Hessen,Hessen,9.555
65614,Hessen,Hessen,9.555
65617,Hessen,Hessen,9.555
65618,Hessen,Hessen,9.555
65620,Hessen,Hessen,9.555
65623,Rheinland-Pfalz,Rheinland-Pfalz,9.885
65624,Rheinland-Pfalz,Rheinland-Pfalz,9.885
65626,Rheinland-Pfalz,Rheinland-Pfalz,9.885
65627,Hessen,Hessen,9.555
65629,Rheinland-Pfalz,Rheinland-Pfalz,9.885
65717,Hessen,Hessen,9.555
65719,Hessen,Hessen,9.555
65754,Hessen,Hessen,9.555
65755,Hessen,Hessen,9.555
65756,Hessen,Hessen,9.555
65757,Hessen,Hessen,9.555
65758,Hessen,Hessen,9.555
65760,Hessen,Hessen,9.555
65779,Hessen,Hessen,9.555
65784,Hessen,Hessen,9.555
65795,Hessen,Hessen,9.555
65810,Hessen,Hessen,9.555
65812,Hessen,Hessen,9.555
65817,Hessen,Hessen,9.555
65823,Hessen,Hessen,9.555
65824,Hessen,Hessen,9.555
65830,Hessen,Hessen,9.555
65835,Hessen,Hessen,9.555
65840,Hessen,Hessen,9.555
65842,Hessen,Hessen,9.555
65843,Hessen,Hessen,9.555
65844,Hessen,Hessen,9.555
65925,Hessen,Hessen,9.555
65927,Hessen,Hessen,9.555
65929,Hessen,Hessen,9.555
65931,Hessen,Hessen,9.555
65933,Hessen,Hessen,9.555
65934,Hessen,Hessen,9.555
65936,Hessen,Hessen,9.555
66087,Saarland,Saarland,10.09
66088,Saarland,Saarland,10.09
66090,Saarland,Saarland,10.09
66094,Saarland,Saarland,10.09
66097,Saarland,Saarland,10.09
66098,Saarland,Saarland,10.09
66099,Saarland,Saarland,10.09
66100,Saarland,Saarland,10.09
66101,Saarland,Saarland,10.09
66102,Saarland,Saarland,10.09
66103,Saarland,Saarland,10.09
66104,Saarland,Saarland,10.09
66106,Saarland,Saarland,10.09
66108,Saarland,Saarland,10.09
66109,Saarland,Saarland,10.09
66111,Saarland,Saarland,10.09
66113,Saarland,Saarland,10.09
66115,Saarland,Saarland,10.09
66117,Saarland,Saarland,10.09
66119,Saarland,Saarland,10.09
66121,Saarland,Saarland,10.09
66123,Saarland,Saarland,10.09
66125,Saarland,Saarland,10.09
66126,Saarland,Saarland,10.09
66127,Saarland,Saarland,10.09
66128,Saarland,Saarland,10.09
66129,Saarland,Saarland,10.09
66130,Saarland,Saarland,10.09
66131,Saarland,Saarland,10.09
66132,Saarland,Saarland,10.09
66133,Saarland,Saarland,10.09
66150,Saarland,Saarland,10.09
66265,Saarland,Saarland,10.09
66271,Saarland,Saarland,10.09
66280,Saarland,Saarland,10.09
66287,Saarland,Saarland,10.09
66292,Saarland,Saarland,10.09
66299,Saarland,Saarland,10.09
66330,Saarland,Saarland,10.09
66333,Saarland,Saarland,10.09
66346,Saarland,Saarland,10.09
66352,Saarland,Saarland,10.09
66359,Saarland,Saarland,10.09
66386,Saarland,Saarland,10.09
66399,Saarland,Saarland,10.09
66421,Saarland,Saarland,10.09
66424,Saarland,Saarland,10.09
66440,Saarland,Saarland,10.09
66450,Saarland,Saarland,10.09
66453,Saarland,Saarland,10.09
66458,Saarland,Saarland,10.09
66459,Saarland,Saarland,10.09
66482,Rheinland-Pfalz,Rheinland-Pfalz,9.885
66484,Rheinland-Pfalz,Rheinland-Pfalz,9.885
66497,Rheinland-Pfalz,Rheinland-Pfalz,9.885
66500,Rheinland-Pfalz,Rheinland-Pfalz,9.885
66501,Rheinland-Pfalz,Rheinland-Pfalz,9.885
66503,Rheinland-Pfalz,Rheinland-Pfalz,9.885
66504,Rheinland-Pfalz,Rheinland-Pfalz,9.885
66506,Rheinland-Pfalz,Rheinland-Pfalz,9.885
66507,Rheinland-Pfalz,Rheinland-Pfalz,9.885
66509,Rheinland-Pfalz,Rheinland-Pfalz,9.885
66538,Saarland,Saarland,10.09
66539,Saarland,Saarland,10.09
66540,Saarland,Saarland,10.09
66557,Saarland,Saarland,10.09
66564,Saarland,Saarland,10.09
66571,Saarland,Saarland,10.09
66578,Saarland,Saarland,10.09
66583,Saarland,Saarland,10.09
66589,Saarland,Saarland,10.09
66606,Saarland,Saarland,10.09
66620,Saarland,Saarland,10.09
66625,Saarland,Saarland,10.09
66629,Saarland,Saarland,10.09
66636,Saarland,Saarland,10.09
66640,Saarland,Saarland,10.09
66646,Saarland,Saarland,10.09
66649,Saarland,Saarland,10.09
66661,Saarland,Saarland,10.09
66663,Saarland,Saarland,10.09
66679,Saarland,Saarland,10.09
66687,Saarland,Saarland,10.09
66693,Saarland,Saarland,10.09
66701,Saarland,Saarland,10.09
66706,Saarland,Saarland,10.09
66709,Saarland,Saarland,10.09
66738,Saarland,Saarland,10.09
66740,Saarland,Saarland,10.09
66763,Saarland,Saarland,10.09
66773,Saarland,Saarland,10.09
66780,Saarland,Saarland,10.09
66787,Saarland,Saarland,10.09
66793,Saarland,Saarland,10.09
66798,Saarland,Saarland,10.09
66802,Saarland,Saarland,10.09
66806,Saarland,Saarland,10.09
66809,Saarland,Saarland,10.09
66822,Saarland,Saarland,10.09
66839,Saarland,Saarland,10.09
66849,Rheinland-Pfalz,Rheinland-Pfalz,9.885
66851,Rheinland-Pfalz,Rheinland-Pfalz,9.885
66862,Rheinland-Pfalz,Rheinland-Pfalz,9.885
66869,Rheinland-Pfalz,Rheinland-Pfalz,9.885
66871,Rheinland-Pfalz,Rheinland-Pfalz,9.885
66877,Rheinland-Pfalz,Rheinland-Pfalz,9.885
66879,Rheinland-Pfalz,Rheinland-Pfalz,9.885
66882,Rheinland-Pfalz,Rheinland-Pfalz,9.885
66885,Rheinland-Pfalz,Rheinland-Pfalz,9.885
66887,Rheinland-Pfalz,Rheinland-Pfalz,9.885
66892,Rheinland-Pfalz,Rheinland-Pfalz,9.885
66894,Rheinland-Pfalz,Rheinland-Pfalz,9.885
66901,Rheinland-Pfalz,Rheinland-Pfalz,9.885
66903,Rheinland-Pfalz,Rheinland-Pfalz,9.885
66904,Rheinland-Pfalz,Rheinland-Pfalz,9.885
66907,Rheinland-Pfalz,Rheinland-Pfalz,9.885
66909,Rheinland-Pfalz,Rheinland-Pfalz,9.885
66914,Rheinland-Pfalz,Rheinland-Pfalz,9.885
66916,Rheinland-Pfalz,Rheinland-Pfalz,9.885
66917,Rheinland-Pfalz,Rheinland-Pfalz,9.885
66919,Rheinland-Pfalz,Rheinland-Pfalz,9.885
66950,Rheinland-Pfalz,Rheinland-Pfalz,9.885
66951,Rheinland-Pfalz,Rheinland-Pfalz,9.885
66953,Rheinland-Pfalz,Rheinland-Pfalz,9.885
66954,Rheinland-Pfalz,Rheinland-Pfalz,9.885
66955,Rheinland-Pfalz,Rheinland-Pfalz,9.885
66957,Rheinland-Pfalz,Rheinland-Pfalz,9.885
66969,Rheinland-Pfalz,Rheinland-Pfalz,9.885
66976,Rheinland-Pfalz,Rheinland-Pfalz,9.885
66978,Rheinland-Pfalz,Rheinland-Pfalz,9.885
66981,Rheinland-Pfalz,Rheinland-Pfalz,9.885
66986,Rheinland-Pfalz,Rheinland-Pfalz,9.885
66987,Rheinland-Pfalz,Rheinland-Pfalz,9.885
66989,Rheinland-Pfalz,Rheinland-Pfalz,9.885
66994,Rheinland-Pfalz,Rheinland-Pfalz,9.885
66996,Rheinland-Pfalz,Rheinland-Pfalz,9.885
66999,Rheinland-Pfalz,Rheinland-Pfalz,9.885
67055,Rheinland-Pfalz,Rheinland-Pfalz,9.885
67056,Rheinland-Pfalz,Rheinland-Pfalz,9.885
67057,Rheinland-Pfalz,Rheinland-Pfalz,9.885
67059,Rheinland-Pfalz,Rheinland-Pfalz,9.885
67061,Rheinland-Pfalz,Rheinland-Pfalz,9.885
67063,Rheinland-Pfalz,Rheinland-Pfalz,9.885
67065,Rheinland-Pfalz,Rheinland-Pfalz,9.885
67067,Rheinland-Pfalz,Rheinland-Pfalz,9.885
67069,Rheinland-Pfalz,Rheinland-Pfalz,9.885
67071,Rheinland-Pfalz,Rheinland-Pfalz,9.885
67075,Rheinland-Pfalz,Rheinland-Pfalz,9.885
67076,Rheinland-Pfalz,Rheinland-Pfalz,9.885
67077,Rheinland-Pfalz,Rheinland-Pfalz,9.885
67078,Rheinland-Pfalz,Rheinland-Pfalz,9.885
67082,Rheinland-Pfalz,Rheinland-Pfalz,9.885
67098,Rheinland-Pfalz,Rheinland-Pfalz,9.885
67105,Rheinland-Pfalz,Rheinland-Pfalz,9.885
67112,Rheinland-Pfalz,Rheinland-Pfalz,9.885
67117,Rheinland-Pfalz,Rheinland-Pfalz,9.885
67122,Rheinland-Pfalz,Rheinland-Pfalz,9.885
67125,Rheinland-Pfalz,Rheinland-Pfalz,9.885
67126,Rheinland-Pfalz,Rheinland-Pfalz,9.885
67127,Rheinland-Pfalz,Rheinland-Pfalz,9.885
67133,Rheinland-Pfalz,Rheinland-Pfalz,9.885
67134,Rheinland-Pfalz,Rheinland-Pfalz,9.885
67136,Rheinland-Pfalz,Rheinland-Pfalz,9.885
67141,Rheinland-Pfalz,Rheinland-Pfalz,9.885
67146,Rheinland-Pfalz,Rheinland-Pfalz,9.885
67147,Rheinland-Pfalz,Rheinland-Pfalz,9.885
67149,Rheinland-Pfalz,Rheinland-Pfalz,9.885
67150,Rheinland-Pfalz,Rheinland-Pfalz,9.885
67152,Rheinland-Pfalz,Rheinland-Pfalz,9.885
67157,Rheinland-Pfalz,Rheinland-Pfalz,9.885
67158,Rheinland-Pfalz,Rheinland-Pfalz,9.885
67159,Rheinland-Pfalz,Rheinland-Pfalz,9.885
67161,Rheinland-Pfalz,Rheinland-Pfalz,9.885
67165,Rheinland-Pfalz,Rheinland-Pfalz,9.885
67166,Rheinland-Pfalz,Rheinland-Pfalz,9.885
67167,Rheinland-Pfalz,Rheinland-Pfalz,9.885
67169,Rheinland-Pfalz,Rheinland-Pfalz,9.885
67225,Rheinland-Pfalz,Rheinland-Pfalz,9.885
67227,Rheinland-Pfalz,Rheinland-Pfalz,9.885
67229,Rheinland-Pfalz,Rheinland-Pfalz,9.885
67240,Rheinland-Pfalz,Rheinland-Pfalz,9.885
67245,Rheinland-Pfalz,Rheinland-Pfalz,9.885
67246,Rheinland-Pfalz,Rheinland-Pfalz,9.885
67251,Rheinland-Pfalz,Rheinland-Pfalz,9.885
67256,Rheinland-Pfalz,Rheinland-Pfalz,9.885
67258,Rheinland-Pfalz,Rheinland-Pfalz,9.885
67259,Rheinland-Pfalz,Rheinland-Pfalz,9.885
67269,Rheinland-Pfalz,Rheinland-Pfalz,9.885
67271,Rheinland-Pfalz,Rheinland-Pfalz,9.885
67273,Rheinland-Pfalz,Rheinland-Pfalz,9.885
67278,Rheinland-Pfalz,Rheinland-Pfalz,9.885
67280,Rheinland-Pfalz,Rheinland-Pfalz,9.885
67281,Rheinland-Pfalz,Rheinland-Pfalz,9.885
67283,Rheinland-Pfalz,Rheinland-Pfalz,9.885
67292,Rheinland-Pfalz,Rheinland-Pfalz,9.885
67294,Rheinland-Pfalz,Rheinland-Pfalz,9.885
67295,Rheinland-Pfalz,Rheinland-Pfalz,9.885
67297,Rheinland-Pfalz,Rheinland-Pfalz,9.885
67304,Rheinland-Pfalz,Rheinland-Pfalz,9.885
67305,Rheinland-Pfalz,Rheinland-Pfalz,9.885
67307,Rheinland-Pfalz,Rheinland-Pfalz,9.885
67308,Rheinland-Pfalz,Rheinland-Pfalz,9.885
67310,Rheinland-Pfalz,Rheinland-Pfalz,9.885
67311,Rheinland-Pfalz,Rheinland-Pfalz,9.885
67316,Rheinland-Pfalz,Rheinland-Pfalz,9.885
67317,Rheinland-Pfalz,Rheinland-Pfalz,9.885
67319,Rheinland-Pfalz,Rheinland-Pfalz,9.885
67340,Rheinland-Pfalz,Rheinland-Pfalz,9.885
67342,Rheinland-Pfalz,Rheinland-Pfalz,9.885
67343,Rheinland-Pfalz,Rheinland-Pfalz,9.885
67346,Rheinland-Pfalz,Rheinland-Pfalz,9.885
67354,Rheinland-Pfalz,Rheinland-Pfalz,9.885
67360,Rheinland-Pfalz,Rheinland-Pfalz,9.885
67361,Rheinland-Pfalz,Rheinland-Pfalz,9.885
67363,Rheinland-Pfalz,Rheinland-Pfalz,9.885
67365,Rheinland-Pfalz,Rheinland-Pfalz,9.885
67366,Rheinland-Pfalz,Rheinland-Pfalz,9.885
67368,Rheinland-Pfalz,Rheinland-Pfalz,9.885
67373,Rheinland-Pfalz,Rheinland-Pfalz,9.885
67374,Rheinland-Pfalz,Rheinland-Pfalz,9.885
67376,Rheinland-Pfalz,Rheinland-Pfalz,9.885
67377,Rheinland-Pfalz,Rheinland-Pfalz,9.885
67378,Rheinland-Pfalz,Rheinland-Pfalz,9.885
67429,Rheinland-Pfalz,Rheinland-Pfalz,9.885
67433,Rheinland-Pfalz,Rheinland-Pfalz,9.885
67434,Rheinland-Pfalz,Rheinland-Pfalz,9.885
67435,Rheinland-Pfalz,Rheinland-Pfalz,9.885
67454,Rheinland-Pfalz,Rheinland-Pfalz,9.885
67459,Rheinland-Pfalz,Rheinland-Pfalz,9.885
67466,Rheinland-Pfalz,Rheinland-Pfalz,9.885
67468,Rheinland-Pfalz,Rheinland-Pfalz,9.885
67471,Rheinland-Pfalz,Rheinland-Pfalz,9.885
67472,Rheinland-Pfalz,Rheinland-Pfalz,9.885
67473,Rheinland-Pfalz,Rheinland-Pfalz,9.885
67475,Rheinland-Pfalz,Rheinland-Pfalz,9.885
67480,Rheinland-Pfalz,Rheinland-Pfalz,9.885
67482,Rheinland-Pfalz,Rheinland-Pfalz,9.885
67483,Rheinland-Pfalz,Rheinland-Pfalz,9.885
67487,Rheinland-Pfalz,Rheinland-Pfalz,9.885
67489,Rheinland-Pfalz,Rheinland-Pfalz,9.885
67545,Rheinland-Pfalz,Rheinland-Pfalz,9.885
67547,Rheinland-Pfalz,Rheinland-Pfalz,9.885
67549,Rheinland-Pfalz,Rheinland-Pfalz,9.885
67550,Rheinland-Pfalz,Rheinland-Pfalz,9.885
67551,Rheinland-Pfalz,Rheinland-Pfalz,9.885
67574,Rheinland-Pfalz,Rheinland-Pfalz,9.885
67575,Rheinland-Pfalz,Rheinland-Pfalz,9.885
67577,Rheinland-Pfalz,Rheinland-Pfalz,9.885
67578,Rheinland-Pfalz,Rheinland-Pfalz,9.885
67580,Rheinland-Pfalz,Rheinland-Pfalz,9.885
67582,Rheinland-Pfalz,Rheinland-Pfalz,9.885
67583,Rheinland-Pfalz,Rheinland-Pfalz,9.885
67585,Rheinland-Pfalz,Rheinland-Pfalz,9.885
67586,Rheinland-Pfalz,Rheinland-Pfalz,9.885
67587,Rheinland-Pfalz,Rheinland-Pfalz,9.885
67590,Rheinland-Pfalz,Rheinland-Pfalz,9.885
67591,Rheinland-Pfalz,Rheinland-Pfalz,9.885
67592,Rheinland-Pfalz,Rheinland-Pfalz,9.885
67593,Rheinland-Pfalz,Rheinland-Pfalz,9.885
67595,Rheinland-Pfalz,Rheinland-Pfalz,9.885
67596,Rheinland-Pfalz,Rheinland-Pfalz,9.885
67598,Rheinland-Pfalz,Rheinland-Pfalz,9.885
67599,Rheinland-Pfalz,Rheinland-Pfalz,9.885
67650,Rheinland-Pfalz,Rheinland-Pfalz,9.885
67653,Rheinland-Pfalz,Rheinland-Pfalz,9.885
67655,Rheinland-Pfalz,Rheinland-Pfalz,9.885
67657,Rheinland-Pfalz,Rheinland-Pfalz,9.885
67659,Rheinland-Pfalz,Rheinland-Pfalz,9.885
67661,Rheinland-Pfalz,Rheinland-Pfalz,9.885
67663,Rheinland-Pfalz,Rheinland-Pfalz,9.885
67677,Rheinland-Pfalz,Rheinland-Pfalz,9.885
67678,Rheinland-Pfalz,Rheinland-Pfalz,9.885
67680,Rheinland-Pfalz,Rheinland-Pfalz,9.885
67681,Rheinland-Pfalz,Rheinland-Pfalz,9.885
67685,Rheinland-Pfalz,Rheinland-Pfalz,9.885
67686,Rheinland-Pfalz,Rheinland-Pfalz,9.885
67688,Rheinland-Pfalz,Rheinland-Pfalz,9.885
67691,Rheinland-Pfalz,Rheinland-Pfalz,9.885
67693,Rheinland-Pfalz,Rheinland-Pfalz,9.885
67697,Rheinland-Pfalz,Rheinland-Pfalz,9.885
67699,Rheinland-Pfalz,Rheinland-Pfalz,9.885
67700,Rheinland-Pfalz,Rheinland-Pfalz,9.885
67701,Rheinland-Pfalz,Rheinland-Pfalz,9.885
67705,Rheinland-Pfalz,Rheinland-Pfalz,9.885
67706,Rheinland-Pfalz,Rheinland-Pfalz,9.885
67707,Rheinland-Pfalz,Rheinland-Pfalz,9.885
67714,Rheinland-Pfalz,Rheinland-Pfalz,9.885
67715,Rheinland-Pfalz,Rheinland-Pfalz,9.885
67716,Rheinland-Pfalz,Rheinland-Pfalz,9.885
67718,Rheinland-Pfalz,Rheinland-Pfalz,9.885
67722,Rheinland-Pfalz,Rheinland-Pfalz,9.885
67724,Rheinland-Pfalz,Rheinland-Pfalz,9.885
67725,Rheinland-Pfalz,Rheinland-Pfalz,9.885
67727,Rheinland-Pfalz,Rheinland-Pfalz,9.885
67728,Rheinland-Pfalz,Rheinland-Pfalz,9.885
67729,Rheinland-Pfalz,Rheinland-Pfalz,9.885
67731,Rheinland-Pfalz,Rheinland-Pfalz,9.885
67732,Rheinland-Pfalz,Rheinland-Pfalz,9.885
67734,Rheinland-Pfalz,Rheinland-Pfalz,9.885
67735,Rheinland-Pfalz,Rheinland-Pfalz,9.885
67737,Rheinland-Pfalz,Rheinland-Pfalz,9.885
67742,Rheinland-Pfalz,Rheinland-Pfalz,9.885
67744,Rheinland-Pfalz,Rheinland-Pfalz,9.885
67745,Rheinland-Pfalz,Rheinland-Pfalz,9.885
67746,Rheinland-Pfalz,Rheinland-Pfalz,9.885
67748,Rheinland-Pfalz,Rheinland-Pfalz,9.885
67749,Rheinland-Pfalz,Rheinland-Pfalz,9.885
67752,Rheinland-Pfalz,Rheinland-Pfalz,9.885
67753,Rheinland-Pfalz,Rheinland-Pfalz,9.885
67754,Rheinland-Pfalz,Rheinland-Pfalz,9.885
67756,Rheinland-Pfalz,Rheinland-Pfalz,9.885
67757,Rheinland-Pfalz,Rheinland-Pfalz,9.885
67759,Rheinland-Pfalz,Rheinland-Pfalz,9.885
67806,Rheinland-Pfalz,Rheinland-Pfalz,9.885
67808,Rheinland-Pfalz,Rheinland-Pfalz,9.885
67811,Rheinland-Pfalz,Rheinland-Pfalz,9.885
67813,Rheinland-Pfalz,Rheinland-Pfalz,9.885
67814,Rheinland-Pfalz,Rheinland-Pfalz,9.885
67816,Rheinland-Pfalz,Rheinland-Pfalz,9.885
67817,Rheinland-Pfalz,Rheinland-Pfalz,9.885
67819,Rheinland-Pfalz,Rheinland-Pfalz,9.885
67821,Rheinland-Pfalz,Rheinland-Pfalz,9.885
67822,Rheinland-Pfalz,Rheinland-Pfalz,9.885
67823,Rheinland-Pfalz,Rheinland-Pfalz,9.885
67824,Rheinland-Pfalz,Rheinland-Pfalz,9.885
67826,Rheinland-Pfalz,Rheinland-Pfalz,9.885
67827,Rheinland-Pfalz,Rheinland-Pfalz,9.885
67829,Rheinland-Pfalz,Rheinland-Pfalz,9.885
68051,Baden-Württemberg,Baden-Württemberg,9.35
68112,Baden-Württemberg,Baden-Württemberg,9.35
68122,Baden-Württemberg,Baden-Württemberg,9.35
68123,Baden-Württemberg,Baden-Württemberg,9.35
68124,Baden-Württemberg,Baden-Württemberg,9.35
68126,Baden-Württemberg,Baden-Württemberg,9.35
68127,Baden-Württemberg,Baden-Württemberg,9.35
68128,Baden-Württemberg,Baden-Württemberg,9.35
68130,Baden-Württemberg,Baden-Württemberg,9.35
68131,Baden-Württemberg,Baden-Württemberg,9.35
68132,Baden-Württemberg,Baden-Württemberg,9.35
68133,Baden-Württemberg,Baden-Württemberg,9.35
68134,Baden-Württemberg,Baden-Württemberg,9.35
68135,Baden-Württemberg,Baden-Württemberg,9.35
68136,Baden-Württemberg,Baden-Württemberg,9.35
68138,Baden-Württemberg,Baden-Württemberg,9.35
68139,Baden-Württemberg,Baden-Württemberg,9.35
68140,Baden-Württemberg,Baden-Württemberg,9.35
68141,Baden-Württemberg,Baden-Württemberg,9.35
68142,Baden-Württemberg,Baden-Württemberg,9.35
68143,Baden-Württemberg,Baden-Württemberg,9.35
68144,Baden-Württemberg,Baden-Württemberg,9.35
68145,Baden-Württemberg,Baden-Württemberg,9.35
68146,Baden-Württemberg,Baden-Württemberg,9.35
68147,Baden-Württemberg,Baden-Württemberg,9.35
68148,Baden-Württemberg,Baden-Württemberg,9.35
68149,Baden-Württemberg,Baden-Württemberg,9.35
68150,Baden-Württemberg,Baden-Württemberg,9.35
68151,Baden-Württemberg,Baden-Württemberg,9.35
68156,Baden-Württemberg,Baden-Württemberg,9.35
68159,Baden-Württemberg,Baden-Württemberg,9.35
68161,Baden-Württemberg,Baden-Württemberg,9.35
68163,Baden-Württemberg,Baden-Württemberg,9.35
68165,Baden-Württemberg,Baden-Württemberg,9.35
68167,Baden-Württemberg,Baden-Württemberg,9.35
68169,Baden-Württemberg,Baden-Württemberg,9.35
68197,Baden-Württemberg,Baden-Württemberg,9.35
68199,Baden-Württemberg,Baden-Württemberg,9.35
68219,Baden-Württemberg,Baden-Württemberg,9.35
68229,Baden-Württemberg,Baden-Württemberg,9.35
68239,Baden-Württemberg,Baden-Württemberg,9.35
68259,Baden-Württemberg,Baden-Württemberg,9.35
68298,Baden-Württemberg,Baden-Württemberg,9.35
68299,Baden-Württemberg,Baden-Württemberg,9.35
68300,Baden-Württemberg,Baden-Württemberg,9.35
68301,Baden-Württemberg,Baden-Württemberg,9.35
68302,Baden-Württemberg,Baden-Württemberg,9.35
68305,Baden-Württemberg,Baden-Württemberg,9.35
68307,Baden-Württemberg,Baden-Württemberg,9.35
68309,Baden-Württemberg,Baden-Württemberg,9.35
68517,Hessen,Hessen,9.555
68519,Hessen,Hessen,9.555
68526,Baden-Württemberg,Baden-Württemberg,9.35
68535,Baden-Württemberg,Baden-Württemberg,9.35
68542,Baden-Württemberg,Baden-Württemberg,9.35
68549,Baden-Württemberg,Baden-Württemberg,9.35
68619,Hessen,Hessen,9.555
68623,Hessen,Hessen,9.555
68642,Hessen,Hessen,9.555
68647,Hessen,Hessen,9.555
68649,Hessen,Hessen,9.555
68721,Baden-Württemberg,Baden-Württemberg,9.35
68723,Baden-Württemberg,Baden-Württemberg,9.35
68753,Baden-Württemberg,Baden-Württemberg,9.35
68764,Baden-Württemberg,Baden-Württemberg,9.35
68766,Baden-Württemberg,Baden-Württemberg,9.35
68775,Baden-Württemberg,Baden-Württemberg,9.35
68782,Baden-Württemberg,Baden-Württemberg,9.35
68789,Baden-Württemberg,Baden-Württemberg,9.35
68794,Baden-Württemberg,Baden-Württemberg,9.35
68799,Baden-Württemberg,Baden-Württemberg,9.35
68804,Baden-Württemberg,Baden-Württemberg,9.35
68809,Baden-Württemberg,Baden-Württemberg,9.35
69108,Baden-Württemberg,Baden-Württemberg,9.35
69110,Baden-Württemberg,Baden-Württemberg,9.35
69111,Baden-Württemberg,Baden-Württemberg,9.35
69112,Baden-Württemberg,Baden-Württemberg,9.35
69113,Baden-Württemberg,Baden-Württemberg,9.35
69115,Baden-Württemberg,Baden-Württemberg,9.35
69117,Baden-Württemberg,Baden-Württemberg,9.35
69118,Baden-Württemberg,Baden-Württemberg,9.35
69120,Baden-Württemberg,Baden-Württemberg,9.35
69121,Baden-Württemberg,Baden-Württemberg,9.35
69123,Baden-Württemberg,Baden-Württemberg,9.35
69124,Baden-Württemberg,Baden-Württemberg,9.35
69126,Baden-Württemberg,Baden-Württemberg,9.35
69151,Baden-Württemberg,Baden-Württemberg,9.35
69159,Baden-Württemberg,Baden-Württemberg,9.35
69168,Baden-Württemberg,Baden-Württemberg,9.35
69181,Baden-Württemberg,Baden-Württemberg,9.35
69189,Baden-Württemberg,Baden-Württemberg,9.35
69190,Baden-Württemberg,Baden-Württemberg,9.35
69198,Baden-Württemberg,Baden-Württemberg,9.35
69207,Baden-Württemberg,Baden-Württemberg,9.35
69214,Baden-Württemberg,Baden-Württemberg,9.35
69221,Baden-Württemberg,Baden-Württemberg,9.35
69226,Baden-Württemberg,Baden-Württemberg,9.35
69231,Baden-Württemberg,Baden-Württemberg,9.35
69234,Baden-Württemberg,Baden-Württemberg,9.35
69239,Hessen,Hessen,9.555
69242,Baden-Württemberg,Baden-Württemberg,9.35
69245,Baden-Württemberg,Baden-Württemberg,9.35
69250,Baden-Württemberg,Baden-Württemberg,9.35
69251,Baden-Württemberg,Baden-Württemberg,9.35
69253,Baden-Württemberg,Baden-Württemberg,9.35
69254,Baden-Württemberg,Baden-Württemberg,9.35
69256,Baden-Württemberg,Baden-Württemberg,9.35
69257,Baden-Württemberg,Baden-Württemberg,9.35
69259,Baden-Württemberg,Baden-Württemberg,9.35
69412,Baden-Württemberg,Baden-Württemberg,9.35
69427,Baden-Württemberg,Baden-Württemberg,9.35
69429,Baden-Württemberg,Baden-Württemberg,9.35
69434,Baden-Württemberg,Baden-Württemberg,9.35
69436,Baden-Württemberg,Baden-Württemberg,9.35
69437,Baden-Württemberg,Baden-Württemberg,9.35
69439,Baden-Württemberg,Baden-Württemberg,9.35
69465,Baden-Württemberg,Baden-Württemberg,9.35
69469,Baden-Württemberg,Baden-Württemberg,9.35
69483,Hessen,Hessen,9.555
69488,Hessen,Hessen,9.555
69493,Baden-Württemberg,Baden-Württemberg,9.35
69502,Baden-Württemberg,Baden-Württemberg,9.35
69509,Hessen,Hessen,9.555
69514,Baden-Württemberg,Baden-Württemberg,9.35
69517,Hessen,Hessen,9.555
69518,Hessen,Hessen,9.555
70131,Baden-Württemberg,Baden-Württemberg,9.35
70134,Baden-Württemberg,Baden-Württemberg,9.35
70135,Baden-Württemberg,Baden-Württemberg,9.35
70136,Baden-Württemberg,Baden-Württemberg,9.35
70137,Baden-Württemberg,Baden-Württemberg,9.35
70138,Baden-Württemberg,Baden-Württemberg,9.35
70139,Baden-Württemberg,Baden-Württemberg,9.35
70140,Baden-Württemberg,Baden-Württemberg,9.35
70141,Baden-Württemberg,Baden-Württemberg,9.35
70143,Baden-Württemberg,Baden-Württemberg,9.35
70144,Baden-Württemberg,Baden-Württemberg,9.35
70145,Baden-Württemberg,Baden-Württemberg,9.35
70146,Baden-Württemberg,Baden-Württemberg,9.35
70148,Baden-Württemberg,Baden-Württemberg,9.35
70149,Baden-Württemberg,Baden-Württemberg,9.35
70150,Baden-Württemberg,Baden-Württemberg,9.35
70151,Baden-Württemberg,Baden-Württemberg,9.35
70152,Baden-Württemberg,Baden-Württemberg,9.35
70153,Baden-Württemberg,Baden-Württemberg,9.35
70154,Baden-Württemberg,Baden-Württemberg,9.35
70155,Baden-Württemberg,Baden-Württemberg,9.35
70158,Baden-Württemberg,Baden-Württemberg,9.35
70161,Baden-Württemberg,Baden-Württemberg,9.35
70162,Baden-Württemberg,Baden-Württemberg,9.35
70166,Baden-Württemberg,Baden-Württemberg,9.35
70167,Baden-Württemberg,Baden-Württemberg,9.35
70168,Baden-Württemberg,Baden-Württemberg,9.35
70171,Baden-Württemberg,Baden-Württemberg,9.35
70173,Baden-Württemberg,Baden-Württemberg,9.35
70174,Baden-Württemberg,Baden-Württemberg,9.35
70176,Baden-Württemberg,Baden-Württemberg,9.35
70178,Baden-Württemberg,Baden-Württemberg,9.35
70180,Baden-Württemberg,Baden-Württemberg,9.35
70182,Baden-Württemberg,Baden-Württemberg,9.35
70184,Baden-Württemberg,Baden-Württemberg,9.35
70186,Baden-Württemberg,Baden-Württemberg,9.35
70188,Baden-Württemberg,Baden-Württemberg,9.35
70190,Baden-Württemberg,Baden-Württemberg,9.35
70191,Baden-Württemberg,Baden-Württemberg,9.35
70192,Baden-Württemberg,Baden-Württemberg,9.35
70193,Baden-Württemberg,Baden-Württemberg,9.35
70195,Baden-Württemberg,Baden-Württemberg,9.35
70197,Baden-Württemberg,Baden-Württemberg,9.35
70199,Baden-Württemberg,Baden-Württemberg,9.35
70320,Baden-Württemberg,Baden-Württemberg,9.35
70322,Baden-Württemberg,Baden-Württemberg,9.35
70323,Baden-Württemberg,Baden-Württemberg,9.35
70324,Baden-Württemberg,Baden-Württemberg,9.35
70327,Baden-Württemberg,Baden-Württemberg,9.35
70329,Baden-Württemberg,Baden-Württemberg,9.35
70345,Baden-Württemberg,Baden-Württemberg,9.35
70363,Baden-Württemberg,Baden-Württemberg,9.35
70365,Baden-Württemberg,Baden-Württemberg,9.35
70366,Baden-Württemberg,Baden-Württemberg,9.35
70367,Baden-Württemberg,Baden-Württemberg,9.35
70369,Baden-Württemberg,Baden-Württemberg,9.35
70372,Baden-Württemberg,Baden-Württemberg,9.35
70374,Baden-Württemberg,Baden-Württemberg,9.35
70376,Baden-Württemberg,Baden-Württemberg,9.35
70378,Baden-Württemberg,Baden-Württemberg,9.35
70429,Baden-Württemberg,Baden-Württemberg,9.35
70431,Baden-Württemberg,Baden-Württemberg,9.35
70432,Baden-Württemberg,Baden-Württemberg,9.35
70435,Baden-Württemberg,Baden-Württemberg,9.35
70437,Baden-Württemberg,Baden-Württemberg,9.35
70439,Baden-Württemberg,Baden-Württemberg,9.35
70464,Baden-Württemberg,Baden-Württemberg,9.35
70465,Baden-Württemberg,Baden-Württemberg,9.35
70466,Baden-Württemberg,Baden-Württemberg,9.35
70467,Baden-Württemberg,Baden-Württemberg,9.35
70469,Baden-Württemberg,Baden-Württemberg,9.35
70494,Baden-Württemberg,Baden-Württemberg,9.35
70496,Baden-Württemberg,Baden-Württemberg,9.35
70499,Baden-Württemberg,Baden-Württemberg,9.35
70537,Baden-Württemberg,Baden-Württemberg,9.35
70538,Baden-Württemberg,Baden-Württemberg,9.35
70539,Baden-Württemberg,Baden-Württemberg,9.35
70545,Baden-Württemberg,Baden-Württemberg,9.35
70546,Baden-Württemberg,Baden-Württemberg,9.35
70547,Baden-Württemberg,Baden-Württemberg,9.35
70549,Baden-Württemberg,Baden-Württemberg,9.35
70550,Baden-Württemberg,Baden-Württemberg,9.35
70551,Baden-Württemberg,Baden-Württemberg,9.35
70552,Baden-Württemberg,Baden-Württemberg,9.35
70556,Baden-Württemberg,Baden-Württemberg,9.35
70560,Baden-Württemberg,Baden-Württemberg,9.35
70563,Baden-Württemberg,Baden-Württemberg,9.35
70565,Baden-Württemberg,Baden-Württemberg,9.35
70567,Baden-Württemberg,Baden-Württemberg,9.35
70569,Baden-Württemberg,Baden-Württemberg,9.35
70593,Baden-Württemberg,Baden-Württemberg,9.35
70594,Baden-Württemberg,Baden-Württemberg,9.35
70597,Baden-Württemberg,Baden-Württemberg,9.35
70599,Baden-Württemberg,Baden-Württemberg,9.35
70619,Baden-Württemberg,Baden-Württemberg,9.35
70627,Baden-Württemberg,Baden-Württemberg,9.35
70628,Baden-Württemberg,Baden-Württemberg,9.35
70629,Baden-Württemberg,Baden-Württemberg,9.35
70637,Baden-Württemberg,Baden-Württemberg,9.35
70640,Baden-Württemberg,Baden-Württemberg,9.35
70644,Baden-Württemberg,Baden-Württemberg,9.35
70730,Baden-Württemberg,Baden-Württemberg,9.35
70731,Baden-Württemberg,Baden-Württemberg,9.35
70732,Baden-Württemberg,Baden-Württemberg,9.35
70734,Baden-Württemberg,Baden-Württemberg,9.35
70736,Baden-Württemberg,Baden-Württemberg,9.35
70764,Baden-Württemberg,Baden-Württemberg,9.35
70765,Baden-Württemberg,Baden-Württemberg,9.35
70766,Baden-Württemberg,Baden-Württemberg,9.35
70767,Baden-Württemberg,Baden-Württemberg,9.35
70768,Baden-Württemberg,Baden-Württemberg,9.35
70769,Baden-Württemberg,Baden-Württemberg,9.35
70771,Baden-Württemberg,Baden-Württemberg,9.35
70788,Baden-Württemberg,Baden-Württemberg,9.35
70790,Baden-Württemberg,Baden-Württemberg,9.35
70791,Baden-Württemberg,Baden-Württemberg,9.35
70792,Baden-Württemberg,Baden-Württemberg,9.35
70794,Baden-Württemberg,Baden-Württemberg,9.35
70801,Baden-Württemberg,Baden-Württemberg,9.35
70803,Baden-Württemberg,Baden-Württemberg,9.35
70804,Baden-Württemberg,Baden-Württemberg,9.35
70806,Baden-Württemberg,Baden-Württemberg,9.35
70821,Baden-Württemberg,Baden-Württemberg,9.35
70822,Baden-Württemberg,Baden-Württemberg,9.35
70825,Baden-Württemberg,Baden-Württemberg,9.35
70836,Baden-Württemberg,Baden-Württemberg,9.35
70839,Baden-Württemberg,Baden-Württemberg,9.35
71028,Baden-Württemberg,Baden-Württemberg,9.35
71029,Baden-Württemberg,Baden-Württemberg,9.35
71032,Baden-Württemberg,Baden-Württemberg,9.35
71034,Baden-Württemberg,Baden-Württemberg,9.35
71058,Baden-Württemberg,Baden-Württemberg,9.35
71060,Baden-Württemberg,Baden-Württemberg,9.35
71063,Baden-Württemberg,Baden-Württemberg,9.35
71065,Baden-Württemberg,Baden-Württemberg,9.35
71067,Baden-Württemberg,Baden-Württemberg,9.35
71069,Baden-Württemberg,Baden-Württemberg,9.35
71083,Baden-Württemberg,Baden-Württemberg,9.35
71087,Baden-Württemberg,Baden-Württemberg,9.35
71088,Baden-Württemberg,Baden-Württemberg,9.35
71093,Baden-Württemberg,Baden-Württemberg,9.35
71101,Baden-Württemberg,Baden-Württemberg,9.35
71106,Baden-Württemberg,Baden-Württemberg,9.35
71111,Baden-Württemberg,Baden-Württemberg,9.35
71116,Baden-Württemberg,Baden-Württemberg,9.35
71120,Baden-Württemberg,Baden-Württemberg,9.35
71125,Baden-Württemberg,Baden-Württemberg,9.35
71126,Baden-Württemberg,Baden-Württemberg,9.35
71131,Baden-Württemberg,Baden-Württemberg,9.35
71134,Baden-Württemberg,Baden-Württemberg,9.35
71137,Baden-Württemberg,Baden-Württemberg,9.35
71139,Baden-Württemberg,Baden-Württemberg,9.35
71144,Baden-Württemberg,Baden-Württemberg,9.35
71148,Baden-Württemberg,Baden-Württemberg,9.35
71149,Baden-Württemberg,Baden-Württemberg,9.35
71154,Baden-Württemberg,Baden-Württemberg,9.35
71155,Baden-Württemberg,Baden-Württemberg,9.35
71157,Baden-Württemberg,Baden-Württemberg,9.35
71159,Baden-Württemberg,Baden-Württemberg,9.35
71226,Baden-Württemberg,Baden-Württemberg,9.35
71229,Baden-Württemberg,Baden-Württemberg,9.35
71252,Baden-Württemberg,Baden-Württemberg,9.35
71254,Baden-Württemberg,Baden-Württemberg,9.35
71261,Baden-Württemberg,Baden-Württemberg,9.35
71263,Baden-Württemberg,Baden-Württemberg,9.35
71272,Baden-Württemberg,Baden-Württemberg,9.35
71277,Baden-Württemberg,Baden-Württemberg,9.35
71282,Baden-Württemberg,Baden-Württemberg,9.35
71287,Baden-Württemberg,Baden-Württemberg,9.35
71292,Baden-Württemberg,Baden-Württemberg,9.35
71296,Baden-Württemberg,Baden-Württemberg,9.35
71297,Baden-Württemberg,Baden-Württemberg,9.35
71299,Baden-Württemberg,Baden-Württemberg,9.35
71327,Baden-Württemberg,Baden-Württemberg,9.35
71328,Baden-Württemberg,Baden-Württemberg,9.35
71332,Baden-Württemberg,Baden-Württemberg,9.35
71334,Baden-Württemberg,Baden-Württemberg,9.35
71336,Baden-Württemberg,Baden-Württemberg,9.35
71361,Baden-Württemberg,Baden-Württemberg,9.35
71364,Baden-Württemberg,Baden-Württemberg,9.35
71384,Baden-Württemberg,Baden-Württemberg,9.35
71394,Baden-Württemberg,Baden-Württemberg,9.35
71397,Baden-Württemberg,Baden-Württemberg,9.35
71404,Baden-Württemberg,Baden-Württemberg,9.35
71409,Baden-Württemberg,Baden-Württemberg,9.35
71520,Baden-Württemberg,Baden-Württemberg,9.35
71522,Baden-Württemberg,Baden-Württemberg,9.35
71540,Baden-Württemberg,Baden-Württemberg,9.35
71543,Baden-Württemberg,Baden-Württemberg,9.35
71546,Baden-Württemberg,Baden-Württemberg,9.35
71549,Baden-Württemberg,Baden-Württemberg,9.35
71554,Baden-Württemberg,Baden-Württemberg,9.35
71560,Baden-Württemberg,Baden-Württemberg,9.35
71563,Baden-Württemberg,Baden-Württemberg,9.35
71566,Baden-Württemberg,Baden-Württemberg,9.35
71570,Baden-Württemberg,Baden-Württemberg,9.35
71573,Baden-Württemberg,Baden-Württemberg,9.35
71576,Baden-Württemberg,Baden-Württemberg,9.35
71577,Baden-Württemberg,Baden-Württemberg,9.35
71579,Baden-Württemberg,Baden-Württemberg,9.35
71629,Baden-Württemberg,Baden-Württemberg,9.35
71630,Baden-Württemberg,Baden-Württemberg,9.35
71631,Baden-Württemberg,Baden-Württemberg,9.35
71632,Baden-Württemberg,Baden-Württemberg,9.35
71634,Baden-Württemberg,Baden-Württemberg,9.35
71636,Baden-Württemberg,Baden-Württemberg,9.35
71638,Baden-Württemberg,Baden-Württemberg,9.35
71640,Baden-Württemberg,Baden-Württemberg,9.35
71642,Baden-Württemberg,Baden-Württemberg,9.35
71665,Baden-Württemberg,Baden-Württemberg,9.35
71672,Baden-Württemberg,Baden-Württemberg,9.35
71679,Baden-Württemberg,Baden-Württemberg,9.35
71686,Baden-Württemberg,Baden-Württemberg,9.35
71691,Baden-Württemberg,Baden-Württemberg,9.35
71696,Baden-Württemberg,Baden-Württemberg,9.35
71701,Baden-Württemberg,Baden-Württemberg,9.35
71706,Baden-Württemberg,Baden-Württemberg,9.35
71711,Baden-Württemberg,Baden-Württemberg,9.35
71717,Baden-Württemberg,Baden-Württemberg,9.35
71718,Baden-Württemberg,Baden-Württemberg,9.35
71720,Baden-Württemberg,Baden-Württemberg,9.35
71723,Baden-Württemberg,Baden-Württemberg,9.35
71726,Baden-Württemberg,Baden-Württemberg,9.35
71729,Baden-Württemberg,Baden-Württemberg,9.35
71732,Baden-Württemberg,Baden-Württemberg,9.35
71735,Baden-Württemberg,Baden-Württemberg,9.35
71737,Baden-Württemberg,Baden-Württemberg,9.35
71739,Baden-Württemberg,Baden-Württemberg,9.35
72070,Baden-Württemberg,Baden-Württemberg,9.35
72072,Baden-Württemberg,Baden-Württemberg,9.35
72074,Baden-Württemberg,Baden-Württemberg,9.35
72076,Baden-Württemberg,Baden-Württemberg,9.35
72105,Baden-Württemberg,Baden-Württemberg,9.35
72108,Baden-Württemberg,Baden-Württemberg,9.35
72116,Baden-Württemberg,Baden-Württemberg,9.35
72119,Baden-Württemberg,Baden-Württemberg,9.35
72124,Baden-Württemberg,Baden-Württemberg,9.35
72127,Baden-Württemberg,Baden-Württemberg,9.35
72131,Baden-Württemberg,Baden-Württemberg,9.35
72135,Baden-Württemberg,Baden-Württemberg,9.35
72138,Baden-Württemberg,Baden-Württemberg,9.35
72141,Baden-Württemberg,Baden-Württemberg,9.35
72144,Baden-Württemberg,Baden-Württemberg,9.35
72145,Baden-Württemberg,Baden-Württemberg,9.35
72147,Baden-Württemberg,Baden-Württemberg,9.35
72149,Baden-Württemberg,Baden-Württemberg,9.35
72160,Baden-Württemberg,Baden-Württemberg,9.35
72172,Baden-Württemberg,Baden-Württemberg,9.35
72175,Baden-Württemberg,Baden-Württemberg,9.35
72178,Baden-Württemberg,Baden-Württemberg,9.35
72181,Baden-Württemberg,Baden-Württemberg,9.35
72184,Baden-Württemberg,Baden-Württemberg,9.35
72186,Baden-Württemberg,Baden-Württemberg,9.35
72189,Baden-Württemberg,Baden-Württemberg,9.35
72200,Baden-Württemberg,Baden-Württemberg,9.35
72202,Baden-Württemberg,Baden-Württemberg,9.35
72213,Baden-Württemberg,Baden-Württemberg,9.35
72218,Baden-Württemberg,Baden-Württemberg,9.35
72221,Baden-Württemberg,Baden-Württemberg,9.35
72224,Baden-Württemberg,Baden-Württemberg,9.35
72226,Baden-Württemberg,Baden-Württemberg,9.35
72227,Baden-Württemberg,Baden-Württemberg,9.35
72229,Baden-Württemberg,Baden-Württemberg,9.35
72250,Baden-Württemberg,Baden-Württemberg,9.35
72270,Baden-Württemberg,Baden-Württemberg,9.35
72275,Baden-Württemberg,Baden-Württemberg,9.35
72280,Baden-Württemberg,Baden-Württemberg,9.35
72285,Baden-Württemberg,Baden-Württemberg,9.35
72290,Baden-Württemberg,Baden-Württemberg,9.35
72291,Baden-Württemberg,Baden-Württemberg,9.35
72293,Baden-Württemberg,Baden-Württemberg,9.35
72294,Baden-Württemberg,Baden-Württemberg,9.35
72296,Baden-Württemberg,Baden-Württemberg,9.35
72297,Baden-Württemberg,Baden-Württemberg,9.35
72299,Baden-Württemberg,Baden-Württemberg,9.35
72332,Baden-Württemberg,Baden-Württemberg,9.35
72334,Baden-Württemberg,Baden-Württemberg,9.35
72336,Baden-Württemberg,Baden-Württemberg,9.35
72348,Baden-Württemberg,Baden-Württemberg,9.35
72351,Baden-Württemberg,Baden-Württemberg,9.35
72355,Baden-Württemberg,Baden-Württemberg,9.35
72356,Baden-Württemberg,Baden-Württemberg,9.35
72358,Baden-Württemberg,Baden-Württemberg,9.35
72359,Baden-Württemberg,Baden-Württemberg,9.35
72361,Baden-Württemberg,Baden-Württemberg,9.35
72362,Baden-Württemberg,Baden-Württemberg,9.35
72364,Baden-Württemberg,Baden-Württemberg,9.35
72365,Baden-Württemberg,Baden-Württemberg,9.35
72367,Baden-Württemberg,Baden-Württemberg,9.35
72369,Baden-Württemberg,Baden-Württemberg,9.35
72379,Baden-Württemberg,Baden-Württemberg,9.35
72393,Baden-Württemberg,Baden-Württemberg,9.35
72401,Baden-Württemberg,Baden-Württemberg,9.35
72406,Baden-Württemberg,Baden-Württemberg,9.35
72411,Baden-Württemberg,Baden-Württemberg,9.35
72414,Baden-Württemberg,Baden-Württemberg,9.35
72415,Baden-Württemberg,Baden-Württemberg,9.35
72417,Baden-Württemberg,Baden-Württemberg,9.35
72419,Baden-Württemberg,Baden-Württemberg,9.35
72458,Baden-Württemberg,Baden-Württemberg,9.35
72459,Baden-Württemberg,Baden-Württemberg,9.35
72461,Baden-Württemberg,Baden-Württemberg,9.35
72469,Baden-Württemberg,Baden-Württemberg,9.35
72474,Baden-Württemberg,Baden-Württemberg,9.35
72475,Baden-Württemberg,Baden-Württemberg,9.35
72477,Baden-Württemberg,Baden-Württemberg,9.35
72479,Baden-Württemberg,Baden-Württemberg,9.35
72488,Baden-Württemberg,Baden-Württemberg,9.35
72501,Baden-Württemberg,Baden-Württemberg,9.35
72505,Baden-Württemberg,Baden-Württemberg,9.35
72510,Baden-Württemberg,Baden-Württemberg,9.35
72511,Baden-Württemberg,Baden-Württemberg,9.35
72513,Baden-Württemberg,Baden-Württemberg,9.35
72514,Baden-Württemberg,Baden-Württemberg,9.35
72516,Baden-Württemberg,Baden-Württemberg,9.35
72517,Baden-Württemberg,Baden-Württemberg,9.35
72519,Baden-Württemberg,Baden-Württemberg,9.35
72525,Baden-Württemberg,Baden-Württemberg,9.35
72531,Baden-Württemberg,Baden-Württemberg,9.35
72532,Baden-Württemberg,Baden-Württemberg,9.35
72534,Baden-Württemberg,Baden-Württemberg,9.35
72535,Baden-Württemberg,Baden-Württemberg,9.35
72537,Baden-Württemberg,Baden-Württemberg,9.35
72539,Baden-Württemberg,Baden-Württemberg,9.35
72555,Baden-Württemberg,Baden-Württemberg,9.35
72574,Baden-Württemberg,Baden-Württemberg,9.35
72581,Baden-Württemberg,Baden-Württemberg,9.35
72582,Baden-Württemberg,Baden-Württemberg,9.35
72584,Baden-Württemberg,Baden-Württemberg,9.35
72585,Baden-Württemberg,Baden-Württemberg,9.35
72587,Baden-Württemberg,Baden-Württemberg,9.35
72589,Baden-Württemberg,Baden-Württemberg,9.35
72622,Baden-Württemberg,Baden-Württemberg,9.35
72631,Baden-Württemberg,Baden-Württemberg,9.35
72636,Baden-Württemberg,Baden-Württemberg,9.35
72639,Baden-Württemberg,Baden-Württemberg,9.35
72644,Baden-Württemberg,Baden-Württemberg,9.35
72649,Baden-Württemberg,Baden-Württemberg,9.35
72654,Baden-Württemberg,Baden-Württemberg,9.35
72655,Baden-Württemberg,Baden-Württemberg,9.35
72657,Baden-Württemberg,Baden-Württemberg,9.35
72658,Baden-Württemberg,Baden-Württemberg,9.35
72660,Baden-Württemberg,Baden-Württemberg,9.35
72661,Baden-Württemberg,Baden-Württemberg,9.35
72663,Baden-Württemberg,Baden-Württemberg,9.35
72664,Baden-Württemberg,Baden-Württemberg,9.35
72666,Baden-Württemberg,Baden-Württemberg,9.35
72667,Baden-Württemberg,Baden-Württemberg,9.35
72669,Baden-Württemberg,Baden-Württemberg,9.35
72757,Baden-Württemberg,Baden-Württemberg,9.35
72758,Baden-Württemberg,Baden-Württemberg,9.35
72760,Baden-Württemberg,Baden-Württemberg,9.35
72762,Baden-Württemberg,Baden-Württemberg,9.35
72764,Baden-Württemberg,Baden-Württemberg,9.35
72766,Baden-Württemberg,Baden-Württemberg,9.35
72768,Baden-Württemberg,Baden-Württemberg,9.35
72770,Baden-Württemberg,Baden-Württemberg,9.35
72780,Baden-Württemberg,Baden-Württemberg,9.35
72781,Baden-Württemberg,Baden-Württemberg,9.35
72793,Baden-Württemberg,Baden-Württemberg,9.35
72800,Baden-Württemberg,Baden-Württemberg,9.35
72805,Baden-Württemberg,Baden-Württemberg,9.35
72810,Baden-Württemberg,Baden-Württemberg,9.35
72813,Baden-Württemberg,Baden-Württemberg,9.35
72818,Baden-Württemberg,Baden-Württemberg,9.35
72820,Baden-Württemberg,Baden-Württemberg,9.35
72827,Baden-Württemberg,Baden-Württemberg,9.35
72829,Baden-Württemberg,Baden-Württemberg,9.35
73025,Baden-Württemberg,Baden-Württemberg,9.35
73027,Baden-Württemberg,Baden-Württemberg,9.35
73033,Baden-Württemberg,Baden-Württemberg,9.35
73035,Baden-Württemberg,Baden-Württemberg,9.35
73037,Baden-Württemberg,Baden-Württemberg,9.35
73047,Baden-Württemberg,Baden-Württemberg,9.35
73054,Baden-Württemberg,Baden-Württemberg,9.35
73061,Baden-Württemberg,Baden-Württemberg,9.35
73066,Baden-Württemberg,Baden-Württemberg,9.35
73072,Baden-Württemberg,Baden-Württemberg,9.35
73079,Baden-Württemberg,Baden-Württemberg,9.35
73084,Baden-Württemberg,Baden-Württemberg,9.35
73087,Baden-Württemberg,Baden-Württemberg,9.35
73092,Baden-Württemberg,Baden-Württemberg,9.35
73095,Baden-Württemberg,Baden-Württemberg,9.35
73098,Baden-Württemberg,Baden-Württemberg,9.35
73099,Baden-Württemberg,Baden-Württemberg,9.35
73101,Baden-Württemberg,Baden-Württemberg,9.35
73102,Baden-Württemberg,Baden-Württemberg,9.35
73104,Baden-Württemberg,Baden-Württemberg,9.35
73105,Baden-Württemberg,Baden-Württemberg,9.35
73107,Baden-Württemberg,Baden-Württemberg,9.35
73108,Baden-Württemberg,Baden-Württemberg,9.35
73110,Baden-Württemberg,Baden-Württemberg,9.35
73111,Baden-Württemberg,Baden-Württemberg,9.35
73113,Baden-Württemberg,Baden-Württemberg,9.35
73114,Baden-Württemberg,Baden-Württemberg,9.35
73116,Baden-Württemberg,Baden-Württemberg,9.35
73117,Baden-Württemberg,Baden-Württemberg,9.35
73119,Baden-Württemberg,Baden-Württemberg,9.35
73207,Baden-Württemberg,Baden-Württemberg,9.35
73227,Baden-Württemberg,Baden-Württemberg,9.35
73228,Baden-Württemberg,Baden-Württemberg,9.35
73230,Baden-Württemberg,Baden-Württemberg,9.35
73235,Baden-Württemberg,Baden-Württemberg,9.35
73240,Baden-Württemberg,Baden-Württemberg,9.35
73249,Baden-Württemberg,Baden-Württemberg,9.35
73252,Baden-Württemberg,Baden-Württemberg,9.35
73257,Baden-Württemberg,Baden-Württemberg,9.35
73262,Baden-Württemberg,Baden-Württemberg,9.35
73265,Baden-Württemberg,Baden-Württemberg,9.35
73266,Baden-Württemberg,Baden-Württemberg,9.35
73268,Baden-Württemberg,Baden-Württemberg,9.35
73269,Baden-Württemberg,Baden-Württemberg,9.35
73271,Baden-Württemberg,Baden-Württemberg,9.35
73272,Baden-Württemberg,Baden-Württemberg,9.35
73274,Baden-Württemberg,Baden-Württemberg,9.35
73275,Baden-Württemberg,Baden-Württemberg,9.35
73277,Baden-Württemberg,Baden-Württemberg,9.35
73278,Baden-Württemberg,Baden-Württemberg,9.35
73309,Baden-Württemberg,Baden-Württemberg,9.35
73312,Baden-Württemberg,Baden-Württemberg,9.35
73326,Baden-Württemberg,Baden-Württemberg,9.35
73329,Baden-Württemberg,Baden-Württemberg,9.35
73333,Baden-Württemberg,Baden-Württemberg,9.35
73337,Baden-Württemberg,Baden-Württemberg,9.35
73340,Baden-Württemberg,Baden-Württemberg,9.35
73342,Baden-Württemberg,Baden-Württemberg,9.35
73344,Baden-Württemberg,Baden-Württemberg,9.35
73345,Baden-Württemberg,Baden-Württemberg,9.35
73347,Baden-Württemberg,Baden-Württemberg,9.35
73349,Baden-Württemberg,Baden-Württemberg,9.35
73425,Baden-Württemberg,Baden-Württemberg,9.35
73427,Baden-Württemberg,Baden-Württemberg,9.35
73428,Baden-Württemberg,Baden-Württemberg,9.35
73430,Baden-Württemberg,Baden-Württemberg,9.35
73431,Baden-Württemberg,Baden-Württemberg,9.35
73432,Baden-Württemberg,Baden-Württemberg,9.35
73433,Baden-Württemberg,Baden-Württemberg,9.35
73434,Baden-Württemberg,Baden-Württemberg,9.35
73441,Baden-Württemberg,Baden-Württemberg,9.35
73446,Baden-Württemberg,Baden-Württemberg,9.35
73447,Baden-Württemberg,Baden-Württemberg,9.35
73450,Baden-Württemberg,Baden-Württemberg,9.35
73453,Baden-Württemberg,Baden-Württemberg,9.35
73457,Baden-Württemberg,Baden-Württemberg,9.35
73460,Baden-Württemberg,Baden-Württemberg,9.35
73463,Baden-Württemberg,Baden-Württemberg,9.35
73466,Baden-Württemberg,Baden-Württemberg,9.35
73467,Baden-Württemberg,Baden-Württemberg,9.35
73469,Baden-Württemberg,Baden-Württemberg,9.35
73477,Baden-Württemberg,Baden-Württemberg,9.35
73479,Baden-Württemberg,Baden-Württemberg,9.35
73485,Baden-Württemberg,Baden-Württemberg,9.35
73486,Baden-Württemberg,Baden-Württemberg,9.35
73488,Baden-Württemberg,Baden-Württemberg,9.35
73489,Baden-Württemberg,Baden-Württemberg,9.35
73491,Baden-Württemberg,Baden-Württemberg,9.35
73492,Baden-Württemberg,Baden-Württemberg,9.35
73494,Baden-Württemberg,Baden-Württemberg,9.35
73495,Baden-Württemberg,Baden-Württemberg,9.35
73497,Baden-Württemberg,Baden-Württemberg,9.35
73499,Baden-Württemberg,Baden-Württemberg,9.35
73520,Baden-Württemberg,Baden-Württemberg,9.35
73521,Baden-Württemberg,Baden-Württemberg,9.35
73522,Baden-Württemberg,Baden-Württemberg,9.35
73524,Baden-Württemberg,Baden-Württemberg,9.35
73525,Baden-Württemberg,Baden-Württemberg,9.35
73527,Baden-Württemberg,Baden-Württemberg,9.35
73529,Baden-Württemberg,Baden-Württemberg,9.35
73538,Baden-Württemberg,Baden-Württemberg,9.35
73540,Baden-Württemberg,Baden-Württemberg,9.35
73547,Baden-Württemberg,Baden-Württemberg,9.35
73550,Baden-Württemberg,Baden-Württemberg,9.35
73553,Baden-Württemberg,Baden-Württemberg,9.35
73557,Baden-Württemberg,Baden-Württemberg,9.35
73560,Baden-Württemberg,Baden-Württemberg,9.35
73563,Baden-Württemberg,Baden-Württemberg,9.35
73565,Baden-Württemberg,Baden-Württemberg,9.35
73566,Baden-Württemberg,Baden-Württemberg,9.35
73568,Baden-Württemberg,Baden-Württemberg,9.35
73569,Baden-Württemberg,Baden-Württemberg,9.35
73571,Baden-Württemberg,Baden-Württemberg,9.35
73572,Baden-Württemberg,Baden-Württemberg,9.35
73574,Baden-Württemberg,Baden-Württemberg,9.35
73575,Baden-Württemberg,Baden-Württemberg,9.35
73577,Baden-Württemberg,Baden-Württemberg,9.35
73579,Baden-Württemberg,Baden-Württemberg,9.35
73614,Baden-Württemberg,Baden-Württemberg,9.35
73630,Baden-Württemberg,Baden-Württemberg,9.35
73635,Baden-Württemberg,Baden-Württemberg,9.35
73642,Baden-Württemberg,Baden-Württemberg,9.35
73650,Baden-Württemberg,Baden-Württemberg,9.35
73655,Baden-Württemberg,Baden-Württemberg,9.35
73660,Baden-Württemberg,Baden-Württemberg,9.35
73663,Baden-Württemberg,Baden-Württemberg,9.35
73666,Baden-Württemberg,Baden-Württemberg,9.35
73667,Baden-Württemberg,Baden-Württemberg,9.35
73669,Baden-Württemberg,Baden-Württemberg,9.35
73726,Baden-Württemberg,Baden-Württemberg,9.35
73728,Baden-Württemberg,Baden-Württemberg,9.35
73730,Baden-Württemberg,Baden-Württemberg,9.35
73732,Baden-Württemberg,Baden-Württemberg,9.35
73733,Baden-Württemberg,Baden-Württemberg,9.35
73734,Baden-Württemberg,Baden-Württemberg,9.35
73760,Baden-Württemberg,Baden-Württemberg,9.35
73765,Baden-Württemberg,Baden-Württemberg,9.35
73770,Baden-Württemberg,Baden-Württemberg,9.35
73773,Baden-Württemberg,Baden-Württemberg,9.35
73776,Baden-Württemberg,Baden-Württemberg,9.35
73779,Baden-Württemberg,Baden-Württemberg,9.35
74064,Baden-Württemberg,Baden-Württemberg,9.35
74065,Baden-Württemberg,Baden-Württemberg,9.35
74066,Baden-Württemberg,Baden-Württemberg,9.35
74067,Baden-Württemberg,Baden-Württemberg,9.35
74068,Baden-Württemberg,Baden-Württemberg,9.35
74071,Nordrhein-Westfalen,Nordrhein-Westfalen,10.21
74072,Baden-Württemberg,Baden-Württemberg,9.35
74074,Baden-Württemberg,Baden-Württemberg,9.35
74076,Baden-Württemberg,Baden-Württemberg,9.35
74078,Baden-Württemberg,Baden-Württemberg,9.35
74080,Baden-Württemberg,Baden-Württemberg,9.35
74081,Baden-Württemberg,Baden-Württemberg,9.35
74099,Baden-Württemberg,Baden-Württemberg,9.35
74166,Baden-Württemberg,Baden-Württemberg,9.35
74167,Baden-Württemberg,Baden-Württemberg,9.35
74168,Baden-Württemberg,Baden-Württemberg,9.35
74169,Baden-Württemberg,Baden-Württemberg,9.35
74170,Baden-Württemberg,Baden-Württemberg,9.35
74172,Baden-Württemberg,Baden-Württemberg,9.35
74177,Baden-Württemberg,Baden-Württemberg,9.35
74182,Baden-Württemberg,Baden-Württemberg,9.35
74189,Baden-Württemberg,Baden-Württemberg,9.35
74193,Baden-Württemberg,Baden-Württemberg,9.35
74196,Baden-Württemberg,Baden-Württemberg,9.35
74199,Baden-Württemberg,Baden-Württemberg,9.35
74206,Baden-Württemberg,Baden-Württemberg,9.35
74211,Baden-Württemberg,Baden-Württemberg,9.35
74214,Baden-Württemberg,Baden-Württemberg,9.35
74219,Baden-Württemberg,Baden-Württemberg,9.35
74223,Baden-Württemberg,Baden-Württemberg,9.35
74226,Baden-Württemberg,Baden-Württemberg,9.35
74229,Baden-Württemberg,Baden-Württemberg,9.35
74232,Baden-Württemberg,Baden-Württemberg,9.35
74235,Baden-Württemberg,Baden-Württemberg,9.35
74238,Baden-Württemberg,Baden-Württemberg,9.35
74239,Baden-Württemberg,Baden-Württemberg,9.35
74243,Baden-Württemberg,Baden-Württemberg,9.35
74245,Baden-Württemberg,Baden-Württemberg,9.35
74246,Baden-Württemberg,Baden-Württemberg,9.35
74248,Baden-Württemberg,Baden-Württemberg,9.35
74249,Baden-Württemberg,Baden-Württemberg,9.35
74251,Baden-Württemberg,Baden-Württemberg,9.35
74252,Baden-Württemberg,Baden-Württemberg,9.35
74254,Baden-Württemberg,Baden-Württemberg,9.35
74255,Baden-Württemberg,Baden-Württemberg,9.35
74257,Baden-Württemberg,Baden-Württemberg,9.35
74259,Baden-Württemberg,Baden-Württemberg,9.35
74319,Baden-Württemberg,Baden-Württemberg,9.35
74321,Baden-Württemberg,Baden-Württemberg,9.35
74336,Baden-Württemberg,Baden-Württemberg,9.35
74337,Baden-Württemberg,Baden-Württemberg,9.35
74343,Baden-Württemberg,Baden-Württemberg,9.35
74348,Baden-Württemberg,Baden-Württemberg,9.35
74354,Baden-Württemberg,Baden-Württemberg,9.35
74357,Baden-Württemberg,Baden-Württemberg,9.35
74360,Baden-Württemberg,Baden-Württemberg,9.35
74363,Baden-Württemberg,Baden-Württemberg,9.35
74366,Baden-Württemberg,Baden-Württemberg,9.35
74369,Baden-Württemberg,Baden-Württemberg,9.35
74372,Baden-Württemberg,Baden-Württemberg,9.35
74374,Baden-Württemberg,Baden-Württemberg,9.35
74376,Baden-Württemberg,Baden-Württemberg,9.35
74379,Baden-Württemberg,Baden-Württemberg,9.35
74382,Baden-Württemberg,Baden-Württemberg,9.35
74385,Baden-Württemberg,Baden-Württemberg,9.35
74388,Baden-Württemberg,Baden-Württemberg,9.35
74389,Baden-Württemberg,Baden-Württemberg,9.35
74391,Baden-Württemberg,Baden-Württemberg,9.35
74392,Baden-Württemberg,Baden-Württemberg,9.35
74394,Baden-Württemberg,Baden-Württemberg,9.35
74395,Baden-Württemberg,Baden-Württemberg,9.35
74397,Baden-Württemberg,Baden-Württemberg,9.35
74399,Baden-Württemberg,Baden-Württemberg,9.35
74405,Baden-Württemberg,Baden-Württemberg,9.35
74417,Baden-Württemberg,Baden-Württemberg,9.35
74420,Baden-Württemberg,Baden-Württemberg,9.35
74423,Baden-Württemberg,Baden-Württemberg,9.35
74424,Baden-Württemberg,Baden-Württemberg,9.35
74426,Baden-Württemberg,Baden-Württemberg,9.35
74427,Baden-Württemberg,Baden-Württemberg,9.35
74429,Baden-Württemberg,Baden-Württemberg,9.35
74509,Baden-Württemberg,Baden-Württemberg,9.35
74520,Baden-Württemberg,Baden-Württemberg,9.35
74523,Baden-Württemberg,Baden-Württemberg,9.35
74532,Baden-Württemberg,Baden-Württemberg,9.35
74535,Baden-Württemberg,Baden-Württemberg,9.35
74538,Baden-Württemberg,Baden-Württemberg,9.35
74541,Baden-Württemberg,Baden-Württemberg,9.35
74542,Baden-Württemberg,Baden-Württemberg,9.35
74544,Baden-Württemberg,Baden-Württemberg,9.35
74545,Baden-Württemberg,Baden-Württemberg,9.35
74547,Baden-Württemberg,Baden-Württemberg,9.35
74549,Baden-Württemberg,Baden-Württemberg,9.35
74564,Baden-Württemberg,Baden-Württemberg,9.35
74569,Baden-Württemberg,Baden-Württemberg,9.35
74571,Baden-Württemberg,Baden-Württemberg,9.35
74572,Baden-Württemberg,Baden-Württemberg,9.35
74575,Baden-Württemberg,Baden-Württemberg,9.35
74579,Baden-Württemberg,Baden-Württemberg,9.35
74582,Baden-Württemberg,Baden-Württemberg,9.35
74585,Baden-Württemberg,Baden-Württemberg,9.35
74586,Baden-Württemberg,Baden-Württemberg,9.35
74587,Baden-Württemberg,Baden-Württemberg,9.35
74588,Baden-Württemberg,Baden-Württemberg,9.35
74589,Baden-Württemberg,Baden-Württemberg,9.35
74592,Baden-Württemberg,Baden-Württemberg,9.35
74594,Baden-Württemberg,Baden-Württemberg,9.35
74595,Baden-Württemberg,Baden-Württemberg,9.35
74597,Baden-Württemberg,Baden-Württemberg,9.35
74599,Baden-Württemberg,Baden-Württemberg,9.35
74611,Baden-Württemberg,Baden-Württemberg,9.35
74613,Baden-Württemberg,Baden-Württemberg,9.35
74626,Baden-Württemberg,Baden-Württemberg,9.35
74629,Baden-Württemberg,Baden-Württemberg,9.35
74632,Baden-Württemberg,Baden-Württemberg,9.35
74635,Baden-Württemberg,Baden-Württemberg,9.35
74638,Baden-Württemberg,Baden-Württemberg,9.35
74639,Baden-Württemberg,Baden-Württemberg,9.35
74650,Baden-Württemberg,Baden-Württemberg,9.35
74651,Baden-Württemberg,Baden-Württemberg,9.35
74653,Baden-Württemberg,Baden-Württemberg,9.35
74670,Baden-Württemberg,Baden-Württemberg,9.35
74673,Baden-Württemberg,Baden-Württemberg,9.35
74676,Baden-Württemberg,Baden-Württemberg,9.35
74677,Baden-Württemberg,Baden-Württemberg,9.35
74679,Baden-Württemberg,Baden-Württemberg,9.35
74706,Baden-Württemberg,Baden-Württemberg,9.35
74722,Baden-Württemberg,Baden-Württemberg,9.35
74731,Baden-Württemberg,Baden-Württemberg,9.35
74736,Baden-Württemberg,Baden-Württemberg,9.35
74740,Baden-Württemberg,Baden-Württemberg,9.35
74743,Baden-Württemberg,Baden-Württemberg,9.35
74744,Baden-Württemberg,Baden-Württemberg,9.35
74746,Baden-Württemberg,Baden-Württemberg,9.35
74747,Baden-Württemberg,Baden-Württemberg,9.35
74749,Baden-Württemberg,Baden-Württemberg,9.35
74819,Baden-Württemberg,Baden-Württemberg,9.35
74821,Baden-Württemberg,Baden-Württemberg,9.35
74831,Baden-Württemberg,Baden-Württemberg,9.35
74832,Baden-Württemberg,Baden-Württemberg,9.35
74834,Baden-Württemberg,Baden-Württemberg,9.35
74838,Baden-Württemberg,Baden-Württemberg,9.35
74842,Baden-Württemberg,Baden-Württemberg,9.35
74847,Baden-Württemberg,Baden-Württemberg,9.35
74850,Baden-Württemberg,Baden-Württemberg,9.35
74855,Baden-Württemberg,Baden-Württemberg,9.35
74858,Baden-Württemberg,Baden-Württemberg,9.35
74861,Baden-Württemberg,Baden-Württemberg,9.35
74862,Baden-Württemberg,Baden-Württemberg,9.35
74864,Baden-Württemberg,Baden-Württemberg,9.35
74865,Baden-Württemberg,Baden-Württemberg,9.35
74867,Baden-Württemberg,Baden-Württemberg,9.35
74869,Baden-Württemberg,Baden-Württemberg,9.35
74887,Baden-Württemberg,Baden-Württemberg,9.35
74889,Baden-Württemberg,Baden-Württemberg,9.35
74903,Baden-Württemberg,Baden-Württemberg,9.35
74904,Baden-Württemberg,Baden-Württemberg,9.35
74906,Baden-Württemberg,Baden-Württemberg,9.35
74909,Baden-Württemberg,Baden-Württemberg,9.35
74912,Baden-Württemberg,Baden-Württemberg,9.35
74915,Baden-Württemberg,Baden-Württemberg,9.35
74918,Baden-Württemberg,Baden-Württemberg,9.35
74921,Baden-Württemberg,Baden-Württemberg,9.35
74924,Baden-Württemberg,Baden-Württemberg,9.35
74925,Baden-Württemberg,Baden-Württemberg,9.35
74927,Baden-Württemberg,Baden-Württemberg,9.35
74928,Baden-Württemberg,Baden-Württemberg,9.35
74930,Baden-Württemberg,Baden-Württemberg,9.35
74931,Baden-Württemberg,Baden-Württemberg,9.35
74933,Baden-Württemberg,Baden-Württemberg,9.35
74934,Baden-Württemberg,Baden-Württemberg,9.35
74936,Baden-Württemberg,Baden-Württemberg,9.35
74937,Baden-Württemberg,Baden-Württemberg,9.35
74939,Baden-Württemberg,Baden-Württemberg,9.35
75013,Baden-Württemberg,Baden-Württemberg,9.35
75015,Baden-Württemberg,Baden-Württemberg,9.35
75031,Baden-Württemberg,Baden-Württemberg,9.35
75038,Baden-Württemberg,Baden-Württemberg,9.35
75045,Baden-Württemberg,Baden-Württemberg,9.35
75050,Baden-Württemberg,Baden-Württemberg,9.35
75053,Baden-Württemberg,Baden-Württemberg,9.35
75056,Baden-Württemberg,Baden-Württemberg,9.35
75057,Baden-Württemberg,Baden-Württemberg,9.35
75059,Baden-Württemberg,Baden-Württemberg,9.35
75093,Baden-Württemberg,Baden-Württemberg,9.35
75158,Baden-Württemberg,Baden-Württemberg,9.35
75159,Baden-Württemberg,Baden-Württemberg,9.35
75162,Baden-Württemberg,Baden-Württemberg,9.35
75166,Baden-Württemberg,Baden-Württemberg,9.35
75169,Baden-Württemberg,Baden-Württemberg,9.35
75170,Baden-Württemberg,Baden-Württemberg,9.35
75172,Baden-Württemberg,Baden-Württemberg,9.35
75173,Baden-Württemberg,Baden-Württemberg,9.35
75175,Baden-Württemberg,Baden-Württemberg,9.35
75177,Baden-Württemberg,Baden-Württemberg,9.35
75179,Baden-Württemberg,Baden-Württemberg,9.35
75180,Baden-Württemberg,Baden-Württemberg,9.35
75181,Baden-Württemberg,Baden-Württemberg,9.35
75194,Baden-Württemberg,Baden-Württemberg,9.35
75196,Baden-Württemberg,Baden-Württemberg,9.35
75203,Baden-Württemberg,Baden-Württemberg,9.35
75210,Baden-Württemberg,Baden-Württemberg,9.35
75217,Baden-Württemberg,Baden-Württemberg,9.35
75223,Baden-Württemberg,Baden-Württemberg,9.35
75228,Baden-Württemberg,Baden-Württemberg,9.35
75233,Baden-Württemberg,Baden-Württemberg,9.35
75236,Baden-Württemberg,Baden-Württemberg,9.35
75239,Baden-Württemberg,Baden-Württemberg,9.35
75242,Baden-Württemberg,Baden-Württemberg,9.35
75245,Baden-Württemberg,Baden-Württemberg,9.35
75248,Baden-Württemberg,Baden-Württemberg,9.35
75249,Baden-Württemberg,Baden-Württemberg,9.35
75305,Baden-Württemberg,Baden-Württemberg,9.35
75323,Baden-Württemberg,Baden-Württemberg,9.35
75328,Baden-Württemberg,Baden-Württemberg,9.35
75331,Baden-Württemberg,Baden-Württemberg,9.35
75334,Baden-Württemberg,Baden-Württemberg,9.35
75335,Baden-Württemberg,Baden-Württemberg,9.35
75337,Baden-Württemberg,Baden-Württemberg,9.35
75339,Baden-Württemberg,Baden-Württemberg,9.35
75363,Baden-Württemberg,Baden-Württemberg,9.35
75365,Baden-Württemberg,Baden-Württemberg,9.35
75378,Baden-Württemberg,Baden-Württemberg,9.35
75382,Baden-Württemberg,Baden-Württemberg,9.35
75385,Baden-Württemberg,Baden-Württemberg,9.35
75387,Baden-Württemberg,Baden-Württemberg,9.35
75389,Baden-Württemberg,Baden-Württemberg,9.35
75391,Baden-Württemberg,Baden-Württemberg,9.35
75392,Baden-Württemberg,Baden-Württemberg,9.35
75394,Baden-Württemberg,Baden-Württemberg,9.35
75395,Baden-Württemberg,Baden-Württemberg,9.35
75397,Baden-Württemberg,Baden-Württemberg,9.35
75399,Baden-Württemberg,Baden-Württemberg,9.35
75415,Baden-Württemberg,Baden-Württemberg,9.35
75417,Baden-Württemberg,Baden-Württemberg,9.35
75428,Baden-Württemberg,Baden-Württemberg,9.35
75433,Baden-Württemberg,Baden-Württemberg,9.35
75438,Baden-Württemberg,Baden-Württemberg,9.35
75443,Baden-Württemberg,Baden-Württemberg,9.35
75446,Baden-Württemberg,Baden-Württemberg,9.35
75447,Baden-Württemberg,Baden-Württemberg,9.35
75449,Baden-Württemberg,Baden-Württemberg,9.35
76006,Baden-Württemberg,Baden-Württemberg,9.35
76070,Baden-Württemberg,Baden-Württemberg,9.35
76073,Baden-Württemberg,Baden-Württemberg,9.35
76088,Baden-Württemberg,Baden-Württemberg,9.35
76089,Baden-Württemberg,Baden-Württemberg,9.35
76097,Baden-Württemberg,Baden-Württemberg,9.35
76098,Baden-Württemberg,Baden-Württemberg,9.35
76107,Baden-Württemberg,Baden-Württemberg,9.35
76109,Baden-Württemberg,Baden-Württemberg,9.35
76110,Baden-Württemberg,Baden-Württemberg,9.35
76111,Baden-Württemberg,Baden-Württemberg,9.35
76112,Baden-Württemberg,Baden-Württemberg,9.35
76113,Baden-Württemberg,Baden-Württemberg,9.35
76114,Baden-Württemberg,Baden-Württemberg,9.35
76115,Baden-Württemberg,Baden-Württemberg,9.35
76117,Baden-Württemberg,Baden-Württemberg,9.35
76118,Baden-Württemberg,Baden-Württemberg,9.35
76119,Baden-Württemberg,Baden-Württemberg,9.35
76120,Baden-Württemberg,Baden-Württemberg,9.35
76121,Baden-Württemberg,Baden-Württemberg,9.35
76122,Baden-Württemberg,Baden-Württemberg,9.35
76123,Baden-Württemberg,Baden-Württemberg,9.35
76124,Baden-Württemberg,Baden-Württemberg,9.35
76125,Baden-Württemberg,Baden-Württemberg,9.35
76126,Baden-Württemberg,Baden-Württemberg,9.35
76127,Baden-Württemberg,Baden-Württemberg,9.35
76128,Baden-Württemberg,Baden-Württemberg,9.35
76131,Baden-Württemberg,Baden-Württemberg,9.35
76133,Baden-Württemberg,Baden-Württemberg,9.35
76135,Baden-Württemberg,Baden-Württemberg,9.35
76137,Baden-Württemberg,Baden-Württemberg,9.35
76139,Baden-Württemberg,Baden-Württemberg,9.35
76147,Baden-Württemberg,Baden-Württemberg,9.35
76149,Baden-Württemberg,Baden-Württemberg,9.35
76150,Baden-Württemberg,Baden-Württemberg,9.35
76180,Baden-Württemberg,Baden-Württemberg,9.35
76181,Baden-Württemberg,Baden-Württemberg,9.35
76182,Baden-Württemberg,Baden-Württemberg,9.35
76185,Baden-Württemberg,Baden-Württemberg,9.35
76187,Baden-Württemberg,Baden-Württemberg,9.35
76189,Baden-Württemberg,Baden-Württemberg,9.35
76199,Baden-Württemberg,Baden-Württemberg,9.35
76225,Baden-Württemberg,Baden-Württemberg,9.35
76227,Baden-Württemberg,Baden-Württemberg,9.35
76228,Baden-Württemberg,Baden-Württemberg,9.35
76229,Baden-Württemberg,Baden-Württemberg,9.35
76230,Baden-Württemberg,Baden-Württemberg,9.35
76240,Baden-Württemberg,Baden-Württemberg,9.35
76243,Baden-Württemberg,Baden-Württemberg,9.35
76245,Baden-Württemberg,Baden-Württemberg,9.35
76246,Baden-Württemberg,Baden-Württemberg,9.35
76247,Baden-Württemberg,Baden-Württemberg,9.35
76248,Baden-Württemberg,Baden-Württemberg,9.35
76249,Baden-Württemberg,Baden-Württemberg,9.35
76253,Baden-Württemberg,Baden-Württemberg,9.35
76273,Baden-Württemberg,Baden-Württemberg,9.35
76275,Baden-Württemberg,Baden-Württemberg,9.35
76287,Baden-Württemberg,Baden-Württemberg,9.35
76297,Baden-Württemberg,Baden-Württemberg,9.35
76307,Baden-Württemberg,Baden-Württemberg,9.35
76314,Baden-Württemberg,Baden-Württemberg,9.35
76316,Baden-Württemberg,Baden-Württemberg,9.35
76327,Baden-Württemberg,Baden-Württemberg,9.35
76332,Baden-Württemberg,Baden-Württemberg,9.35
76337,Baden-Württemberg,Baden-Württemberg,9.35
76344,Baden-Württemberg,Baden-Württemberg,9.35
76351,Baden-Württemberg,Baden-Württemberg,9.35
76356,Baden-Württemberg,Baden-Württemberg,9.35
76359,Baden-Württemberg,Baden-Württemberg,9.35
76432,Baden-Württemberg,Baden-Württemberg,9.35
76437,Baden-Württemberg,Baden-Württemberg,9.35
76448,Baden-Württemberg,Baden-Württemberg,9.35
76456,Baden-Württemberg,Baden-Württemberg,9.35
76461,Baden-Württemberg,Baden-Württemberg,9.35
76467,Baden-Württemberg,Baden-Württemberg,9.35
76470,Baden-Württemberg,Baden-Württemberg,9.35
76473,Baden-Württemberg,Baden-Württemberg,9.35
76474,Baden-Württemberg,Baden-Württemberg,9.35
76476,Baden-Württemberg,Baden-Württemberg,9.35
76477,Baden-Württemberg,Baden-Württemberg,9.35
76479,Baden-Württemberg,Baden-Württemberg,9.35
76517,Baden-Württemberg,Baden-Württemberg,9.35
76519,Baden-Württemberg,Baden-Württemberg,9.35
76520,Baden-Württemberg,Baden-Württemberg,9.35
76521,Baden-Württemberg,Baden-Württemberg,9.35
76522,Baden-Württemberg,Baden-Württemberg,9.35
76523,Baden-Württemberg,Baden-Württemberg,9.35
76524,Baden-Württemberg,Baden-Württemberg,9.35
76526,Baden-Württemberg,Baden-Württemberg,9.35
76527,Baden-Württemberg,Baden-Württemberg,9.35
76530,Baden-Württemberg,Baden-Württemberg,9.35
76532,Baden-Württemberg,Baden-Württemberg,9.35
76534,Baden-Württemberg,Baden-Württemberg,9.35
76547,Baden-Württemberg,Baden-Württemberg,9.35
76549,Baden-Württemberg,Baden-Württemberg,9.35
76568,Baden-Württemberg,Baden-Württemberg,9.35
76571,Baden-Württemberg,Baden-Württemberg,9.35
76593,Baden-Württemberg,Baden-Württemberg,9.35
76596,Baden-Württemberg,Baden-Württemberg,9.35
76597,Baden-Württemberg,Baden-Württemberg,9.35
76599,Baden-Württemberg,Baden-Württemberg,9.35
76642,Baden-Württemberg,Baden-Württemberg,9.35
76643,Baden-Württemberg,Baden-Württemberg,9.35
76646,Baden-Württemberg,Baden-Württemberg,9.35
76661,Baden-Württemberg,Baden-Württemberg,9.35
76669,Baden-Württemberg,Baden-Württemberg,9.35
76676,Baden-Württemberg,Baden-Württemberg,9.35
76684,Baden-Württemberg,Baden-Württemberg,9.35
76689,Baden-Württemberg,Baden-Württemberg,9.35
76694,Baden-Württemberg,Baden-Württemberg,9.35
76698,Baden-Württemberg,Baden-Württemberg,9.35
76703,Baden-Württemberg,Baden-Württemberg,9.35
76706,Baden-Württemberg,Baden-Württemberg,9.35
76707,Baden-Württemberg,Baden-Württemberg,9.35
76709,Baden-Württemberg,Baden-Württemberg,9.35
76725,Rheinland-Pfalz,Rheinland-Pfalz,9.885
76726,Rheinland-Pfalz,Rheinland-Pfalz,9.885
76742,Rheinland-Pfalz,Rheinland-Pfalz,9.885
76744,Rheinland-Pfalz,Rheinland-Pfalz,9.885
76751,Rheinland-Pfalz,Rheinland-Pfalz,9.885
76756,Rheinland-Pfalz,Rheinland-Pfalz,9.885
76761,Rheinland-Pfalz,Rheinland-Pfalz,9.885
76764,Rheinland-Pfalz,Rheinland-Pfalz,9.885
76767,Rheinland-Pfalz,Rheinland-Pfalz,9.885
76768,Rheinland-Pfalz,Rheinland-Pfalz,9.885
76770,Rheinland-Pfalz,Rheinland-Pfalz,9.885
76771,Rheinland-Pfalz,Rheinland-Pfalz,9.885
76773,Rheinland-Pfalz,Rheinland-Pfalz,9.885
76774,Rheinland-Pfalz,Rheinland-Pfalz,9.885
76776,Rheinland-Pfalz,Rheinland-Pfalz,9.885
76777,Rheinland-Pfalz,Rheinland-Pfalz,9.885
76779,Rheinland-Pfalz,Rheinland-Pfalz,9.885
76825,Rheinland-Pfalz,Rheinland-Pfalz,9.885
76826,Rheinland-Pfalz,Rheinland-Pfalz,9.885
76828,Rheinland-Pfalz,Rheinland-Pfalz,9.885
76829,Rheinland-Pfalz,Rheinland-Pfalz,9.885
76831,Rheinland-Pfalz,Rheinland-Pfalz,9.885
76833,Rheinland-Pfalz,Rheinland-Pfalz,9.885
76835,Rheinland-Pfalz,Rheinland-Pfalz,9.885
76846,Rheinland-Pfalz,Rheinland-Pfalz,9.885
76848,Rheinland-Pfalz,Rheinland-Pfalz,9.885
76855,Rheinland-Pfalz,Rheinland-Pfalz,9.885
76857,Rheinland-Pfalz,Rheinland-Pfalz,9.885
76863,Rheinland-Pfalz,Rheinland-Pfalz,9.885
76865,Rheinland-Pfalz,Rheinland-Pfalz,9.885
76870,Rheinland-Pfalz,Rheinland-Pfalz,9.885
76872,Rheinland-Pfalz,Rheinland-Pfalz,9.885
76877,Rheinland-Pfalz,Rheinland-Pfalz,9.885
76878,Rheinland-Pfalz,Rheinland-Pfalz,9.885
76879,Rheinland-Pfalz,Rheinland-Pfalz,9.885
76887,Rheinland-Pfalz,Rheinland-Pfalz,9.885
76889,Rheinland-Pfalz,Rheinland-Pfalz,9.885
76891,Rheinland-Pfalz,Rheinland-Pfalz,9.885
77633,Baden-Württemberg,Baden-Württemberg,9.35
77642,Baden-Württemberg,Baden-Württemberg,9.35
77644,Baden-Württemberg,Baden-Württemberg,9.35
77646,Baden-Württemberg,Baden-Württemberg,9.35
77647,Baden-Württemberg,Baden-Württemberg,9.35
77652,Baden-Württemberg,Baden-Württemberg,9.35
77654,Baden-Württemberg,Baden-Württemberg,9.35
77656,Baden-Württemberg,Baden-Württemberg,9.35
77663,Baden-Württemberg,Baden-Württemberg,9.35
77694,Baden-Württemberg,Baden-Württemberg,9.35
77704,Baden-Württemberg,Baden-Württemberg,9.35
77709,Baden-Württemberg,Baden-Württemberg,9.35
77716,Baden-Württemberg,Baden-Württemberg,9.35
77723,Baden-Württemberg,Baden-Württemberg,9.35
77728,Baden-Württemberg,Baden-Württemberg,9.35
77731,Baden-Württemberg,Baden-Württemberg,9.35
77736,Baden-Württemberg,Baden-Württemberg,9.35
77740,Baden-Württemberg,Baden-Württemberg,9.35
77743,Baden-Württemberg,Baden-Württemberg,9.35
77746,Baden-Württemberg,Baden-Württemberg,9.35
77749,Baden-Württemberg,Baden-Württemberg,9.35
77756,Baden-Württemberg,Baden-Württemberg,9.35
77761,Baden-Württemberg,Baden-Württemberg,9.35
77767,Baden-Württemberg,Baden-Württemberg,9.35
77770,Baden-Württemberg,Baden-Württemberg,9.35
77773,Baden-Württemberg,Baden-Württemberg,9.35
77776,Baden-Württemberg,Baden-Württemberg,9.35
77781,Baden-Württemberg,Baden-Württemberg,9.35
77784,Baden-Württemberg,Baden-Württemberg,9.35
77787,Baden-Württemberg,Baden-Württemberg,9.35
77790,Baden-Württemberg,Baden-Württemberg,9.35
77791,Baden-Württemberg,Baden-Württemberg,9.35
77793,Baden-Württemberg,Baden-Württemberg,9.35
77794,Baden-Württemberg,Baden-Württemberg,9.35
77796,Baden-Württemberg,Baden-Württemberg,9.35
77797,Baden-Württemberg,Baden-Württemberg,9.35
77799,Baden-Württemberg,Baden-Württemberg,9.35
77813,Baden-Württemberg,Baden-Württemberg,9.35
77815,Baden-Württemberg,Baden-Württemberg,9.35
77830,Baden-Württemberg,Baden-Württemberg,9.35
77833,Baden-Württemberg,Baden-Württemberg,9.35
77836,Baden-Württemberg,Baden-Württemberg,9.35
77839,Baden-Württemberg,Baden-Württemberg,9.35
77855,Baden-Württemberg,Baden-Württemberg,9.35
77866,Baden-Württemberg,Baden-Württemberg,9.35
77869,Baden-Württemberg,Baden-Württemberg,9.35
77871,Baden-Württemberg,Baden-Württemberg,9.35
77876,Baden-Württemberg,Baden-Württemberg,9.35
77880,Baden-Württemberg,Baden-Württemberg,9.35
77883,Baden-Württemberg,Baden-Württemberg,9.35
77886,Baden-Württemberg,Baden-Württemberg,9.35
77887,Baden-Württemberg,Baden-Württemberg,9.35
77889,Baden-Württemberg,Baden-Württemberg,9.35
77926,Baden-Württemberg,Baden-Württemberg,9.35
77929,Baden-Württemberg,Baden-Württemberg,9.35
77931,Baden-Württemberg,Baden-Württemberg,9.35
77933,Baden-Württemberg,Baden-Württemberg,9.35
77944,Baden-Württemberg,Baden-Württemberg,9.35
77948,Baden-Württemberg,Baden-Württemberg,9.35
77955,Baden-Württemberg,Baden-Württemberg,9.35
77960,Baden-Württemberg,Baden-Württemberg,9.35
77963,Baden-Württemberg,Baden-Württemberg,9.35
77966,Baden-Württemberg,Baden-Württemberg,9.35
77971,Baden-Württemberg,Baden-Württemberg,9.35
77972,Baden-Württemberg,Baden-Württemberg,9.35
77974,Baden-Württemberg,Baden-Württemberg,9.35
77975,Baden-Württemberg,Baden-Württemberg,9.35
77977,Baden-Württemberg,Baden-Württemberg,9.35
77978,Baden-Württemberg,Baden-Württemberg,9.35
78041,Baden-Württemberg,Baden-Württemberg,9.35
78044,Baden-Württemberg,Baden-Württemberg,9.35
78045,Baden-Württemberg,Baden-Württemberg,9.35
78046,Baden-Württemberg,Baden-Württemberg,9.35
78048,Baden-Württemberg,Baden-Württemberg,9.35
78050,Baden-Württemberg,Baden-Württemberg,9.35
78052,Baden-Württemberg,Baden-Württemberg,9.35
78054,Baden-Württemberg,Baden-Württemberg,9.35
78056,Baden-Württemberg,Baden-Württemberg,9.35
78060,Baden-Württemberg,Baden-Württemberg,9.35
78073,Baden-Württemberg,Baden-Württemberg,9.35
78078,Baden-Württemberg,Baden-Württemberg,9.35
78083,Baden-Württemberg,Baden-Württemberg,9.35
78086,Baden-Württemberg,Baden-Württemberg,9.35
78087,Baden-Württemberg,Baden-Württemberg,9.35
78089,Baden-Württemberg,Baden-Württemberg,9.35
78098,Baden-Württemberg,Baden-Württemberg,9.35
78112,Baden-Württemberg,Baden-Württemberg,9.35
78120,Baden-Württemberg,Baden-Württemberg,9.35
78126,Baden-Württemberg,Baden-Württemberg,9.35
78132,Baden-Württemberg,Baden-Württemberg,9.35
78136,Baden-Württemberg,Baden-Württemberg,9.35
78141,Baden-Württemberg,Baden-Württemberg,9.35
78144,Baden-Württemberg,Baden-Württemberg,9.35
78147,Baden-Württemberg,Baden-Württemberg,9.35
78148,Baden-Württemberg,Baden-Württemberg,9.35
78166,Baden-Württemberg,Baden-Württemberg,9.35
78176,Baden-Württemberg,Baden-Württemberg,9.35
78183,Baden-Württemberg,Baden-Württemberg,9.35
78187,Baden-Württemberg,Baden-Württemberg,9.35
78194,Baden-Württemberg,Baden-Württemberg,9.35
78199,Baden-Württemberg,Baden-Württemberg,9.35
78221,Baden-Württemberg,Baden-Württemberg,9.35
78224,Baden-Württemberg,Baden-Württemberg,9.35
78234,Baden-Württemberg,Baden-Württemberg,9.35
78239,Baden-Württemberg,Baden-Württemberg,9.35
78244,Baden-Württemberg,Baden-Württemberg,9.35
78247,Baden-Württemberg,Baden-Württemberg,9.35
78250,Baden-Württemberg,Baden-Württemberg,9.35
78253,Baden-Württemberg,Baden-Württemberg,9.35
78256,Baden-Württemberg,Baden-Württemberg,9.35
78259,Baden-Württemberg,Baden-Württemberg,9.35
78262,Baden-Württemberg,Baden-Württemberg,9.35
78266,Baden-Württemberg,Baden-Württemberg,9.35
78267,Baden-Württemberg,Baden-Württemberg,9.35
78269,Baden-Württemberg,Baden-Württemberg,9.35
78315,Baden-Württemberg,Baden-Württemberg,9.35
78333,Baden-Württemberg,Baden-Württemberg,9.35
78337,Baden-Württemberg,Baden-Württemberg,9.35
78343,Baden-Württemberg,Baden-Württemberg,9.35
78345,Baden-Württemberg,Baden-Württemberg,9.35
78351,Baden-Württemberg,Baden-Württemberg,9.35
78354,Baden-Württemberg,Baden-Württemberg,9.35
78355,Baden-Württemberg,Baden-Württemberg,9.35
78357,Baden-Württemberg,Baden-Württemberg,9.35
78359,Baden-Württemberg,Baden-Württemberg,9.35
78454,Baden-Württemberg,Baden-Württemberg,9.35
78455,Baden-Württemberg,Baden-Württemberg,9.35
78457,Baden-Württemberg,Baden-Württemberg,9.35
78458,Bavaria,Bayern,8.855
78459,Baden-Württemberg,Baden-Württemberg,9.35
78461,Baden-Württemberg,Baden-Württemberg,9.35
78462,Baden-Württemberg,Baden-Württemberg,9.35
78464,Baden-Württemberg,Baden-Württemberg,9.35
78465,Baden-Württemberg,Baden-Württemberg,9.35
78467,Baden-Württemberg,Baden-Württemberg,9.35
78476,Baden-Württemberg,Baden-Württemberg,9.35
78479,Baden-Württemberg,Baden-Württemberg,9.35
78532,Baden-Württemberg,Baden-Württemberg,9.35
78549,Baden-Württemberg,Baden-Württemberg,9.35
78554,Baden-Württemberg,Baden-Württemberg,9.35
78559,Baden-Württemberg,Baden-Württemberg,9.35
78564,Baden-Württemberg,Baden-Württemberg,9.35
78567,Baden-Württemberg,Baden-Württemberg,9.35
78570,Baden-Württemberg,Baden-Württemberg,9.35
78573,Baden-Württemberg,Baden-Württemberg,9.35
78576,Baden-Württemberg,Baden-Württemberg,9.35
78579,Baden-Württemberg,Baden-Württemberg,9.35
78580,Baden-Württemberg,Baden-Württemberg,9.35
78582,Baden-Württemberg,Baden-Württemberg,9.35
78583,Baden-Württemberg,Baden-Württemberg,9.35
78585,Baden-Württemberg,Baden-Württemberg,9.35
78586,Baden-Württemberg,Baden-Württemberg,9.35
78588,Baden-Württemberg,Baden-Württemberg,9.35
78589,Baden-Württemberg,Baden-Württemberg,9.35
78591,Baden-Württemberg,Baden-Württemberg,9.35
78592,Baden-Württemberg,Baden-Württemberg,9.35
78594,Baden-Württemberg,Baden-Württemberg,9.35
78595,Baden-Württemberg,Baden-Württemberg,9.35
78597,Baden-Württemberg,Baden-Württemberg,9.35
78598,Baden-Württemberg,Baden-Württemberg,9.35
78600,Baden-Württemberg,Baden-Württemberg,9.35
78601,Baden-Württemberg,Baden-Württemberg,9.35
78603,Baden-Württemberg,Baden-Württemberg,9.35
78604,Baden-Württemberg,Baden-Württemberg,9.35
78606,Baden-Württemberg,Baden-Württemberg,9.35
78607,Baden-Württemberg,Baden-Württemberg,9.35
78609,Baden-Württemberg,Baden-Württemberg,9.35
78628,Baden-Württemberg,Baden-Württemberg,9.35
78647,Baden-Württemberg,Baden-Württemberg,9.35
78652,Baden-Württemberg,Baden-Württemberg,9.35
78655,Baden-Württemberg,Baden-Württemberg,9.35
78658,Baden-Württemberg,Baden-Württemberg,9.35
78661,Baden-Württemberg,Baden-Württemberg,9.35
78662,Baden-Württemberg,Baden-Württemberg,9.35
78664,Baden-Württemberg,Baden-Württemberg,9.35
78665,Baden-Württemberg,Baden-Württemberg,9.35
78667,Baden-Württemberg,Baden-Württemberg,9.35
78669,Baden-Württemberg,Baden-Württemberg,9.35
78711,Baden-Württemberg,Baden-Württemberg,9.35
78713,Baden-Württemberg,Baden-Württemberg,9.35
78727,Baden-Württemberg,Baden-Württemberg,9.35
78730,Baden-Württemberg,Baden-Württemberg,9.35
78733,Baden-Württemberg,Baden-Württemberg,9.35
78736,Baden-Württemberg,Baden-Württemberg,9.35
78737,Baden-Württemberg,Baden-Württemberg,9.35
78739,Baden-Württemberg,Baden-Württemberg,9.35
79071,Baden-Württemberg,Baden-Württemberg,9.35
79073,Baden-Württemberg,Baden-Württemberg,9.35
79077,Baden-Württemberg,Baden-Württemberg,9.35
79078,Baden-Württemberg,Baden-Württemberg,9.35
79079,Baden-Württemberg,Baden-Württemberg,9.35
79080,Baden-Württemberg,Baden-Württemberg,9.35
79081,Baden-Württemberg,Baden-Württemberg,9.35
79083,Baden-Württemberg,Baden-Württemberg,9.35
79084,Baden-Württemberg,Baden-Württemberg,9.35
79086,Baden-Württemberg,Baden-Württemberg,9.35
79088,Baden-Württemberg,Baden-Württemberg,9.35
79090,Baden-Württemberg,Baden-Württemberg,9.35
79091,Baden-Württemberg,Baden-Württemberg,9.35
79093,Baden-Württemberg,Baden-Württemberg,9.35
79094,Baden-Württemberg,Baden-Württemberg,9.35
79095,Baden-Württemberg,Baden-Württemberg,9.35
79098,Baden-Württemberg,Baden-Württemberg,9.35
79100,Baden-Württemberg,Baden-Württemberg,9.35
79102,Baden-Württemberg,Baden-Württemberg,9.35
79104,Baden-Württemberg,Baden-Württemberg,9.35
79106,Baden-Württemberg,Baden-Württemberg,9.35
79108,Baden-Württemberg,Baden-Württemberg,9.35
79110,Baden-Württemberg,Baden-Württemberg,9.35
79111,Baden-Württemberg,Baden-Württemberg,9.35
79112,Baden-Württemberg,Baden-Württemberg,9.35
79114,Baden-Württemberg,Baden-Württemberg,9.35
79115,Baden-Württemberg,Baden-Württemberg,9.35
79117,Baden-Württemberg,Baden-Württemberg,9.35
79138,Baden-Württemberg,Baden-Württemberg,9.35
79139,Baden-Württemberg,Baden-Württemberg,9.35
79140,Baden-Württemberg,Baden-Württemberg,9.35
79183,Baden-Württemberg,Baden-Württemberg,9.35
79188,Baden-Württemberg,Baden-Württemberg,9.35
79189,Baden-Württemberg,Baden-Württemberg,9.35
79194,Baden-Württemberg,Baden-Württemberg,9.35
79199,Baden-Württemberg,Baden-Württemberg,9.35
79206,Baden-Württemberg,Baden-Württemberg,9.35
79211,Baden-Württemberg,Baden-Württemberg,9.35
79215,Baden-Württemberg,Baden-Württemberg,9.35
79219,Baden-Württemberg,Baden-Württemberg,9.35
79224,Baden-Württemberg,Baden-Württemberg,9.35
79227,Baden-Württemberg,Baden-Württemberg,9.35
79232,Baden-Württemberg,Baden-Württemberg,9.35
79235,Baden-Württemberg,Baden-Württemberg,9.35
79238,Baden-Württemberg,Baden-Württemberg,9.35
79241,Baden-Württemberg,Baden-Württemberg,9.35
79244,Baden-Württemberg,Baden-Württemberg,9.35
79249,Baden-Württemberg,Baden-Württemberg,9.35
79252,Baden-Württemberg,Baden-Württemberg,9.35
79254,Baden-Württemberg,Baden-Württemberg,9.35
79256,Baden-Württemberg,Baden-Württemberg,9.35
79258,Baden-Württemberg,Baden-Württemberg,9.35
79261,Baden-Württemberg,Baden-Württemberg,9.35
79263,Baden-Württemberg,Baden-Württemberg,9.35
79268,Baden-Württemberg,Baden-Württemberg,9.35
79271,Baden-Württemberg,Baden-Württemberg,9.35
79274,Baden-Württemberg,Baden-Württemberg,9.35
79276,Baden-Württemberg,Baden-Württemberg,9.35
79279,Baden-Württemberg,Baden-Württemberg,9.35
79280,Baden-Württemberg,Baden-Württemberg,9.35
79282,Baden-Württemberg,Baden-Württemberg,9.35
79283,Baden-Württemberg,Baden-Württemberg,9.35
79285,Baden-Württemberg,Baden-Württemberg,9.35
79286,Baden-Württemberg,Baden-Württemberg,9.35
79288,Baden-Württemberg,Baden-Württemberg,9.35
79289,Baden-Württemberg,Baden-Württemberg,9.35
79291,Baden-Württemberg,Baden-Württemberg,9.35
79292,Baden-Württemberg,Baden-Württemberg,9.35
79294,Baden-Württemberg,Baden-Württemberg,9.35
79295,Baden-Württemberg,Baden-Württemberg,9.35
79297,Baden-Württemberg,Baden-Württemberg,9.35
79299,Baden-Württemberg,Baden-Württemberg,9.35
79310,Baden-Württemberg,Baden-Württemberg,9.35
79312,Baden-Württemberg,Baden-Württemberg,9.35
79330,Baden-Württemberg,Baden-Württemberg,9.35
79331,Baden-Württemberg,Baden-Württemberg,9.35
79336,Baden-Württemberg,Baden-Württemberg,9.35
79341,Baden-Württemberg,Baden-Württemberg,9.35
79346,Baden-Württemberg,Baden-Württemberg,9.35
79348,Baden-Württemberg,Baden-Württemberg,9.35
79350,Baden-Württemberg,Baden-Württemberg,9.35
79353,Baden-Württemberg,Baden-Württemberg,9.35
79356,Baden-Württemberg,Baden-Württemberg,9.35
79359,Baden-Württemberg,Baden-Württemberg,9.35
79361,Baden-Württemberg,Baden-Württemberg,9.35
79362,Baden-Württemberg,Baden-Württemberg,9.35
79364,Baden-Württemberg,Baden-Württemberg,9.35
79365,Baden-Württemberg,Baden-Württemberg,9.35
79367,Baden-Württemberg,Baden-Württemberg,9.35
79369,Baden-Württemberg,Baden-Württemberg,9.35
79379,Baden-Württemberg,Baden-Württemberg,9.35
79395,Baden-Württemberg,Baden-Württemberg,9.35
79400,Baden-Württemberg,Baden-Württemberg,9.35
79410,Baden-Württemberg,Baden-Württemberg,9.35
79415,Baden-Württemberg,Baden-Württemberg,9.35
79418,Baden-Württemberg,Baden-Württemberg,9.35
79423,Baden-Württemberg,Baden-Württemberg,9.35
79424,Baden-Württemberg,Baden-Württemberg,9.35
79426,Baden-Württemberg,Baden-Württemberg,9.35
79427,Baden-Württemberg,Baden-Württemberg,9.35
79429,Baden-Württemberg,Baden-Württemberg,9.35
79513,Baden-Württemberg,Baden-Württemberg,9.35
79533,Baden-Württemberg,Baden-Württemberg,9.35
79537,Baden-Württemberg,Baden-Württemberg,9.35
79539,Baden-Württemberg,Baden-Württemberg,9.35
79540,Baden-Württemberg,Baden-Württemberg,9.35
79541,Baden-Württemberg,Baden-Württemberg,9.35
79574,Baden-Württemberg,Baden-Württemberg,9.35
79576,Baden-Württemberg,Baden-Württemberg,9.35
79578,Baden-Württemberg,Baden-Württemberg,9.35
79585,Baden-Württemberg,Baden-Württemberg,9.35
79588,Baden-Württemberg,Baden-Württemberg,9.35
79589,Baden-Württemberg,Baden-Württemberg,9.35
79591,Baden-Württemberg,Baden-Württemberg,9.35
79592,Baden-Württemberg,Baden-Württemberg,9.35
79594,Baden-Württemberg,Baden-Württemberg,9.35
79595,Baden-Württemberg,Baden-Württemberg,9.35
79597,Baden-Württemberg,Baden-Württemberg,9.35
79599,Baden-Württemberg,Baden-Württemberg,9.35
79618,Baden-Württemberg,Baden-Württemberg,9.35
79639,Baden-Württemberg,Baden-Württemberg,9.35
79650,Baden-Württemberg,Baden-Württemberg,9.35
79662,Baden-Württemberg,Baden-Württemberg,9.35
79664,Baden-Württemberg,Baden-Württemberg,9.35
79669,Baden-Württemberg,Baden-Württemberg,9.35
79674,Baden-Württemberg,Baden-Württemberg,9.35
79677,Baden-Württemberg,Baden-Württemberg,9.35
79682,Baden-Württemberg,Baden-Württemberg,9.35
79683,Baden-Württemberg,Baden-Württemberg,9.35
79685,Baden-Württemberg,Baden-Württemberg,9.35
79686,Baden-Württemberg,Baden-Württemberg,9.35
79688,Baden-Württemberg,Baden-Württemberg,9.35
79689,Baden-Württemberg,Baden-Württemberg,9.35
79691,Baden-Württemberg,Baden-Württemberg,9.35
79692,Baden-Württemberg,Baden-Württemberg,9.35
79694,Baden-Württemberg,Baden-Württemberg,9.35
79695,Baden-Württemberg,Baden-Württemberg,9.35
79697,Baden-Württemberg,Baden-Württemberg,9.35
79699,Baden-Württemberg,Baden-Württemberg,9.35
79713,Baden-Württemberg,Baden-Württemberg,9.35
79725,Baden-Württemberg,Baden-Württemberg,9.35
79730,Baden-Württemberg,Baden-Württemberg,9.35
79733,Baden-Württemberg,Baden-Württemberg,9.35
79736,Baden-Württemberg,Baden-Württemberg,9.35
79737,Baden-Württemberg,Baden-Württemberg,9.35
79739,Baden-Württemberg,Baden-Württemberg,9.35
79749,Baden-Württemberg,Baden-Württemberg,9.35
79761,Baden-Württemberg,Baden-Württemberg,9.35
79771,Baden-Württemberg,Baden-Württemberg,9.35
79774,Baden-Württemberg,Baden-Württemberg,9.35
79777,Baden-Württemberg,Baden-Württemberg,9.35
79780,Baden-Württemberg,Baden-Württemberg,9.35
79787,Baden-Württemberg,Baden-Württemberg,9.35
79790,Baden-Württemberg,Baden-Württemberg,9.35
79793,Baden-Württemberg,Baden-Württemberg,9.35
79798,Baden-Württemberg,Baden-Württemberg,9.35
79801,Baden-Württemberg,Baden-Württemberg,9.35
79802,Baden-Württemberg,Baden-Württemberg,9.35
79804,Baden-Württemberg,Baden-Württemberg,9.35
79805,Baden-Württemberg,Baden-Württemberg,9.35
79807,Baden-Württemberg,Baden-Württemberg,9.35
79809,Baden-Württemberg,Baden-Württemberg,9.35
79821,Baden-Württemberg,Baden-Württemberg,9.35
79822,Baden-Württemberg,Baden-Württemberg,9.35
79837,Baden-Württemberg,Baden-Württemberg,9.35
79843,Baden-Württemberg,Baden-Württemberg,9.35
79848,Baden-Württemberg,Baden-Württemberg,9.35
79853,Baden-Württemberg,Baden-Württemberg,9.35
79856,Baden-Württemberg,Baden-Württemberg,9.35
79859,Baden-Württemberg,Baden-Württemberg,9.35
79862,Baden-Württemberg,Baden-Württemberg,9.35
79865,Baden-Württemberg,Baden-Württemberg,9.35
79868,Baden-Württemberg,Baden-Württemberg,9.35
79871,Baden-Württemberg,Baden-Württemberg,9.35
79872,Baden-Württemberg,Baden-Württemberg,9.35
79874,Baden-Württemberg,Baden-Württemberg,9.35
79875,Baden-Württemberg,Baden-Württemberg,9.35
79877,Baden-Württemberg,Baden-Württemberg,9.35
79879,Baden-Württemberg,Baden-Württemberg,9.35
80097,Bavaria,Bayern,8.855
80200,Bavaria,Bayern,8.855
80217,Bavaria,Bayern,8.855
80218,Bavaria,Bayern,8.855
80219,Bavaria,Bayern,8.855
80221,Bavaria,Bayern,8.855
80222,Bavaria,Bayern,8.855
80240,Bavaria,Bayern,8.855
80248,Bavaria,Bayern,8.855
80249,Bavaria,Bayern,8.855
80250,Bavaria,Bayern,8.855
80251,Bavaria,Bayern,8.855
80258,Bavaria,Bayern,8.855
80259,Bavaria,Bayern,8.855
80260,Bavaria,Bayern,8.855
80263,Bavaria,Bayern,8.855
80264,Bavaria,Bayern,8.855
80266,Bavaria,Bayern,8.855
80267,Bavaria,Bayern,8.855
80268,Bavaria,Bayern,8.855
80269,Bavaria,Bayern,8.855
80270,Bavaria,Bayern,8.855
80271,Bavaria,Bayern,8.855
80272,Bavaria,Bayern,8.855
80273,Bavaria,Bayern,8.855
80275,Bavaria,Bayern,8.855
80276,Bavaria,Bayern,8.855
80277,Bavaria,Bayern,8.855
80278,Bavaria,Bayern,8.855
80279,Bavaria,Bayern,8.855
80280,Bavaria,Bayern,8.855
80281,Bavaria,Bayern,8.855
80282,Bavaria,Bayern,8.855
80283,Bavaria,Bayern,8.855
80285,Bavaria,Bayern,8.855
80287,Bavaria,Bayern,8.855
80289,Bavaria,Bayern,8.855
80290,Bavaria,Bayern,8.855
80291,Bavaria,Bayern,8.855
80292,Bavaria,Bayern,8.855
80294,Bavaria,Bayern,8.855
80295,Bavaria,Bayern,8.855
80297,Bavaria,Bayern,8.855
80298,Bavaria,Bayern,8.855
80300,Bavaria,Bayern,8.855
80301,Bavaria,Bayern,8.855
80302,Bavaria,Bayern,8.855
80303,Bavaria,Bayern,8.855
80304,Bavaria,Bayern,8.855
80306,Bavaria,Bayern,8.855
80308,Bavaria,Bayern,8.855
80309,Bavaria,Bayern,8.855
80310,Bavaria,Bayern,8.855
80311,Bavaria,Bayern,8.855
80313,Bavaria,Bayern,8.855
80314,Bavaria,Bayern,8.855
80315,Bavaria,Bayern,8.855
80316,Bavaria,Bayern,8.855
80317,Bavaria,Bayern,8.855
80318,Bavaria,Bayern,8.855
80319,Bavaria,Bayern,8.855
80320,Bavaria,Bayern,8.855
80322,Bavaria,Bayern,8.855
80323,Bavaria,Bayern,8.855
80324,Bavaria,Bayern,8.855
80325,Bavaria,Bayern,8.855
80326,Bavaria,Bayern,8.855
80327,Bavaria,Bayern,8.855
80328,Bavaria,Bayern,8.855
80329,Bavaria,Bayern,8.855
80331,Bayern,Bayern,8.855
80333,Bayern,Bayern,8.855
80335,Bayern,Bayern,8.855
80336,Bayern,Bayern,8.855
80337,Bayern,Bayern,8.855
80339,Bayern,Bayern,8.855
80340,Bavaria,Bayern,8.855
80466,Bavaria,Bayern,8.855
80469,Bayern,Bayern,8.855
80524,Bavaria,Bayern,8.855
80525,Bavaria,Bayern,8.855
80530,Bavaria,Bayern,8.855
80534,Bavaria,Bayern,8.855
80535,Bavaria,Bayern,8.855
80538,Bayern,Bayern,8.855
80539,Bayern,Bayern,8.855
80632,Bavaria,Bayern,8.855
80634,Bayern,Bayern,8.855
80636,Bayern,Bayern,8.855
80637,Bayern,Bayern,8.855
80638,Bayern,Bayern,8.855
80639,Bayern,Bayern,8.855
80682,Bavaria,Bayern,8.855
80684,Bavaria,Bayern,8.855
80686,Bayern,Bayern,8.855
80687,Bayern,Bayern,8.855
80689,Bayern,Bayern,8.855
80700,Bavaria,Bayern,8.855
80786,Bavaria,Bayern,8.855
80787,Bavaria,Bayern,8.855
80788,Bavaria,Bayern,8.855
80789,Bavaria,Bayern,8.855
80790,Bavaria,Bayern,8.855
80791,Bavaria,Bayern,8.855
80792,Bavaria,Bayern,8.855
80794,Bavaria,Bayern,8.855
80796,Bayern,Bayern,8.855
80797,Bayern,Bayern,8.855
80798,Bayern,Bayern,8.855
80799,Bayern,Bayern,8.855
80801,Bayern,Bayern,8.855
80802,Bayern,Bayern,8.855
80803,Bayern,Bayern,8.855
80804,Bayern,Bayern,8.855
80805,Bayern,Bayern,8.855
80807,Bayern,Bayern,8.855
80809,Bayern,Bayern,8.855
80920,Bavaria,Bayern,8.855
80931,Bavaria,Bayern,8.855
80933,Bayern,Bayern,8.855
80935,Bayern,Bayern,8.855
80937,Bayern,Bayern,8.855
80939,Bayern,Bayern,8.855
80991,Bavaria,Bayern,8.855
80992,Bayern,Bayern,8.855
80993,Bayern,Bayern,8.855
80995,Bayern,Bayern,8.855
80997,Bayern,Bayern,8.855
80999,Bayern,Bayern,8.855
81236,Bavaria,Bayern,8.855
81237,Bavaria,Bayern,8.855
81238,Bavaria,Bayern,8.855
81241,Bayern,Bayern,8.855
81243,Bayern,Bayern,8.855
81245,Bayern,Bayern,8.855
81247,Bayern,Bayern,8.855
81248,Bayern,Bayern,8.855
81249,Bayern,Bayern,8.855
81340,Bavaria,Bayern,8.855
81350,Bavaria,Bayern,8.855
81355,Bavaria,Bayern,8.855
81356,Bavaria,Bayern,8.855
81357,Bavaria,Bayern,8.855
81358,Bavaria,Bayern,8.855
81359,Bavaria,Bayern,8.855
81360,Bavaria,Bayern,8.855
81362,Bavaria,Bayern,8.855
81363,Bavaria,Bayern,8.855
81364,Bavaria,Bayern,8.855
81365,Bavaria,Bayern,8.855
81366,Bavaria,Bayern,8.855
81367,Bavaria,Bayern,8.855
81369,Bayern,Bayern,8.855
81371,Bayern,Bayern,8.855
81373,Bayern,Bayern,8.855
81375,Bayern,Bayern,8.855
81377,Bayern,Bayern,8.855
81379,Bayern,Bayern,8.855
81475,Bayern,Bayern,8.855
81476,Bayern,Bayern,8.855
81477,Bayern,Bayern,8.855
81479,Bayern,Bayern,8.855
81531,Bavaria,Bayern,8.855
81533,Bavaria,Bayern,8.855
81534,Bavaria,Bayern,8.855
81535,Bavaria,Bayern,8.855
81536,Bavaria,Bayern,8.855
81537,Bavaria,Bayern,8.855
81539,Bayern,Bayern,8.855
81541,Bayern,Bayern,8.855
81543,Bayern,Bayern,8.855
81545,Bayern,Bayern,8.855
81547,Bayern,Bayern,8.855
81549,Bayern,Bayern,8.855
81550,Bavaria,Bayern,8.855
81627,Bavaria,Bayern,8.855
81655,Bavaria,Bayern,8.855
81658,Bavaria,Bayern,8.855
81660,Bavaria,Bayern,8.855
81662,Bavaria,Bayern,8.855
81663,Bavaria,Bayern,8.855
81664,Bavaria,Bayern,8.855
81665,Bavaria,Bayern,8.855
81667,Bayern,Bayern,8.855
81669,Bayern,Bayern,8.855
81671,Bayern,Bayern,8.855
81673,Bayern,Bayern,8.855
81675,Bayern,Bayern,8.855
81677,Bayern,Bayern,8.855
81679,Bayern,Bayern,8.855
81713,Bavaria,Bayern,8.855
81716,Bavaria,Bayern,8.855
81718,Bavaria,Bayern,8.855
81723,Bavaria,Bayern,8.855
81725,Bavaria,Bayern,8.855
81726,Bavaria,Bayern,8.855
81727,Bavaria,Bayern,8.855
81728,Bavaria,Bayern,8.855
81729,Bavaria,Bayern,8.855
81731,Bavaria,Bayern,8.855
81732,Bavaria,Bayern,8.855
81733,Bavaria,Bayern,8.855
81735,Bayern,Bayern,8.855
81737,Bayern,Bayern,8.855
81739,Bayern,Bayern,8.855
81823,Bavaria,Bayern,8.855
81825,Bayern,Bayern,8.855
81827,Bayern,Bayern,8.855
81829,Bayern,Bayern,8.855
81911,Bavaria,Bayern,8.855
81918,Bavaria,Bayern,8.855
81919,Bavaria,Bayern,8.855
81920,Bavaria,Bayern,8.855
81921,Bavaria,Bayern,8.855
81925,Bayern,Bayern,8.855
81927,Bayern,Bayern,8.855
81929,Bayern,Bayern,8.855
81987,Bavaria,Bayern,8.855
81988,Bavaria,Bayern,8.855
81989,Bavaria,Bayern,8.855
81995,Bavaria,Bayern,8.855
81999,Bavaria,Bayern,8.855
82008,Bayern,Bayern,8.855
82024,Bayern,Bayern,8.855
82030,Bavaria,Bayern,8.855
82031,Bayern,Bayern,8.855
82032,Bayern,Bayern,8.855
82038,Bavaria,Bayern,8.855
82039,Bavaria,Bayern,8.855
82041,Bayern,Bayern,8.855
82047,Bavaria,Bayern,8.855
82049,Bayern,Bayern,8.855
82054,Bayern,Bayern,8.855
82057,Bayern,Bayern,8.855
82061,Bayern,Bayern,8.855
82064,Bayern,Bayern,8.855
82065,Bayern,Bayern,8.855
82067,Bayern,Bayern,8.855
82069,Bayern,Bayern,8.855
82110,Bayern,Bayern,8.855
82131,Bayern,Bayern,8.855
82140,Bayern,Bayern,8.855
82152,Bayern,Bayern,8.855
82166,Bayern,Bayern,8.855
82175,Bavaria,Bayern,8.855
82178,Bayern,Bayern,8.855
82194,Bayern,Bayern,8.855
82205,Bayern,Bayern,8.855
82211,Bayern,Bayern,8.855
82216,Bayern,Bayern,8.855
82223,Bayern,Bayern,8.855
82229,Bayern,Bayern,8.855
82234,Bayern,Bayern,8.855
82237,Bayern,Bayern,8.855
82239,Bayern,Bayern,8.855
82254,Bavaria,Bayern,8.855
82256,Bayern,Bayern,8.855
82266,Bayern,Bayern,8.855
82269,Bayern,Bayern,8.855
82272,Bayern,Bayern,8.855
82275,Bayern,Bayern,8.855
82276,Bayern,Bayern,8.855
82278,Bayern,Bayern,8.855
82279,Bayern,Bayern,8.855
82281,Bayern,Bayern,8.855
82282,Bayern,Bayern,8.855
82284,Bayern,Bayern,8.855
82285,Bayern,Bayern,8.855
82287,Bayern,Bayern,8.855
82288,Bayern,Bayern,8.855
82290,Bayern,Bayern,8.855
82291,Bayern,Bayern,8.855
82293,Bayern,Bayern,8.855
82294,Bayern,Bayern,8.855
82296,Bayern,Bayern,8.855
82297,Bayern,Bayern,8.855
82299,Bayern,Bayern,8.855
82317,Bavaria,Bayern,8.855
82319,Bayern,Bayern,8.855
82322,Bavaria,Bayern,8.855
82327,Bayern,Bayern,8.855
82335,Bayern,Bayern,8.855
82340,Bayern,Bayern,8.855
82343,Bayern,Bayern,8.855
82346,Bayern,Bayern,8.855
82347,Bayern,Bayern,8.855
82349,Bayern,Bayern,8.855
82360,Bavaria,Bayern,8.855
82362,Bayern,Bayern,8.855
82363,Bavaria,Bayern,8.855
82377,Bayern,Bayern,8.855
82380,Bayern,Bayern,8.855
82383,Bayern,Bayern,8.855
82386,Bayern,Bayern,8.855
82387,Bayern,Bayern,8.855
82389,Bayern,Bayern,8.855
82390,Bayern,Bayern,8.855
82392,Bayern,Bayern,8.855
82393,Bayern,Bayern,8.855
82395,Bayern,Bayern,8.855
82396,Bayern,Bayern,8.855
82398,Bayern,Bayern,8.855
82399,Bayern,Bayern,8.855
82401,Bayern,Bayern,8.855
82402,Bayern,Bayern,8.855
82404,Bayern,Bayern,8.855
82405,Bayern,Bayern,8.855
82407,Bayern,Bayern,8.855
82409,Bayern,Bayern,8.855
82418,Bayern,Bayern,8.855
82431,Bayern,Bayern,8.855
82432,Bayern,Bayern,8.855
82433,Bayern,Bayern,8.855
82435,Bayern,Bayern,8.855
82436,Bayern,Bayern,8.855
82438,Bayern,Bayern,8.855
82439,Bayern,Bayern,8.855
82441,Bayern,Bayern,8.855
82442,Bayern,Bayern,8.855
82444,Bayern,Bayern,8.855
82445,Bayern,Bayern,8.855
82447,Bayern,Bayern,8.855
82449,Bayern,Bayern,8.855
82467,Bayern,Bayern,8.855
82475,Bavaria,Bayern,8.855
82481,Bayern,Bayern,8.855
82487,Bayern,Bayern,8.855
82488,Bayern,Bayern,8.855
82490,Bayern,Bayern,8.855
82491,Bayern,Bayern,8.855
82493,Bayern,Bayern,8.855
82494,Bayern,Bayern,8.855
82496,Bayern,Bayern,8.855
82497,Bayern,Bayern,8.855
82499,Bayern,Bayern,8.855
82515,Bayern,Bayern,8.855
82538,Bayern,Bayern,8.855
82541,Bayern,Bayern,8.855
82544,Bayern,Bayern,8.855
82547,Bayern,Bayern,8.855
82549,Bayern,Bayern,8.855
83018,Bavaria,Bayern,8.855
83019,Bavaria,Bayern,8.855
83022,Bayern,Bayern,8.855
83024,Bayern,Bayern,8.855
83026,Bayern,Bayern,8.855
83034,Bavaria,Bayern,8.855
83043,Bayern,Bayern,8.855
83052,Bayern,Bayern,8.855
83059,Bayern,Bayern,8.855
83064,Bayern,Bayern,8.855
83071,Bayern,Bayern,8.855
83075,Bayern,Bayern,8.855
83080,Bayern,Bayern,8.855
83083,Bayern,Bayern,8.855
83088,Bayern,Bayern,8.855
83093,Bayern,Bayern,8.855
83098,Bayern,Bayern,8.855
83101,Bayern,Bayern,8.855
83104,Bayern,Bayern,8.855
83109,Bayern,Bayern,8.855
83112,Bayern,Bayern,8.855
83115,Bayern,Bayern,8.855
83119,Bayern,Bayern,8.855
83122,Bayern,Bayern,8.855
83123,Bayern,Bayern,8.855
83125,Bayern,Bayern,8.855
83126,Bayern,Bayern,8.855
83128,Bayern,Bayern,8.855
83129,Bayern,Bayern,8.855
83131,Bayern,Bayern,8.855
83132,Bayern,Bayern,8.855
83134,Bayern,Bayern,8.855
83135,Bayern,Bayern,8.855
83137,Bayern,Bayern,8.855
83139,Bayern,Bayern,8.855
83209,Bayern,Bayern,8.855
83224,Bayern,Bayern,8.855
83228,Bavaria,Bayern,8.855
83229,Bayern,Bayern,8.855
83233,Bayern,Bayern,8.855
83236,Bayern,Bayern,8.855
83242,Bayern,Bayern,8.855
83246,Bayern,Bayern,8.855
83250,Bayern,Bayern,8.855
83253,Bayern,Bayern,8.855
83254,Bayern,Bayern,8.855
83256,Bayern,Bayern,8.855
83257,Bayern,Bayern,8.855
83259,Bayern,Bayern,8.855
83274,Bavaria,Bayern,8.855
83276,Bavaria,Bayern,8.855
83278,Bayern,Bayern,8.855
83301,Bayern,Bayern,8.855
83308,Bayern,Bayern,8.855
83313,Bayern,Bayern,8.855
83317,Bayern,Bayern,8.855
83324,Bayern,Bayern,8.855
83329,Bayern,Bayern,8.855
83334,Bayern,Bayern,8.855
83339,Bayern,Bayern,8.855
83342,Bayern,Bayern,8.855
83344,Bayern,Bayern,8.855
83346,Bayern,Bayern,8.855
83349,Bayern,Bayern,8.855
83352,Bayern,Bayern,8.855
83355,Bayern,Bayern,8.855
83358,Bayern,Bayern,8.855
83359,Bayern,Bayern,8.855
83361,Bayern,Bayern,8.855
83362,Bayern,Bayern,8.855
83364,Bayern,Bayern,8.855
83365,Bayern,Bayern,8.855
83367,Bayern,Bayern,8.855
83368,Bayern,Bayern,8.855
83370,Bayern,Bayern,8.855
83371,Bayern,Bayern,8.855
83373,Bayern,Bayern,8.855
83374,Bayern,Bayern,8.855
83376,Bayern,Bayern,8.855
83377,Bayern,Bayern,8.855
83379,Bayern,Bayern,8.855
83394,Bavaria,Bayern,8.855
83395,Bayern,Bayern,8.855
83404,Bayern,Bayern,8.855
83410,Bayern,Bayern,8.855
83413,Bayern,Bayern,8.855
83416,Bayern,Bayern,8.855
83417,Bayern,Bayern,8.855
83435,Bayern,Bayern,8.855
83451,Bayern,Bayern,8.855
83454,Bayern,Bayern,8.855
83457,Bayern,Bayern,8.855
83458,Bayern,Bayern,8.855
83471,Bayern,Bayern,8.855
83483,Bayern,Bayern,8.855
83486,Bayern,Bayern,8.855
83487,Bayern,Bayern,8.855
83489,Bayern,Bayern,8.855
83508,Bavaria,Bayern,8.855
83512,Bayern,Bayern,8.855
83527,Bayern,Bayern,8.855
83530,Bayern,Bayern,8.855
83533,Bayern,Bayern,8.855
83536,Bayern,Bayern,8.855
83539,Bayern,Bayern,8.855
83543,Bayern,Bayern,8.855
83544,Bayern,Bayern,8.855
83546,Bayern,Bayern,8.855
83547,Bayern,Bayern,8.855
83549,Bayern,Bayern,8.855
83550,Bayern,Bayern,8.855
83552,Bayern,Bayern,8.855
83553,Bayern,Bayern,8.855
83555,Bayern,Bayern,8.855
83556,Bayern,Bayern,8.855
83558,Bayern,Bayern,8.855
83559,Bayern,Bayern,8.855
83561,Bayern,Bayern,8.855
83562,Bayern,Bayern,8.855
83564,Bayern,Bayern,8.855
83565,Bayern,Bayern,8.855
83567,Bayern,Bayern,8.855
83569,Bayern,Bayern,8.855
83607,Bayern,Bayern,8.855
83620,Bayern,Bayern,8.855
83623,Bayern,Bayern,8.855
83624,Bayern,Bayern,8.855
83626,Bayern,Bayern,8.855
83627,Bayern,Bayern,8.855
83629,Bayern,Bayern,8.855
83646,Bayern,Bayern,8.855
83661,Bayern,Bayern,8.855
83666,Bayern,Bayern,8.855
83670,Bayern,Bayern,8.855
83671,Bayern,Bayern,8.855
83673,Bayern,Bayern,8.855
83674,Bayern,Bayern,8.855
83676,Bayern,Bayern,8.855
83677,Bayern,Bayern,8.855
83679,Bayern,Bayern,8.855
83684,Bayern,Bayern,8.855
83700,Bayern,Bayern,8.855
83703,Bayern,Bayern,8.855
83707,Bayern,Bayern,8.855
83708,Bayern,Bayern,8.855
83714,Bayern,Bayern,8.855
83727,Bayern,Bayern,8.855
83730,Bayern,Bayern,8.855
83734,Bayern,Bayern,8.855
83735,Bayern,Bayern,8.855
83737,Bayern,Bayern,8.855
83739,Bayern,Bayern,8.855
84018,Bavaria,Bayern,8.855
84022,Bavaria,Bayern,8.855
84023,Bavaria,Bayern,8.855
84024,Bavaria,Bayern,8.855
84026,Bavaria,Bayern,8.855
84028,Bayern,Bayern,8.855
84030,Bayern,Bayern,8.855
84032,Bayern,Bayern,8.855
84034,Bayern,Bayern,8.855
84036,Bayern,Bayern,8.855
84048,Bayern,Bayern,8.855
84051,Bayern,Bayern,8.855
84056,Bayern,Bayern,8.855
84061,Bayern,Bayern,8.855
84066,Bayern,Bayern,8.855
84069,Bayern,Bayern,8.855
84072,Bayern,Bayern,8.855
84076,Bayern,Bayern,8.855
84079,Bayern,Bayern,8.855
84082,Bayern,Bayern,8.855
84085,Bayern,Bayern,8.855
84088,Bayern,Bayern,8.855
84089,Bayern,Bayern,8.855
84091,Bayern,Bayern,8.855
84092,Bayern,Bayern,8.855
84094,Bayern,Bayern,8.855
84095,Bayern,Bayern,8.855
84097,Bayern,Bayern,8.855
84098,Bayern,Bayern,8.855
84100,Bayern,Bayern,8.855
84101,Bayern,Bayern,8.855
84103,Bayern,Bayern,8.855
84104,Bayern,Bayern,8.855
84106,Bayern,Bayern,8.855
84107,Bayern,Bayern,8.855
84109,Bayern,Bayern,8.855
84130,Bayern,Bayern,8.855
84137,Bayern,Bayern,8.855
84140,Bayern,Bayern,8.855
84144,Bayern,Bayern,8.855
84149,Bayern,Bayern,8.855
84152,Bayern,Bayern,8.855
84155,Bayern,Bayern,8.855
84160,Bayern,Bayern,8.855
84162,Bavaria,Bayern,8.855
84163,Bayern,Bayern,8.855
84164,Bayern,Bayern,8.855
84166,Bayern,Bayern,8.855
84168,Bayern,Bayern,8.855
84169,Bayern,Bayern,8.855
84171,Bayern,Bayern,8.855
84172,Bayern,Bayern,8.855
84174,Bayern,Bayern,8.855
84175,Bayern,Bayern,8.855
84177,Bayern,Bayern,8.855
84178,Bayern,Bayern,8.855
84180,Bayern,Bayern,8.855
84181,Bayern,Bayern,8.855
84183,Bayern,Bayern,8.855
84184,Bayern,Bayern,8.855
84186,Bayern,Bayern,8.855
84187,Bayern,Bayern,8.855
84189,Bayern,Bayern,8.855
84307,Bayern,Bayern,8.855
84323,Bayern,Bayern,8.855
84326,Bayern,Bayern,8.855
84329,Bayern,Bayern,8.855
84332,Bayern,Bayern,8.855
84333,Bayern,Bayern,8.855
84335,Bayern,Bayern,8.855
84337,Bayern,Bayern,8.855
84339,Bayern,Bayern,8.855
84347,Bayern,Bayern,8.855
84359,Bayern,Bayern,8.855
84364,Bayern,Bayern,8.855
84367,Bayern,Bayern,8.855
84371,Bayern,Bayern,8.855
84375,Bayern,Bayern,8.855
84378,Bayern,Bayern,8.855
84381,Bayern,Bayern,8.855
84384,Bayern,Bayern,8.855
84385,Bayern,Bayern,8.855
84387,Bayern,Bayern,8.855
84389,Bayern,Bayern,8.855
84405,Bayern,Bayern,8.855
84416,Bayern,Bayern,8.855
84419,Bayern,Bayern,8.855
84424,Bayern,Bayern,8.855
84427,Bayern,Bayern,8.855
84428,Bayern,Bayern,8.855
84431,Bayern,Bayern,8.855
84432,Bayern,Bayern,8.855
84434,Bayern,Bayern,8.855
84435,Bayern,Bayern,8.855
84437,Bayern,Bayern,8.855
84439,Bayern,Bayern,8.855
84453,Bayern,Bayern,8.855
84478,Bayern,Bayern,8.855
84489,Bayern,Bayern,8.855
84494,Bayern,Bayern,8.855
84503,Bayern,Bayern,8.855
84508,Bayern,Bayern,8.855
84513,Bayern,Bayern,8.855
84518,Bayern,Bayern,8.855
84524,Bayern,Bayern,8.855
84529,Bayern,Bayern,8.855
84533,Bayern,Bayern,8.855
84539,Bayern,Bayern,8.855
84543,Bayern,Bayern,8.855
84544,Bayern,Bayern,8.855
84546,Bayern,Bayern,8.855
84547,Bayern,Bayern,8.855
84549,Bayern,Bayern,8.855
84550,Bayern,Bayern,8.855
84552,Bayern,Bayern,8.855
84553,Bayern,Bayern,8.855
84555,Bayern,Bayern,8.855
84556,Bayern,Bayern,8.855
84558,Bayern,Bayern,8.855
84559,Bayern,Bayern,8.855
84561,Bayern,Bayern,8.855
84562,Bayern,Bayern,8.855
84564,Bayern,Bayern,8.855
84565,Bayern,Bayern,8.855
84567,Bayern,Bayern,8.855
84568,Bayern,Bayern,8.855
84570,Bayern,Bayern,8.855
84571,Bayern,Bayern,8.855
84573,Bayern,Bayern,8.855
84574,Bayern,Bayern,8.855
84576,Bayern,Bayern,8.855
84577,Bayern,Bayern,8.855
84579,Bayern,Bayern,8.855
85037,Bavaria,Bayern,8.855
85046,Bavaria,Bayern,8.855
85047,Bavaria,Bayern,8.855
85049,Bayern,Bayern,8.855
85051,Bayern,Bayern,8.855
85053,Bayern,Bayern,8.855
85055,Bayern,Bayern,8.855
85057,Bayern,Bayern,8.855
85071,Bavaria,Bayern,8.855
85072,Bayern,Bayern,8.855
85077,Bayern,Bayern,8.855
85080,Bayern,Bayern,8.855
85084,Bayern,Bayern,8.855
85088,Bayern,Bayern,8.855
85092,Bayern,Bayern,8.855
85095,Bayern,Bayern,8.855
85098,Bayern,Bayern,8.855
85101,Bayern,Bayern,8.855
85104,Bayern,Bayern,8.855
85107,Bayern,Bayern,8.855
85110,Bayern,Bayern,8.855
85111,Bayern,Bayern,8.855
85113,Bayern,Bayern,8.855
85114,Bayern,Bayern,8.855
85116,Bayern,Bayern,8.855
85117,Bayern,Bayern,8.855
85119,Bayern,Bayern,8.855
85120,Bayern,Bayern,8.855
85122,Bayern,Bayern,8.855
85123,Bayern,Bayern,8.855
85125,Bayern,Bayern,8.855
85126,Bayern,Bayern,8.855
85128,Bayern,Bayern,8.855
85129,Bayern,Bayern,8.855
85131,Bayern,Bayern,8.855
85132,Bayern,Bayern,8.855
85134,Bayern,Bayern,8.855
85135,Bayern,Bayern,8.855
85137,Bayern,Bayern,8.855
85139,Bayern,Bayern,8.855
85217,Bavaria,Bayern,8.855
85219,Bavaria,Bayern,8.855
85221,Bayern,Bayern,8.855
85229,Bayern,Bayern,8.855
85232,Bayern,Bayern,8.855
85235,Bayern,Bayern,8.855
85238,Bayern,Bayern,8.855
85241,Bayern,Bayern,8.855
85244,Bayern,Bayern,8.855
85247,Bayern,Bayern,8.855
85250,Bayern,Bayern,8.855
85253,Bayern,Bayern,8.855
85254,Bayern,Bayern,8.855
85256,Bayern,Bayern,8.855
85258,Bayern,Bayern,8.855
85259,Bayern,Bayern,8.855
85273,Bavaria,Bayern,8.855
85276,Bayern,Bayern,8.855
85283,Bayern,Bayern,8.855
85290,Bayern,Bayern,8.855
85293,Bayern,Bayern,8.855
85296,Bayern,Bayern,8.855
85298,Bayern,Bayern,8.855
85301,Bayern,Bayern,8.855
85302,Bayern,Bayern,8.855
85304,Bayern,Bayern,8.855
85305,Bayern,Bayern,8.855
85307,Bayern,Bayern,8.855
85309,Bayern,Bayern,8.855
85322,Bavaria,Bayern,8.855
85350,Bavaria,Bayern,8.855
85354,Bayern,Bayern,8.855
85356,Bayern,Bayern,8.855
85359,Bavaria,Bayern,8.855
85366,Bavaria,Bayern,8.855
85368,Bayern,Bayern,8.855
85374,Bavaria,Bayern,8.855
85375,Bayern,Bayern,8.855
85376,Bayern,Bayern,8.855
85385,Bavaria,Bayern,8.855
85386,Bayern,Bayern,8.855
85391,Bayern,Bayern,8.855
85395,Bayern,Bayern,8.855
85399,Bayern,Bayern,8.855
85402,Bayern,Bayern,8.855
85405,Bayern,Bayern,8.855
85406,Bayern,Bayern,8.855
85408,Bayern,Bayern,8.855
85410,Bayern,Bayern,8.855
85411,Bayern,Bayern,8.855
85413,Bayern,Bayern,8.855
85414,Bayern,Bayern,8.855
85416,Bayern,Bayern,8.855
85417,Bayern,Bayern,8.855
85419,Bayern,Bayern,8.855
85435,Bayern,Bayern,8.855
85445,Bayern,Bayern,8.855
85447,Bayern,Bayern,8.855
85452,Bayern,Bayern,8.855
85456,Bayern,Bayern,8.855
85457,Bayern,Bayern,8.855
85459,Bayern,Bayern,8.855
85461,Bayern,Bayern,8.855
85462,Bayern,Bayern,8.855
85464,Bayern,Bayern,8.855
85465,Bayern,Bayern,8.855
85467,Bayern,Bayern,8.855
85469,Bayern,Bayern,8.855
85521,Bayern,Bayern,8.855
85540,Bayern,Bayern,8.855
85551,Bayern,Bayern,8.855
85560,Bayern,Bayern,8.855
85567,Bayern,Bayern,8.855
85570,Bayern,Bayern,8.855
85577,Bavaria,Bayern,8.855
85579,Bayern,Bayern,8.855
85586,Bayern,Bayern,8.855
85591,Bayern,Bayern,8.855
85598,Bayern,Bayern,8.855
85599,Bayern,Bayern,8.855
85604,Bayern,Bayern,8.855
85608,Bavaria,Bayern,8.855
85609,Bayern,Bayern,8.855
85614,Bayern,Bayern,8.855
85617,Bayern,Bayern,8.855
85622,Bayern,Bayern,8.855
85625,Bayern,Bayern,8.855
85630,Bayern,Bayern,8.855
85635,Bayern,Bayern,8.855
85639,Bavaria,Bayern,8.855
85640,Bayern,Bayern,8.855
85643,Bayern,Bayern,8.855
85646,Bayern,Bayern,8.855
85649,Bayern,Bayern,8.855
85652,Bayern,Bayern,8.855
85653,Bayern,Bayern,8.855
85655,Bayern,Bayern,8.855
85656,Bayern,Bayern,8.855
85658,Bayern,Bayern,8.855
85659,Bayern,Bayern,8.855
85661,Bayern,Bayern,8.855
85662,Bayern,Bayern,8.855
85664,Bayern,Bayern,8.855
85665,Bayern,Bayern,8.855
85667,Bayern,Bayern,8.855
85669,Bayern,Bayern,8.855
85711,Bavaria,Bayern,8.855
85716,Bayern,Bayern,8.855
85736,Bavaria,Bayern,8.855
85737,Bayern,Bayern,8.855
85746,Bavaria,Bayern,8.855
85747,Bavaria,Bayern,8.855
85748,Bayern,Bayern,8.855
85757,Bayern,Bayern,8.855
85761,Bavaria,Bayern,8.855
85762,Bavaria,Bayern,8.855
85764,Bayern,Bayern,8.855
85769,Bavaria,Bayern,8.855
85770,Bavaria,Bayern,8.855
85773,Bavaria,Bayern,8.855
85774,Bayern,Bayern,8.855
85777,Bayern,Bayern,8.855
85778,Bayern,Bayern,8.855
85821,Bavaria,Bayern,8.855
86121,Bavaria,Bayern,8.855
86130,Bavaria,Bayern,8.855
86131,Bavaria,Bayern,8.855
86132,Bavaria,Bayern,8.855
86133,Bavaria,Bayern,8.855
86134,Bavaria,Bayern,8.855
86135,Baden-Württemberg,Baden-Württemberg,9.35
86136,Bavaria,Bayern,8.855
86140,Bavaria,Bayern,8.855
86141,Bavaria,Bayern,8.855
86142,Bavaria,Bayern,8.855
86143,Bavaria,Bayern,8.855
86144,Bavaria,Bayern,8.855
86145,Bavaria,Bayern,8.855
86147,Bavaria,Bayern,8.855
86150,Bayern,Bayern,8.855
86152,Bayern,Bayern,8.855
86153,Bayern,Bayern,8.855
86154,Bayern,Bayern,8.855
86156,Bayern,Bayern,8.855
86157,Bayern,Bayern,8.855
86159,Bayern,Bayern,8.855
86161,Bayern,Bayern,8.855
86163,Bayern,Bayern,8.855
86165,Bayern,Bayern,8.855
86167,Bayern,Bayern,8.855
86169,Bayern,Bayern,8.855
86177,Bavaria,Bayern,8.855
86179,Bayern,Bayern,8.855
86197,Bavaria,Bayern,8.855
86199,Bayern,Bayern,8.855
86216,Bavaria,Bayern,8.855
86218,Bavaria,Bayern,8.855
86219,Bavaria,Bayern,8.855
86220,Bavaria,Bayern,8.855
86221,Bavaria,Bayern,8.855
86222,Bavaria,Bayern,8.855
86223,Bavaria,Bayern,8.855
86225,Bavaria,Bayern,8.855
86226,Bavaria,Bayern,8.855
86313,Bavaria,Bayern,8.855
86316,Bayern,Bayern,8.855
86343,Bayern,Bayern,8.855
86356,Bayern,Bayern,8.855
86368,Bayern,Bayern,8.855
86379,Bavaria,Bayern,8.855
86381,Bayern,Bayern,8.855
86391,Bayern,Bayern,8.855
86397,Bavaria,Bayern,8.855
86399,Bayern,Bayern,8.855
86405,Bayern,Bayern,8.855
86415,Bayern,Bayern,8.855
86420,Bayern,Bayern,8.855
86424,Bayern,Bayern,8.855
86436,Bavaria,Bayern,8.855
86438,Bayern,Bayern,8.855
86441,Bayern,Bayern,8.855
86444,Bayern,Bayern,8.855
86447,Bayern,Bayern,8.855
86450,Bayern,Bayern,8.855
86453,Bayern,Bayern,8.855
86456,Bayern,Bayern,8.855
86459,Bayern,Bayern,8.855
86462,Bayern,Bayern,8.855
86465,Bayern,Bayern,8.855
86469,Bavaria,Bayern,8.855
86470,Bayern,Bayern,8.855
86473,Bayern,Bayern,8.855
86476,Bayern,Bayern,8.855
86477,Bayern,Bayern,8.855
86479,Bayern,Bayern,8.855
86480,Bayern,Bayern,8.855
86482,Bayern,Bayern,8.855
86483,Bayern,Bayern,8.855
86485,Bayern,Bayern,8.855
86486,Bayern,Bayern,8.855
86488,Bayern,Bayern,8.855
86489,Bayern,Bayern,8.855
86491,Bayern,Bayern,8.855
86492,Bayern,Bayern,8.855
86494,Bayern,Bayern,8.855
86495,Bayern,Bayern,8.855
86497,Bayern,Bayern,8.855
86498,Bayern,Bayern,8.855
86500,Bayern,Bayern,8.855
86502,Bayern,Bayern,8.855
86504,Bayern,Bayern,8.855
86505,Bayern,Bayern,8.855
86507,Bayern,Bayern,8.855
86508,Bayern,Bayern,8.855
86510,Bayern,Bayern,8.855
86511,Bayern,Bayern,8.855
86513,Bayern,Bayern,8.855
86514,Bayern,Bayern,8.855
86517,Bayern,Bayern,8.855
86519,Bayern,Bayern,8.855
86529,Bayern,Bayern,8.855
86551,Bayern,Bayern,8.855
86554,Bayern,Bayern,8.855
86556,Bayern,Bayern,8.855
86558,Bayern,Bayern,8.855
86559,Bayern,Bayern,8.855
86561,Bayern,Bayern,8.855
86562,Bayern,Bayern,8.855
86564,Bayern,Bayern,8.855
86565,Bayern,Bayern,8.855
86567,Bayern,Bayern,8.855
86568,Bayern,Bayern,8.855
86570,Bayern,Bayern,8.855
86571,Bayern,Bayern,8.855
86573,Bayern,Bayern,8.855
86574,Bayern,Bayern,8.855
86576,Bayern,Bayern,8.855
86577,Bayern,Bayern,8.855
86579,Bayern,Bayern,8.855
86606,Bavaria,Bayern,8.855
86607,Bavaria,Bayern,8.855
86609,Bayern,Bayern,8.855
86633,Bayern,Bayern,8.855
86637,Bayern,Bayern,8.855
86640,Bavaria,Bayern,8.855
86641,Bayern,Bayern,8.855
86643,Bayern,Bayern,8.855
86646,Bavaria,Bayern,8.855
86647,Bayern,Bayern,8.855
86650,Bayern,Bayern,8.855
86652,Bavaria,Bayern,8.855
86653,Bayern,Bayern,8.855
86655,Bayern,Bayern,8.855
86657,Bayern,Bayern,8.855
86660,Bayern,Bayern,8.855
86663,Bayern,Bayern,8.855
86666,Bayern,Bayern,8.855
86668,Bayern,Bayern,8.855
86669,Bayern,Bayern,8.855
86672,Bayern,Bayern,8.855
86673,Bayern,Bayern,8.855
86674,Bayern,Bayern,8.855
86675,Bayern,Bayern,8.855
86676,Bayern,Bayern,8.855
86678,Bayern,Bayern,8.855
86679,Bayern,Bayern,8.855
86681,Bayern,Bayern,8.855
86682,Bayern,Bayern,8.855
86684,Bayern,Bayern,8.855
86685,Bayern,Bayern,8.855
86687,Bayern,Bayern,8.855
86688,Bayern,Bayern,8.855
86690,Bayern,Bayern,8.855
86692,Bayern,Bayern,8.855
86694,Bayern,Bayern,8.855
86695,Bayern,Bayern,8.855
86697,Bayern,Bayern,8.855
86698,Bayern,Bayern,8.855
86700,Bayern,Bayern,8.855
86701,Bayern,Bayern,8.855
86703,Bayern,Bayern,8.855
86704,Bayern,Bayern,8.855
86706,Bayern,Bayern,8.855
86707,Bayern,Bayern,8.855
86709,Bayern,Bayern,8.855
86720,Bayern,Bayern,8.855
86732,Bayern,Bayern,8.855
86733,Bayern,Bayern,8.855
86735,Bayern,Bayern,8.855
86736,Bayern,Bayern,8.855
86738,Bayern,Bayern,8.855
86739,Bayern,Bayern,8.855
86741,Bayern,Bayern,8.855
86742,Bayern,Bayern,8.855
86744,Bayern,Bayern,8.855
86745,Bayern,Bayern,8.855
86747,Bayern,Bayern,8.855
86748,Bayern,Bayern,8.855
86750,Bayern,Bayern,8.855
86751,Bayern,Bayern,8.855
86753,Bayern,Bayern,8.855
86754,Bayern,Bayern,8.855
86756,Bayern,Bayern,8.855
86757,Bayern,Bayern,8.855
86759,Bayern,Bayern,8.855
86807,Bayern,Bayern,8.855
86825,Bayern,Bayern,8.855
86830,Bayern,Bayern,8.855
86833,Bayern,Bayern,8.855
86836,Bayern,Bayern,8.855
86842,Bayern,Bayern,8.855
86845,Bayern,Bayern,8.855
86850,Bayern,Bayern,8.855
86853,Bayern,Bayern,8.855
86854,Bayern,Bayern,8.855
86856,Bayern,Bayern,8.855
86857,Bayern,Bayern,8.855
86859,Bayern,Bayern,8.855
86860,Bayern,Bayern,8.855
86862,Bayern,Bayern,8.855
86863,Bayern,Bayern,8.855
86865,Bayern,Bayern,8.855
86866,Bayern,Bayern,8.855
86868,Bayern,Bayern,8.855
86869,Bayern,Bayern,8.855
86871,Bayern,Bayern,8.855
86872,Bayern,Bayern,8.855
86874,Bayern,Bayern,8.855
86875,Bayern,Bayern,8.855
86877,Bayern,Bayern,8.855
86879,Bayern,Bayern,8.855
86894,Bavaria,Bayern,8.855
86895,Bavaria,Bayern,8.855
86896,Bavaria,Bayern,8.855
86899,Bayern,Bayern,8.855
86911,Bayern,Bayern,8.855
86915,Bavaria,Bayern,8.855
86916,Bayern,Bayern,8.855
86919,Bayern,Bayern,8.855
86920,Bayern,Bayern,8.855
86922,Bayern,Bayern,8.855
86923,Bayern,Bayern,8.855
86925,Bayern,Bayern,8.855
86926,Bayern,Bayern,8.855
86928,Bayern,Bayern,8.855
86929,Bayern,Bayern,8.855
86931,Bayern,Bayern,8.855
86932,Bayern,Bayern,8.855
86934,Bayern,Bayern,8.855
86935,Bayern,Bayern,8.855
86937,Bayern,Bayern,8.855
86938,Bayern,Bayern,8.855
86940,Bayern,Bayern,8.855
86941,Bayern,Bayern,8.855
86943,Bayern,Bayern,8.855
86944,Bayern,Bayern,8.855
86946,Bayern,Bayern,8.855
86947,Bayern,Bayern,8.855
86949,Bayern,Bayern,8.855
86956,Bayern,Bayern,8.855
86971,Bayern,Bayern,8.855
86972,Bayern,Bayern,8.855
86974,Bayern,Bayern,8.855
86975,Bayern,Bayern,8.855
86977,Bayern,Bayern,8.855
86978,Bayern,Bayern,8.855
86980,Bayern,Bayern,8.855
86981,Bayern,Bayern,8.855
86983,Bayern,Bayern,8.855
86984,Bayern,Bayern,8.855
86986,Bayern,Bayern,8.855
86987,Bayern,Bayern,8.855
86989,Bayern,Bayern,8.855
87428,Bavaria,Bayern,8.855
87432,Bavaria,Bayern,8.855
87435,Bayern,Bayern,8.855
87437,Bayern,Bayern,8.855
87439,Bayern,Bayern,8.855
87443,Bavaria,Bayern,8.855
87448,Bayern,Bayern,8.855
87452,Bayern,Bayern,8.855
87459,Bayern,Bayern,8.855
87463,Bayern,Bayern,8.855
87466,Bayern,Bayern,8.855
87471,Bayern,Bayern,8.855
87474,Bayern,Bayern,8.855
87477,Bayern,Bayern,8.855
87480,Bayern,Bayern,8.855
87484,Bayern,Bayern,8.855
87487,Bayern,Bayern,8.855
87488,Bayern,Bayern,8.855
87490,Bayern,Bayern,8.855
87493,Bayern,Bayern,8.855
87494,Bayern,Bayern,8.855
87496,Bayern,Bayern,8.855
87497,Bayern,Bayern,8.855
87499,Bayern,Bayern,8.855
87509,Bayern,Bayern,8.855
87527,Bayern,Bayern,8.855
87534,Bayern,Bayern,8.855
87538,Bayern,Bayern,8.855
87541,Bayern,Bayern,8.855
87544,Bayern,Bayern,8.855
87545,Bayern,Bayern,8.855
87547,Bayern,Bayern,8.855
87549,Bayern,Bayern,8.855
87561,Bayern,Bayern,8.855
87600,Bayern,Bayern,8.855
87616,Bayern,Bayern,8.855
87629,Bayern,Bayern,8.855
87634,Bayern,Bayern,8.855
87637,Bayern,Bayern,8.855
87640,Bayern,Bayern,8.855
87642,Bayern,Bayern,8.855
87645,Bayern,Bayern,8.855
87647,Bayern,Bayern,8.855
87648,Bayern,Bayern,8.855
87650,Bayern,Bayern,8.855
87651,Bayern,Bayern,8.855
87653,Bayern,Bayern,8.855
87654,Bayern,Bayern,8.855
87656,Bayern,Bayern,8.855
87657,Bayern,Bayern,8.855
87659,Bayern,Bayern,8.855
87660,Bayern,Bayern,8.855
87662,Bayern,Bayern,8.855
87663,Bayern,Bayern,8.855
87665,Bayern,Bayern,8.855
87666,Bayern,Bayern,8.855
87668,Bayern,Bayern,8.855
87669,Bayern,Bayern,8.855
87671,Bayern,Bayern,8.855
87672,Bayern,Bayern,8.855
87674,Bayern,Bayern,8.855
87675,Bayern,Bayern,8.855
87677,Bayern,Bayern,8.855
87679,Bayern,Bayern,8.855
87697,Bavaria,Bayern,8.855
87700,Bayern,Bayern,8.855
87719,Bayern,Bayern,8.855
87724,Bayern,Bayern,8.855
87727,Bayern,Bayern,8.855
87730,Bayern,Bayern,8.855
87733,Bayern,Bayern,8.855
87734,Bayern,Bayern,8.855
87736,Bayern,Bayern,8.855
87737,Bayern,Bayern,8.855
87739,Bayern,Bayern,8.855
87740,Bayern,Bayern,8.855
87742,Bayern,Bayern,8.855
87743,Bayern,Bayern,8.855
87745,Bayern,Bayern,8.855
87746,Bayern,Bayern,8.855
87748,Bayern,Bayern,8.855
87749,Bayern,Bayern,8.855
87751,Bayern,Bayern,8.855
87752,Bayern,Bayern,8.855
87754,Bayern,Bayern,8.855
87755,Bayern,Bayern,8.855
87757,Bayern,Bayern,8.855
87758,Bayern,Bayern,8.855
87760,Bayern,Bayern,8.855
87761,Bayern,Bayern,8.855
87763,Bayern,Bayern,8.855
87764,Bayern,Bayern,8.855
87766,Bayern,Bayern,8.855
87767,Bayern,Bayern,8.855
87769,Bayern,Bayern,8.855
87770,Bayern,Bayern,8.855
87772,Bayern,Bayern,8.855
87773,Bayern,Bayern,8.855
87775,Bayern,Bayern,8.855
87776,Bayern,Bayern,8.855
87778,Bayern,Bayern,8.855
87779,Bayern,Bayern,8.855
87781,Bayern,Bayern,8.855
87782,Bayern,Bayern,8.855
87784,Bayern,Bayern,8.855
87785,Bayern,Bayern,8.855
87787,Bayern,Bayern,8.855
87789,Bayern,Bayern,8.855
88038,Baden-Württemberg,Baden-Württemberg,9.35
88039,Baden-Württemberg,Baden-Württemberg,9.35
88040,Baden-Württemberg,Baden-Württemberg,9.35
88041,Baden-Württemberg,Baden-Württemberg,9.35
88045,Baden-Württemberg,Baden-Württemberg,9.35
88046,Baden-Württemberg,Baden-Württemberg,9.35
88048,Baden-Württemberg,Baden-Württemberg,9.35
88069,Baden-Württemberg,Baden-Württemberg,9.35
88074,Baden-Württemberg,Baden-Württemberg,9.35
88079,Baden-Württemberg,Baden-Württemberg,9.35
88085,Baden-Württemberg,Baden-Württemberg,9.35
88086,Baden-Württemberg,Baden-Württemberg,9.35
88090,Baden-Württemberg,Baden-Württemberg,9.35
88094,Baden-Württemberg,Baden-Württemberg,9.35
88097,Baden-Württemberg,Baden-Württemberg,9.35
88099,Baden-Württemberg,Baden-Württemberg,9.35
88129,Bavaria,Bayern,8.855
88131,Bayern,Bayern,8.855
88138,Bayern,Bayern,8.855
88142,Bayern,Bayern,8.855
88145,Bayern,Bayern,8.855
88147,Baden-Württemberg,Baden-Württemberg,9.35
88149,Bayern,Bayern,8.855
88161,Bayern,Bayern,8.855
88167,Bayern,Bayern,8.855
88171,Bayern,Bayern,8.855
88175,Bayern,Bayern,8.855
88178,Bayern,Bayern,8.855
88179,Bayern,Bayern,8.855
88209,Baden-Württemberg,Baden-Württemberg,9.35
88212,Baden-Württemberg,Baden-Württemberg,9.35
88213,Baden-Württemberg,Baden-Württemberg,9.35
88214,Baden-Württemberg,Baden-Württemberg,9.35
88225,Baden-Württemberg,Baden-Württemberg,9.35
88226,Baden-Württemberg,Baden-Württemberg,9.35
88237,Baden-Württemberg,Baden-Württemberg,9.35
88239,Baden-Württemberg,Baden-Württemberg,9.35
88248,Baden-Württemberg,Baden-Württemberg,9.35
88250,Baden-Württemberg,Baden-Württemberg,9.35
88255,Baden-Württemberg,Baden-Württemberg,9.35
88260,Baden-Württemberg,Baden-Württemberg,9.35
88263,Baden-Württemberg,Baden-Württemberg,9.35
88267,Baden-Württemberg,Baden-Württemberg,9.35
88271,Baden-Württemberg,Baden-Württemberg,9.35
88273,Baden-Württemberg,Baden-Württemberg,9.35
88276,Baden-Württemberg,Baden-Württemberg,9.35
88279,Baden-Württemberg,Baden-Württemberg,9.35
88281,Baden-Württemberg,Baden-Württemberg,9.35
88284,Baden-Württemberg,Baden-Württemberg,9.35
88285,Baden-Württemberg,Baden-Württemberg,9.35
88287,Baden-Württemberg,Baden-Württemberg,9.35
88289,Baden-Württemberg,Baden-Württemberg,9.35
88297,Baden-Württemberg,Baden-Württemberg,9.35
88299,Baden-Württemberg,Baden-Württemberg,9.35
88315,Baden-Württemberg,Baden-Württemberg,9.35
88316,Baden-Württemberg,Baden-Württemberg,9.35
88317,Baden-Württemberg,Baden-Württemberg,9.35
88319,Baden-Württemberg,Baden-Württemberg,9.35
88326,Baden-Württemberg,Baden-Württemberg,9.35
88336,Baden-Württemberg,Baden-Württemberg,9.35
88339,Baden-Württemberg,Baden-Württemberg,9.35
88348,Baden-Württemberg,Baden-Württemberg,9.35
88353,Baden-Württemberg,Baden-Württemberg,9.35
88356,Baden-Württemberg,Baden-Württemberg,9.35
88361,Baden-Württemberg,Baden-Württemberg,9.35
88364,Baden-Württemberg,Baden-Württemberg,9.35
88367,Baden-Württemberg,Baden-Württemberg,9.35
88368,Baden-Württemberg,Baden-Württemberg,9.35
88370,Baden-Württemberg,Baden-Württemberg,9.35
88371,Baden-Württemberg,Baden-Württemberg,9.35
88373,Baden-Württemberg,Baden-Württemberg,9.35
88374,Baden-Württemberg,Baden-Württemberg,9.35
88376,Baden-Württemberg,Baden-Württemberg,9.35
88377,Baden-Württemberg,Baden-Württemberg,9.35
88379,Baden-Württemberg,Baden-Württemberg,9.35
88396,Baden-Württemberg,Baden-Württemberg,9.35
88397,Baden-Württemberg,Baden-Württemberg,9.35
88400,Baden-Württemberg,Baden-Württemberg,9.35
88410,Baden-Württemberg,Baden-Württemberg,9.35
88416,Baden-Württemberg,Baden-Württemberg,9.35
88422,Baden-Württemberg,Baden-Württemberg,9.35
88427,Baden-Württemberg,Baden-Württemberg,9.35
88430,Baden-Württemberg,Baden-Württemberg,9.35
88433,Baden-Württemberg,Baden-Württemberg,9.35
88436,Baden-Württemberg,Baden-Württemberg,9.35
88437,Baden-Württemberg,Baden-Württemberg,9.35
88441,Baden-Württemberg,Baden-Württemberg,9.35
88444,Baden-Württemberg,Baden-Württemberg,9.35
88447,Baden-Württemberg,Baden-Württemberg,9.35
88448,Baden-Württemberg,Baden-Württemberg,9.35
88450,Baden-Württemberg,Baden-Württemberg,9.35
88451,Baden-Württemberg,Baden-Württemberg,9.35
88453,Baden-Württemberg,Baden-Württemberg,9.35
88454,Baden-Württemberg,Baden-Württemberg,9.35
88456,Baden-Württemberg,Baden-Württemberg,9.35
88457,Baden-Württemberg,Baden-Württemberg,9.35
88459,Baden-Württemberg,Baden-Württemberg,9.35
88471,Baden-Württemberg,Baden-Württemberg,9.35
88477,Baden-Württemberg,Baden-Württemberg,9.35
88480,Baden-Württemberg,Baden-Württemberg,9.35
88481,Baden-Württemberg,Baden-Württemberg,9.35
88483,Baden-Württemberg,Baden-Württemberg,9.35
88484,Baden-Württemberg,Baden-Württemberg,9.35
88486,Baden-Württemberg,Baden-Württemberg,9.35
88487,Baden-Württemberg,Baden-Württemberg,9.35
88489,Baden-Württemberg,Baden-Württemberg,9.35
88498,Baden-Württemberg,Baden-Württemberg,9.35
88499,Baden-Württemberg,Baden-Württemberg,9.35
88512,Baden-Württemberg,Baden-Württemberg,9.35
88515,Baden-Württemberg,Baden-Württemberg,9.35
88518,Baden-Württemberg,Baden-Württemberg,9.35
88521,Baden-Württemberg,Baden-Württemberg,9.35
88524,Baden-Württemberg,Baden-Württemberg,9.35
88525,Baden-Württemberg,Baden-Württemberg,9.35
88527,Baden-Württemberg,Baden-Württemberg,9.35
88529,Baden-Württemberg,Baden-Württemberg,9.35
88605,Baden-Württemberg,Baden-Württemberg,9.35
88629,Baden-Württemberg,Baden-Württemberg,9.35
88630,Baden-Württemberg,Baden-Württemberg,9.35
88631,Baden-Württemberg,Baden-Württemberg,9.35
88633,Baden-Württemberg,Baden-Württemberg,9.35
88634,Baden-Württemberg,Baden-Württemberg,9.35
88636,Baden-Württemberg,Baden-Württemberg,9.35
88637,Baden-Württemberg,Baden-Württemberg,9.35
88639,Baden-Württemberg,Baden-Württemberg,9.35
88660,Baden-Württemberg,Baden-Württemberg,9.35
88662,Baden-Württemberg,Baden-Württemberg,9.35
88677,Baden-Württemberg,Baden-Württemberg,9.35
88682,Baden-Württemberg,Baden-Württemberg,9.35
88690,Baden-Württemberg,Baden-Württemberg,9.35
88693,Baden-Württemberg,Baden-Württemberg,9.35
88696,Baden-Württemberg,Baden-Württemberg,9.35
88697,Baden-Württemberg,Baden-Württemberg,9.35
88699,Baden-Württemberg,Baden-Württemberg,9.35
88709,Baden-Württemberg,Baden-Württemberg,9.35
88718,Baden-Württemberg,Baden-Württemberg,9.35
88719,Baden-Württemberg,Baden-Württemberg,9.35
89040,Baden-Württemberg,Baden-Württemberg,9.35
89065,Baden-Württemberg,Baden-Württemberg,9.35
89068,Baden-Württemberg,Baden-Württemberg,9.35
89069,Baden-Württemberg,Baden-Württemberg,9.35
89070,Baden-Württemberg,Baden-Württemberg,9.35
89073,Baden-Württemberg,Baden-Württemberg,9.35
89075,Baden-Württemberg,Baden-Württemberg,9.35
89077,Baden-Württemberg,Baden-Württemberg,9.35
89079,Baden-Württemberg,Baden-Württemberg,9.35
89081,Baden-Württemberg,Baden-Württemberg,9.35
89090,Bavaria,Bayern,8.855
89129,Baden-Württemberg,Baden-Württemberg,9.35
89134,Baden-Württemberg,Baden-Württemberg,9.35
89143,Baden-Württemberg,Baden-Württemberg,9.35
89150,Baden-Württemberg,Baden-Württemberg,9.35
89155,Baden-Württemberg,Baden-Württemberg,9.35
89160,Baden-Württemberg,Baden-Württemberg,9.35
89165,Baden-Württemberg,Baden-Württemberg,9.35
89168,Baden-Württemberg,Baden-Württemberg,9.35
89171,Baden-Württemberg,Baden-Württemberg,9.35
89173,Baden-Württemberg,Baden-Württemberg,9.35
89174,Baden-Württemberg,Baden-Württemberg,9.35
89176,Baden-Württemberg,Baden-Württemberg,9.35
89177,Baden-Württemberg,Baden-Württemberg,9.35
89179,Baden-Württemberg,Baden-Württemberg,9.35
89180,Baden-Württemberg,Baden-Württemberg,9.35
89182,Baden-Württemberg,Baden-Württemberg,9.35
89183,Baden-Württemberg,Baden-Württemberg,9.35
89185,Baden-Württemberg,Baden-Württemberg,9.35
89186,Baden-Württemberg,Baden-Württemberg,9.35
89188,Baden-Württemberg,Baden-Württemberg,9.35
89189,Baden-Württemberg,Baden-Württemberg,9.35
89191,Baden-Württemberg,Baden-Württemberg,9.35
89192,Baden-Württemberg,Baden-Württemberg,9.35
89194,Baden-Württemberg,Baden-Württemberg,9.35
89195,Baden-Württemberg,Baden-Württemberg,9.35
89197,Baden-Württemberg,Baden-Württemberg,9.35
89198,Baden-Württemberg,Baden-Württemberg,9.35
89229,Bavaria,Bayern,8.855
89231,Bayern,Bayern,8.855
89233,Bayern,Bayern,8.855
89250,Bayern,Bayern,8.855
89257,Bayern,Bayern,8.855
89264,Bayern,Bayern,8.855
89269,Bayern,Bayern,8.855
89275,Bayern,Bayern,8.855
89278,Bayern,Bayern,8.855
89281,Bayern,Bayern,8.855
89284,Bayern,Bayern,8.855
89287,Bayern,Bayern,8.855
89290,Bayern,Bayern,8.855
89291,Bayern,Bayern,8.855
89293,Bayern,Bayern,8.855
89294,Bayern,Bayern,8.855
89296,Bayern,Bayern,8.855
89297,Bayern,Bayern,8.855
89299,Bayern,Bayern,8.855
89312,Bayern,Bayern,8.855
89331,Bayern,Bayern,8.855
89335,Bayern,Bayern,8.855
89340,Bayern,Bayern,8.855
89343,Bayern,Bayern,8.855
89344,Bayern,Bayern,8.855
89346,Bayern,Bayern,8.855
89347,Bayern,Bayern,8.855
89349,Bayern,Bayern,8.855
89350,Bayern,Bayern,8.855
89352,Bayern,Bayern,8.855
89353,Bayern,Bayern,8.855
89355,Bayern,Bayern,8.855
89356,Bayern,Bayern,8.855
89358,Bayern,Bayern,8.855
89359,Bayern,Bayern,8.855
89361,Bayern,Bayern,8.855
89362,Bayern,Bayern,8.855
89364,Bayern,Bayern,8.855
89365,Bayern,Bayern,8.855
89367,Bayern,Bayern,8.855
89368,Bayern,Bayern,8.855
89407,Bayern,Bayern,8.855
89415,Bayern,Bayern,8.855
89420,Bayern,Bayern,8.855
89423,Bayern,Bayern,8.855
89426,Bayern,Bayern,8.855
89428,Bayern,Bayern,8.855
89429,Bayern,Bayern,8.855
89431,Bayern,Bayern,8.855
89432,Bayern,Bayern,8.855
89434,Bayern,Bayern,8.855
89435,Bayern,Bayern,8.855
89437,Bayern,Bayern,8.855
89438,Bayern,Bayern,8.855
89440,Bayern,Bayern,8.855
89441,Bayern,Bayern,8.855
89443,Bayern,Bayern,8.855
89444,Bayern,Bayern,8.855
89446,Bayern,Bayern,8.855
89447,Bayern,Bayern,8.855
89449,Bayern,Bayern,8.855
89516,Baden-Württemberg,Baden-Württemberg,9.35
89517,Baden-Württemberg,Baden-Württemberg,9.35
89518,Baden-Württemberg,Baden-Württemberg,9.35
89520,Baden-Württemberg,Baden-Württemberg,9.35
89522,Baden-Württemberg,Baden-Württemberg,9.35
89537,Baden-Württemberg,Baden-Württemberg,9.35
89542,Baden-Württemberg,Baden-Württemberg,9.35
89547,Baden-Württemberg,Baden-Württemberg,9.35
89551,Baden-Württemberg,Baden-Württemberg,9.35
89555,Baden-Württemberg,Baden-Württemberg,9.35
89558,Baden-Württemberg,Baden-Württemberg,9.35
89561,Baden-Württemberg,Baden-Württemberg,9.35
89564,Baden-Württemberg,Baden-Württemberg,9.35
89567,Baden-Württemberg,Baden-Württemberg,9.35
89568,Baden-Württemberg,Baden-Württemberg,9.35
89582,Baden-Württemberg,Baden-Württemberg,9.35
89584,Baden-Württemberg,Baden-Württemberg,9.35
89597,Baden-Württemberg,Baden-Württemberg,9.35
89601,Baden-Württemberg,Baden-Württemberg,9.35
89604,Baden-Württemberg,Baden-Württemberg,9.35
89605,Baden-Württemberg,Baden-Württemberg,9.35
89607,Baden-Württemberg,Baden-Württemberg,9.35
89608,Baden-Württemberg,Baden-Württemberg,9.35
89610,Baden-Württemberg,Baden-Württemberg,9.35
89611,Baden-Württemberg,Baden-Württemberg,9.35
89613,Baden-Württemberg,Baden-Württemberg,9.35
89614,Baden-Württemberg,Baden-Württemberg,9.35
89616,Baden-Württemberg,Baden-Württemberg,9.35
89617,Baden-Württemberg,Baden-Württemberg,9.35
89619,Baden-Württemberg,Baden-Württemberg,9.35
90051,Bavaria,Bayern,8.855
90290,Bavaria,Bayern,8.855
90291,Bavaria,Bayern,8.855
90292,Bavaria,Bayern,8.855
90293,Bavaria,Bayern,8.855
90300,Bavaria,Bayern,8.855
90310,Bavaria,Bayern,8.855
90311,Bavaria,Bayern,8.855
90312,Bavaria,Bayern,8.855
90313,Bavaria,Bayern,8.855
90316,Bavaria,Bayern,8.855
90317,Bavaria,Bayern,8.855
90318,Bavaria,Bayern,8.855
90319,Bavaria,Bayern,8.855
90321,Bavaria,Bayern,8.855
90324,Bavaria,Bayern,8.855
90325,Bavaria,Bayern,8.855
90327,Bavaria,Bayern,8.855
90328,Bavaria,Bayern,8.855
90329,Bavaria,Bayern,8.855
90330,Bavaria,Bayern,8.855
90331,Bavaria,Bayern,8.855
90332,Bavaria,Bayern,8.855
90334,Bavaria,Bayern,8.855
90335,Bavaria,Bayern,8.855
90336,Bavaria,Bayern,8.855
90337,Bavaria,Bayern,8.855
90338,Bavaria,Bayern,8.855
90339,Bavaria,Bayern,8.855
90340,Bavaria,Bayern,8.855
90341,Bavaria,Bayern,8.855
90344,Bavaria,Bayern,8.855
90345,Bavaria,Bayern,8.855
90346,Bavaria,Bayern,8.855
90347,Bavaria,Bayern,8.855
90351,Bavaria,Bayern,8.855
90352,Bavaria,Bayern,8.855
90353,Bavaria,Bayern,8.855
90356,Bavaria,Bayern,8.855
90357,Bavaria,Bayern,8.855
90359,Bavaria,Bayern,8.855
90360,Bavaria,Bayern,8.855
90402,Bayern,Bayern,8.855
90403,Bayern,Bayern,8.855
90408,Bayern,Bayern,8.855
90409,Bayern,Bayern,8.855
90411,Bayern,Bayern,8.855
90419,Bayern,Bayern,8.855
90425,Bayern,Bayern,8.855
90427,Bayern,Bayern,8.855
90429,Bayern,Bayern,8.855
90431,Bayern,Bayern,8.855
90439,Bayern,Bayern,8.855
90441,Bayern,Bayern,8.855
90443,Bayern,Bayern,8.855
90449,Bayern,Bayern,8.855
90451,Bayern,Bayern,8.855
90453,Bayern,Bayern,8.855
90455,Bayern,Bayern,8.855
90457,Bayern,Bayern,8.855
90459,Bayern,Bayern,8.855
90461,Bayern,Bayern,8.855
90469,Bayern,Bayern,8.855
90471,Bayern,Bayern,8.855
90473,Bayern,Bayern,8.855
90475,Bayern,Bayern,8.855
90478,Bayern,Bayern,8.855
90480,Bayern,Bayern,8.855
90482,Bayern,Bayern,8.855
90489,Bayern,Bayern,8.855
90491,Bayern,Bayern,8.855
90499,Bavaria,Bayern,8.855
90511,Bavaria,Bayern,8.855
90513,Bayern,Bayern,8.855
90518,Bayern,Bayern,8.855
90522,Bayern,Bayern,8.855
90530,Bayern,Bayern,8.855
90537,Bayern,Bayern,8.855
90542,Bayern,Bayern,8.855
90546,Bavaria,Bayern,8.855
90547,Bayern,Bayern,8.855
90552,Bayern,Bayern,8.855
90556,Bayern,Bayern,8.855
90559,Bayern,Bayern,8.855
90562,Bayern,Bayern,8.855
90571,Bayern,Bayern,8.855
90574,Bayern,Bayern,8.855
90579,Bayern,Bayern,8.855
90584,Bayern,Bayern,8.855
90587,Bayern,Bayern,8.855
90592,Bayern,Bayern,8.855
90596,Bayern,Bayern,8.855
90599,Bayern,Bayern,8.855
90602,Bayern,Bayern,8.855
90607,Bayern,Bayern,8.855
90610,Bayern,Bayern,8.855
90613,Bayern,Bayern,8.855
90614,Bayern,Bayern,8.855
90616,Bayern,Bayern,8.855
90617,Bayern,Bayern,8.855
90619,Bayern,Bayern,8.855
90725,Bavaria,Bayern,8.855
90742,Bavaria,Bayern,8.855
90744,Baden-Württemberg,Baden-Württemberg,9.35
90752,Bavaria,Bayern,8.855
90754,Bavaria,Bayern,8.855
90762,Bayern,Bayern,8.855
90763,Bayern,Bayern,8.855
90765,Bayern,Bayern,8.855
90766,Bayern,Bayern,8.855
90768,Bayern,Bayern,8.855
91048,Bavaria,Bayern,8.855
91050,Bavaria,Bayern,8.855
91051,Bavaria,Bayern,8.855
91052,Bayern,Bayern,8.855
91054,Bayern,Bayern,8.855
91056,Bayern,Bayern,8.855
91058,Bayern,Bayern,8.855
91060,Bavaria,Bayern,8.855
91072,Bavaria,Bayern,8.855
91074,Bayern,Bayern,8.855
91077,Bayern,Bayern,8.855
91080,Bayern,Bayern,8.855
91083,Bayern,Bayern,8.855
91085,Bayern,Bayern,8.855
91086,Bayern,Bayern,8.855
91088,Bayern,Bayern,8.855
91090,Bayern,Bayern,8.855
91091,Bayern,Bayern,8.855
91093,Bayern,Bayern,8.855
91094,Bayern,Bayern,8.855
91096,Bayern,Bayern,8.855
91097,Bayern,Bayern,8.855
91099,Bayern,Bayern,8.855
91124,Bavaria,Bayern,8.855
91125,Bavaria,Bayern,8.855
91126,Bayern,Bayern,8.855
91152,Bavaria,Bayern,8.855
91154,Bayern,Bayern,8.855
91161,Bayern,Bayern,8.855
91166,Bayern,Bayern,8.855
91171,Bayern,Bayern,8.855
91174,Bayern,Bayern,8.855
91177,Bayern,Bayern,8.855
91180,Bayern,Bayern,8.855
91183,Bayern,Bayern,8.855
91186,Bayern,Bayern,8.855
91187,Bayern,Bayern,8.855
91189,Bayern,Bayern,8.855
91205,Bavaria,Bayern,8.855
91207,Bayern,Bayern,8.855
91217,Bayern,Bayern,8.855
91220,Bayern,Bayern,8.855
91224,Bayern,Bayern,8.855
91227,Bayern,Bayern,8.855
91230,Bayern,Bayern,8.855
91233,Bayern,Bayern,8.855
91235,Bayern,Bayern,8.855
91236,Bayern,Bayern,8.855
91238,Bayern,Bayern,8.855
91239,Bayern,Bayern,8.855
91241,Bayern,Bayern,8.855
91242,Bayern,Bayern,8.855
91244,Bayern,Bayern,8.855
91245,Bayern,Bayern,8.855
91247,Bayern,Bayern,8.855
91249,Bayern,Bayern,8.855
91257,Bayern,Bayern,8.855
91275,Bayern,Bayern,8.855
91278,Bayern,Bayern,8.855
91281,Bayern,Bayern,8.855
91282,Bayern,Bayern,8.855
91284,Bayern,Bayern,8.855
91286,Bayern,Bayern,8.855
91287,Bayern,Bayern,8.855
91289,Bayern,Bayern,8.855
91299,Bavaria,Bayern,8.855
91301,Bayern,Bayern,8.855
91315,Bayern,Bayern,8.855
91320,Bayern,Bayern,8.855
91322,Bayern,Bayern,8.855
91325,Bayern,Bayern,8.855
91327,Bayern,Bayern,8.855
91330,Bayern,Bayern,8.855
91332,Bayern,Bayern,8.855
91334,Bayern,Bayern,8.855
91336,Bayern,Bayern,8.855
91338,Bayern,Bayern,8.855
91341,Bayern,Bayern,8.855
91344,Bayern,Bayern,8.855
91346,Bayern,Bayern,8.855
91347,Bayern,Bayern,8.855
91349,Bayern,Bayern,8.855
91350,Bayern,Bayern,8.855
91352,Bayern,Bayern,8.855
91353,Bayern,Bayern,8.855
91355,Bayern,Bayern,8.855
91356,Bayern,Bayern,8.855
91358,Bayern,Bayern,8.855
91359,Bayern,Bayern,8.855
91361,Bayern,Bayern,8.855
91362,Bayern,Bayern,8.855
91364,Bayern,Bayern,8.855
91365,Bayern,Bayern,8.855
91367,Bayern,Bayern,8.855
91369,Bayern,Bayern,8.855
91413,Bayern,Bayern,8.855
91438,Bayern,Bayern,8.855
91443,Bayern,Bayern,8.855
91448,Bayern,Bayern,8.855
91452,Bayern,Bayern,8.855
91456,Bayern,Bayern,8.855
91459,Bayern,Bayern,8.855
91460,Bayern,Bayern,8.855
91462,Bayern,Bayern,8.855
91463,Bayern,Bayern,8.855
91465,Bayern,Bayern,8.855
91466,Bayern,Bayern,8.855
91468,Bayern,Bayern,8.855
91469,Bayern,Bayern,8.855
91471,Bayern,Bayern,8.855
91472,Bayern,Bayern,8.855
91474,Bayern,Bayern,8.855
91475,Bayern,Bayern,8.855
91477,Bayern,Bayern,8.855
91478,Bayern,Bayern,8.855
91480,Bayern,Bayern,8.855
91481,Bayern,Bayern,8.855
91483,Bayern,Bayern,8.855
91484,Bayern,Bayern,8.855
91486,Bayern,Bayern,8.855
91487,Bayern,Bayern,8.855
91489,Bayern,Bayern,8.855
91511,Bavaria,Bayern,8.855
91520,Bavaria,Bayern,8.855
91522,Bayern,Bayern,8.855
91541,Bayern,Bayern,8.855
91550,Bayern,Bayern,8.855
91555,Bayern,Bayern,8.855
91560,Bayern,Bayern,8.855
91564,Bayern,Bayern,8.855
91567,Bayern,Bayern,8.855
91572,Bayern,Bayern,8.855
91575,Bayern,Bayern,8.855
91578,Bayern,Bayern,8.855
91580,Bayern,Bayern,8.855
91583,Bayern,Bayern,8.855
91586,Bayern,Bayern,8.855
91587,Bayern,Bayern,8.855
91589,Bayern,Bayern,8.855
91590,Bayern,Bayern,8.855
91592,Bayern,Bayern,8.855
91593,Bayern,Bayern,8.855
91595,Bayern,Bayern,8.855
91596,Bayern,Bayern,8.855
91598,Bayern,Bayern,8.855
91599,Bayern,Bayern,8.855
91601,Bayern,Bayern,8.855
91602,Bayern,Bayern,8.855
91604,Bayern,Bayern,8.855
91605,Bayern,Bayern,8.855
91607,Bayern,Bayern,8.855
91608,Bayern,Bayern,8.855
91610,Bayern,Bayern,8.855
91611,Bayern,Bayern,8.855
91613,Bayern,Bayern,8.855
91614,Bayern,Bayern,8.855
91616,Bayern,Bayern,8.855
91617,Bayern,Bayern,8.855
91619,Bayern,Bayern,8.855
91620,Bayern,Bayern,8.855
91622,Bayern,Bayern,8.855
91623,Bayern,Bayern,8.855
91625,Bayern,Bayern,8.855
91626,Bayern,Bayern,8.855
91628,Bayern,Bayern,8.855
91629,Bayern,Bayern,8.855
91631,Bayern,Bayern,8.855
91632,Bayern,Bayern,8.855
91634,Bayern,Bayern,8.855
91635,Bayern,Bayern,8.855
91637,Bayern,Bayern,8.855
91639,Bayern,Bayern,8.855
91709,Bavaria,Bayern,8.855
91710,Bayern,Bayern,8.855
91717,Bayern,Bayern,8.855
91719,Bayern,Bayern,8.855
91720,Bayern,Bayern,8.855
91722,Bayern,Bayern,8.855
91723,Bayern,Bayern,8.855
91725,Bayern,Bayern,8.855
91726,Bayern,Bayern,8.855
91728,Bayern,Bayern,8.855
91729,Bayern,Bayern,8.855
91731,Bayern,Bayern,8.855
91732,Bayern,Bayern,8.855
91734,Bayern,Bayern,8.855
91735,Bayern,Bayern,8.855
91737,Bayern,Bayern,8.855
91738,Bayern,Bayern,8.855
91740,Bayern,Bayern,8.855
91741,Bayern,Bayern,8.855
91743,Bayern,Bayern,8.855
91744,Bayern,Bayern,8.855
91746,Bayern,Bayern,8.855
91747,Bayern,Bayern,8.855
91749,Bayern,Bayern,8.855
91757,Bayern,Bayern,8.855
91780,Bavaria,Bayern,8.855
91781,Bayern,Bayern,8.855
91785,Bayern,Bayern,8.855
91788,Bayern,Bayern,8.855
91790,Bayern,Bayern,8.855
91792,Bayern,Bayern,8.855
91793,Bayern,Bayern,8.855
91795,Bayern,Bayern,8.855
91796,Bayern,Bayern,8.855
91798,Bayern,Bayern,8.855
91799,Bayern,Bayern,8.855
91801,Bayern,Bayern,8.855
91802,Bayern,Bayern,8.855
91804,Bayern,Bayern,8.855
91805,Bayern,Bayern,8.855
91807,Bayern,Bayern,8.855
91809,Bayern,Bayern,8.855
92219,Bavaria,Bayern,8.855
92224,Bayern,Bayern,8.855
92226,Bavaria,Bayern,8.855
92227,Bavaria,Bayern,8.855
92237,Bayern,Bayern,8.855
92240,Bavaria,Bayern,8.855
92241,Bavaria,Bayern,8.855
92242,Bayern,Bayern,8.855
92245,Bayern,Bayern,8.855
92249,Bayern,Bayern,8.855
92253,Bayern,Bayern,8.855
92256,Bayern,Bayern,8.855
92259,Bayern,Bayern,8.855
92260,Bayern,Bayern,8.855
92262,Bayern,Bayern,8.855
92263,Bayern,Bayern,8.855
92265,Bayern,Bayern,8.855
92266,Bayern,Bayern,8.855
92268,Bayern,Bayern,8.855
92269,Bayern,Bayern,8.855
92271,Bayern,Bayern,8.855
92272,Bayern,Bayern,8.855
92274,Bayern,Bayern,8.855
92275,Bayern,Bayern,8.855
92277,Bayern,Bayern,8.855
92278,Bayern,Bayern,8.855
92280,Bayern,Bayern,8.855
92281,Bayern,Bayern,8.855
92283,Bayern,Bayern,8.855
92284,Bayern,Bayern,8.855
92286,Bayern,Bayern,8.855
92287,Bayern,Bayern,8.855
92289,Bayern,Bayern,8.855
92318,Bayern,Bayern,8.855
92331,Bayern,Bayern,8.855
92334,Bayern,Bayern,8.855
92339,Bayern,Bayern,8.855
92342,Bayern,Bayern,8.855
92345,Bayern,Bayern,8.855
92348,Bayern,Bayern,8.855
92353,Bayern,Bayern,8.855
92355,Bayern,Bayern,8.855
92358,Bayern,Bayern,8.855
92360,Bayern,Bayern,8.855
92361,Bayern,Bayern,8.855
92363,Bayern,Bayern,8.855
92364,Bayern,Bayern,8.855
92366,Bayern,Bayern,8.855
92367,Bayern,Bayern,8.855
92369,Bayern,Bayern,8.855
92400,Bavaria,Bayern,8.855
92419,Bavaria,Bayern,8.855
92421,Bayern,Bayern,8.855
92422,Bavaria,Bayern,8.855
92431,Bayern,Bayern,8.855
92436,Bayern,Bayern,8.855
92439,Bayern,Bayern,8.855
92442,Bayern,Bayern,8.855
92444,Bayern,Bayern,8.855
92445,Bayern,Bayern,8.855
92447,Bayern,Bayern,8.855
92449,Bayern,Bayern,8.855
92507,Bayern,Bayern,8.855
92519,Bavaria,Bayern,8.855
92521,Bayern,Bayern,8.855
92526,Bayern,Bayern,8.855
92530,Bavaria,Bayern,8.855
92533,Bayern,Bayern,8.855
92536,Bayern,Bayern,8.855
92539,Bayern,Bayern,8.855
92540,Bayern,Bayern,8.855
92542,Bayern,Bayern,8.855
92543,Bayern,Bayern,8.855
92545,Bayern,Bayern,8.855
92546,Bayern,Bayern,8.855
92548,Bayern,Bayern,8.855
92549,Bayern,Bayern,8.855
92551,Bayern,Bayern,8.855
92552,Bayern,Bayern,8.855
92554,Bayern,Bayern,8.855
92555,Bayern,Bayern,8.855
92557,Bayern,Bayern,8.855
92559,Bayern,Bayern,8.855
92620,Bavaria,Bayern,8.855
92624,Bavaria,Bayern,8.855
92626,Bavaria,Bayern,8.855
92627,Bavaria,Bayern,8.855
92628,Bavaria,Bayern,8.855
92630,Bavaria,Bayern,8.855
92631,Bavaria,Bayern,8.855
92632,Bavaria,Bayern,8.855
92633,Bavaria,Bayern,8.855
92637,Bayern,Bayern,8.855
92648,Bayern,Bayern,8.855
92655,Bayern,Bayern,8.855
92660,Bayern,Bayern,8.855
92665,Bayern,Bayern,8.855
92670,Bayern,Bayern,8.855
92676,Bayern,Bayern,8.855
92681,Bayern,Bayern,8.855
92685,Bayern,Bayern,8.855
92690,Bayern,Bayern,8.855
92693,Bayern,Bayern,8.855
92694,Bayern,Bayern,8.855
92696,Bayern,Bayern,8.855
92697,Bayern,Bayern,8.855
92699,Bayern,Bayern,8.855
92700,Bayern,Bayern,8.855
92702,Bayern,Bayern,8.855
92703,Bayern,Bayern,8.855
92705,Bayern,Bayern,8.855
92706,Bayern,Bayern,8.855
92708,Bayern,Bayern,8.855
92709,Bayern,Bayern,8.855
92711,Bayern,Bayern,8.855
92712,Bayern,Bayern,8.855
92714,Bayern,Bayern,8.855
92715,Bayern,Bayern,8.855
92717,Bayern,Bayern,8.855
92718,Bayern,Bayern,8.855
92720,Bayern,Bayern,8.855
92721,Bayern,Bayern,8.855
92723,Bayern,Bayern,8.855
92724,Bayern,Bayern,8.855
92726,Bayern,Bayern,8.855
92727,Bayern,Bayern,8.855
92729,Bayern,Bayern,8.855
93012,Bavaria,Bayern,8.855
93013,Bavaria,Bayern,8.855
93037,Bavaria,Bayern,8.855
93038,Bavaria,Bayern,8.855
93039,Bavaria,Bayern,8.855
93040,Bavaria,Bayern,8.855
93041,Bavaria,Bayern,8.855
93042,Bavaria,Bayern,8.855
93043,Bavaria,Bayern,8.855
93045,Bavaria,Bayern,8.855
93047,Bayern,Bayern,8.855
93049,Bayern,Bayern,8.855
93051,Bayern,Bayern,8.855
93053,Bayern,Bayern,8.855
93055,Bayern,Bayern,8.855
93057,Bayern,Bayern,8.855
93059,Bayern,Bayern,8.855
93065,Bavaria,Bayern,8.855
93066,Bavaria,Bayern,8.855
93072,Bavaria,Bayern,8.855
93073,Bayern,Bayern,8.855
93077,Bayern,Bayern,8.855
93080,Bayern,Bayern,8.855
93083,Bayern,Bayern,8.855
93086,Bayern,Bayern,8.855
93087,Bayern,Bayern,8.855
93089,Bayern,Bayern,8.855
93090,Bayern,Bayern,8.855
93092,Bayern,Bayern,8.855
93093,Bayern,Bayern,8.855
93095,Bayern,Bayern,8.855
93096,Bayern,Bayern,8.855
93098,Bayern,Bayern,8.855
93099,Bayern,Bayern,8.855
93101,Bayern,Bayern,8.855
93102,Bayern,Bayern,8.855
93104,Bayern,Bayern,8.855
93105,Bayern,Bayern,8.855
93107,Bayern,Bayern,8.855
93109,Bayern,Bayern,8.855
93128,Bayern,Bayern,8.855
93133,Bayern,Bayern,8.855
93138,Bayern,Bayern,8.855
93142,Bayern,Bayern,8.855
93149,Bayern,Bayern,8.855
93152,Bayern,Bayern,8.855
93155,Bayern,Bayern,8.855
93158,Bayern,Bayern,8.855
93161,Bayern,Bayern,8.855
93164,Bayern,Bayern,8.855
93167,Bayern,Bayern,8.855
93170,Bayern,Bayern,8.855
93173,Bayern,Bayern,8.855
93176,Bayern,Bayern,8.855
93177,Bayern,Bayern,8.855
93179,Bayern,Bayern,8.855
93180,Bayern,Bayern,8.855
93182,Bayern,Bayern,8.855
93183,Bayern,Bayern,8.855
93185,Bayern,Bayern,8.855
93186,Bayern,Bayern,8.855
93188,Bayern,Bayern,8.855
93189,Bayern,Bayern,8.855
93191,Bayern,Bayern,8.855
93192,Bayern,Bayern,8.855
93194,Bayern,Bayern,8.855
93195,Bayern,Bayern,8.855
93197,Bayern,Bayern,8.855
93199,Bayern,Bayern,8.855
93308,Bavaria,Bayern,8.855
93309,Bayern,Bayern,8.855
93326,Bayern,Bayern,8.855
93333,Bayern,Bayern,8.855
93336,Bayern,Bayern,8.855
93339,Bayern,Bayern,8.855
93342,Bayern,Bayern,8.855
93343,Bayern,Bayern,8.855
93345,Bayern,Bayern,8.855
93346,Bayern,Bayern,8.855
93348,Bayern,Bayern,8.855
93349,Bayern,Bayern,8.855
93351,Bayern,Bayern,8.855
93352,Bayern,Bayern,8.855
93354,Bayern,Bayern,8.855
93356,Bayern,Bayern,8.855
93358,Bayern,Bayern,8.855
93359,Bayern,Bayern,8.855
93411,Bavaria,Bayern,8.855
93413,Bayern,Bayern,8.855
93426,Bayern,Bayern,8.855
93437,Bayern,Bayern,8.855
93444,Bayern,Bayern,8.855
93449,Bayern,Bayern,8.855
93453,Bayern,Bayern,8.855
93455,Bayern,Bayern,8.855
93458,Bayern,Bayern,8.855
93462,Bayern,Bayern,8.855
93464,Bayern,Bayern,8.855
93466,Bayern,Bayern,8.855
93468,Bayern,Bayern,8.855
93470,Bayern,Bayern,8.855
93471,Bayern,Bayern,8.855
93473,Bayern,Bayern,8.855
93474,Bayern,Bayern,8.855
93476,Bayern,Bayern,8.855
93477,Bayern,Bayern,8.855
93479,Bayern,Bayern,8.855
93480,Bayern,Bayern,8.855
93482,Bayern,Bayern,8.855
93483,Bayern,Bayern,8.855
93485,Bayern,Bayern,8.855
93486,Bayern,Bayern,8.855
93488,Bayern,Bayern,8.855
93489,Bayern,Bayern,8.855
93491,Bayern,Bayern,8.855
93492,Bayern,Bayern,8.855
93494,Bayern,Bayern,8.855
93495,Bayern,Bayern,8.855
93497,Bayern,Bayern,8.855
93499,Bayern,Bayern,8.855
94028,Bavaria,Bayern,8.855
94030,Bavaria,Bayern,8.855
94032,Bayern,Bayern,8.855
94034,Bayern,Bayern,8.855
94036,Bayern,Bayern,8.855
94051,Bayern,Bayern,8.855
94060,Bayern,Bayern,8.855
94065,Bayern,Bayern,8.855
94072,Bayern,Bayern,8.855
94078,Bayern,Bayern,8.855
94081,Bayern,Bayern,8.855
94086,Bayern,Bayern,8.855
94089,Bayern,Bayern,8.855
94094,Bayern,Bayern,8.855
94099,Bayern,Bayern,8.855
94104,Bayern,Bayern,8.855
94107,Bayern,Bayern,8.855
94110,Bayern,Bayern,8.855
94113,Bayern,Bayern,8.855
94116,Bayern,Bayern,8.855
94118,Bayern,Bayern,8.855
94121,Bayern,Bayern,8.855
94124,Bayern,Bayern,8.855
94127,Bayern,Bayern,8.855
94130,Bayern,Bayern,8.855
94133,Bayern,Bayern,8.855
94136,Bayern,Bayern,8.855
94137,Bayern,Bayern,8.855
94139,Bayern,Bayern,8.855
94140,Bayern,Bayern,8.855
94142,Bayern,Bayern,8.855
94143,Bayern,Bayern,8.855
94145,Bayern,Bayern,8.855
94146,Bayern,Bayern,8.855
94148,Bayern,Bayern,8.855
94149,Bayern,Bayern,8.855
94151,Bayern,Bayern,8.855
94152,Bayern,Bayern,8.855
94154,Bayern,Bayern,8.855
94155,Bayern,Bayern,8.855
94157,Bayern,Bayern,8.855
94158,Bayern,Bayern,8.855
94160,Bayern,Bayern,8.855
94161,Bayern,Bayern,8.855
94163,Bayern,Bayern,8.855
94164,Bayern,Bayern,8.855
94166,Bayern,Bayern,8.855
94167,Bayern,Bayern,8.855
94169,Bayern,Bayern,8.855
94209,Bayern,Bayern,8.855
94227,Bayern,Bayern,8.855
94232,Bavaria,Bayern,8.855
94233,Bavaria,Bayern,8.855
94234,Bayern,Bayern,8.855
94239,Bayern,Bayern,8.855
94244,Bayern,Bayern,8.855
94249,Bayern,Bayern,8.855
94250,Bayern,Bayern,8.855
94252,Bayern,Bayern,8.855
94253,Bayern,Bayern,8.855
94255,Bayern,Bayern,8.855
94256,Bayern,Bayern,8.855
94258,Bayern,Bayern,8.855
94259,Bayern,Bayern,8.855
94261,Bayern,Bayern,8.855
94262,Bayern,Bayern,8.855
94264,Bayern,Bayern,8.855
94265,Bayern,Bayern,8.855
94267,Bayern,Bayern,8.855
94269,Bayern,Bayern,8.855
94310,Bavaria,Bayern,8.855
94312,Bavaria,Bayern,8.855
94315,Bayern,Bayern,8.855
94327,Bayern,Bayern,8.855
94330,Bayern,Bayern,8.855
94333,Bayern,Bayern,8.855
94336,Bayern,Bayern,8.855
94339,Bayern,Bayern,8.855
94342,Bayern,Bayern,8.855
94344,Bayern,Bayern,8.855
94345,Bayern,Bayern,8.855
94347,Bayern,Bayern,8.855
94348,Bayern,Bayern,8.855
94350,Bayern,Bayern,8.855
94351,Bayern,Bayern,8.855
94353,Bayern,Bayern,8.855
94354,Bayern,Bayern,8.855
94356,Bayern,Bayern,8.855
94357,Bayern,Bayern,8.855
94359,Bayern,Bayern,8.855
94360,Bayern,Bayern,8.855
94362,Bayern,Bayern,8.855
94363,Bayern,Bayern,8.855
94365,Bayern,Bayern,8.855
94366,Bayern,Bayern,8.855
94368,Bayern,Bayern,8.855
94369,Bayern,Bayern,8.855
94371,Bayern,Bayern,8.855
94372,Bayern,Bayern,8.855
94374,Bayern,Bayern,8.855
94375,Bayern,Bayern,8.855
94377,Bayern,Bayern,8.855
94379,Bayern,Bayern,8.855
94405,Bayern,Bayern,8.855
94419,Bayern,Bayern,8.855
94424,Bayern,Bayern,8.855
94428,Bayern,Bayern,8.855
94431,Bayern,Bayern,8.855
94436,Bayern,Bayern,8.855
94437,Bayern,Bayern,8.855
94439,Bayern,Bayern,8.855
94447,Bayern,Bayern,8.855
94466,Bavaria,Bayern,8.855
94469,Bayern,Bayern,8.855
94474,Bayern,Bayern,8.855
94481,Bayern,Bayern,8.855
94486,Bayern,Bayern,8.855
94491,Bayern,Bayern,8.855
94496,Bayern,Bayern,8.855
94501,Bayern,Bayern,8.855
94505,Bayern,Bayern,8.855
94508,Bayern,Bayern,8.855
94513,Bayern,Bayern,8.855
94518,Bayern,Bayern,8.855
94522,Bayern,Bayern,8.855
94526,Bayern,Bayern,8.855
94527,Bayern,Bayern,8.855
94529,Bayern,Bayern,8.855
94530,Bayern,Bayern,8.855
94532,Bayern,Bayern,8.855
94533,Bayern,Bayern,8.855
94535,Bayern,Bayern,8.855
94536,Bayern,Bayern,8.855
94538,Bayern,Bayern,8.855
94539,Bayern,Bayern,8.855
94541,Bayern,Bayern,8.855
94542,Bayern,Bayern,8.855
94544,Bayern,Bayern,8.855
94545,Bayern,Bayern,8.855
94547,Bayern,Bayern,8.855
94548,Bayern,Bayern,8.855
94550,Bayern,Bayern,8.855
94551,Bayern,Bayern,8.855
94553,Bayern,Bayern,8.855
94554,Bayern,Bayern,8.855
94556,Bayern,Bayern,8.855
94557,Bayern,Bayern,8.855
94559,Bayern,Bayern,8.855
94560,Bayern,Bayern,8.855
94562,Bayern,Bayern,8.855
94563,Bayern,Bayern,8.855
94565,Bayern,Bayern,8.855
94566,Bayern,Bayern,8.855
94568,Bayern,Bayern,8.855
94569,Bayern,Bayern,8.855
94571,Bayern,Bayern,8.855
94572,Bayern,Bayern,8.855
94574,Bayern,Bayern,8.855
94575,Bayern,Bayern,8.855
94577,Bayern,Bayern,8.855
94579,Bayern,Bayern,8.855
95025,Bavaria,Bayern,8.855
95027,Bavaria,Bayern,8.855
95028,Bayern,Bayern,8.855
95030,Bayern,Bayern,8.855
95032,Bayern,Bayern,8.855
95098,Bavaria,Bayern,8.855
95100,Bayern,Bayern,8.855
95111,Bayern,Bayern,8.855
95119,Bayern,Bayern,8.855
95126,Bayern,Bayern,8.855
95131,Bayern,Bayern,8.855
95138,Bayern,Bayern,8.855
95145,Bayern,Bayern,8.855
95152,Bayern,Bayern,8.855
95158,Bayern,Bayern,8.855
95163,Bayern,Bayern,8.855
95168,Bayern,Bayern,8.855
95173,Bayern,Bayern,8.855
95176,Bayern,Bayern,8.855
95179,Bayern,Bayern,8.855
95180,Bayern,Bayern,8.855
95182,Bayern,Bayern,8.855
95183,Bayern,Bayern,8.855
95185,Bayern,Bayern,8.855
95186,Bayern,Bayern,8.855
95188,Bayern,Bayern,8.855
95189,Bayern,Bayern,8.855
95191,Bayern,Bayern,8.855
95192,Bayern,Bayern,8.855
95194,Bayern,Bayern,8.855
95195,Bayern,Bayern,8.855
95197,Bayern,Bayern,8.855
95199,Bayern,Bayern,8.855
95212,Bavaria,Bayern,8.855
95213,Bayern,Bayern,8.855
95233,Bayern,Bayern,8.855
95234,Bayern,Bayern,8.855
95236,Bayern,Bayern,8.855
95237,Bayern,Bayern,8.855
95239,Bayern,Bayern,8.855
95326,Bayern,Bayern,8.855
95336,Bayern,Bayern,8.855
95339,Bayern,Bayern,8.855
95346,Bayern,Bayern,8.855
95349,Bayern,Bayern,8.855
95352,Bayern,Bayern,8.855
95355,Bayern,Bayern,8.855
95356,Bayern,Bayern,8.855
95358,Bayern,Bayern,8.855
95359,Bayern,Bayern,8.855
95361,Bayern,Bayern,8.855
95362,Bayern,Bayern,8.855
95364,Bayern,Bayern,8.855
95365,Bayern,Bayern,8.855
95367,Bayern,Bayern,8.855
95369,Bayern,Bayern,8.855
95440,Bavaria,Bayern,8.855
95442,Bavaria,Bayern,8.855
95444,Bayern,Bayern,8.855
95445,Bayern,Bayern,8.855
95447,Bayern,Bayern,8.855
95448,Bayern,Bayern,8.855
95455,Bavaria,Bayern,8.855
95460,Bayern,Bayern,8.855
95463,Bayern,Bayern,8.855
95466,Bayern,Bayern,8.855
95469,Bayern,Bayern,8.855
95473,Bayern,Bayern,8.855
95478,Bayern,Bayern,8.855
95482,Bayern,Bayern,8.855
95485,Bayern,Bayern,8.855
95488,Bayern,Bayern,8.855
95490,Bayern,Bayern,8.855
95491,Bayern,Bayern,8.855
95493,Bayern,Bayern,8.855
95494,Bayern,Bayern,8.855
95496,Bayern,Bayern,8.855
95497,Bayern,Bayern,8.855
95499,Bayern,Bayern,8.855
95500,Bayern,Bayern,8.855
95502,Bayern,Bayern,8.855
95503,Bayern,Bayern,8.855
95505,Bayern,Bayern,8.855
95506,Bayern,Bayern,8.855
95508,Bayern,Bayern,8.855
95509,Bayern,Bayern,8.855
95511,Bayern,Bayern,8.855
95512,Bayern,Bayern,8.855
95514,Bayern,Bayern,8.855
95515,Bayern,Bayern,8.855
95517,Bayern,Bayern,8.855
95519,Bayern,Bayern,8.855
95614,Bavaria,Bayern,8.855
95615,Bayern,Bayern,8.855
95631,Bavaria,Bayern,8.855
95632,Bayern,Bayern,8.855
95643,Bayern,Bayern,8.855
95652,Bayern,Bayern,8.855
95659,Bayern,Bayern,8.855
95666,Bayern,Bayern,8.855
95671,Bayern,Bayern,8.855
95676,Bayern,Bayern,8.855
95679,Bayern,Bayern,8.855
95680,Bayern,Bayern,8.855
95682,Bayern,Bayern,8.855
95683,Bayern,Bayern,8.855
95685,Bayern,Bayern,8.855
95686,Bayern,Bayern,8.855
95688,Bayern,Bayern,8.855
95689,Bayern,Bayern,8.855
95691,Bayern,Bayern,8.855
95692,Bayern,Bayern,8.855
95694,Bayern,Bayern,8.855
95695,Bayern,Bayern,8.855
95697,Bayern,Bayern,8.855
95698,Bayern,Bayern,8.855
95700,Bayern,Bayern,8.855
95701,Bayern,Bayern,8.855
95703,Bayern,Bayern,8.855
95704,Bayern,Bayern,8.855
95706,Bayern,Bayern,8.855
95707,Bayern,Bayern,8.855
95709,Bayern,Bayern,8.855
96035,Land Berlin,Berlin,10.165
96039,Nordrhein-Westfalen,Nordrhein-Westfalen,10.21
96044,Bavaria,Bayern,8.855
96045,Bavaria,Bayern,8.855
96047,Bayern,Bayern,8.855
96049,Bayern,Bayern,8.855
96050,Bayern,Bayern,8.855
96052,Bayern,Bayern,8.855
96060,Bavaria,Bayern,8.855
96061,Bavaria,Bayern,8.855
96063,Hessen,Hessen,9.555
96076,Land Berlin,Berlin,10.165
96077,Bavaria,Bayern,8.855
96103,Bayern,Bayern,8.855
96106,Bayern,Bayern,8.855
96110,Bayern,Bayern,8.855
96114,Bayern,Bayern,8.855
96117,Bayern,Bayern,8.855
96120,Bayern,Bayern,8.855
96123,Bayern,Bayern,8.855
96126,Bayern,Bayern,8.855
96129,Bayern,Bayern,8.855
96132,Bayern,Bayern,8.855
96135,Bayern,Bayern,8.855
96138,Bayern,Bayern,8.855
96142,Bayern,Bayern,8.855
96145,Bayern,Bayern,8.855
96146,Bayern,Bayern,8.855
96148,Bayern,Bayern,8.855
96149,Bayern,Bayern,8.855
96151,Bayern,Bayern,8.855
96152,Bayern,Bayern,8.855
96154,Bayern,Bayern,8.855
96155,Bayern,Bayern,8.855
96157,Bayern,Bayern,8.855
96158,Bayern,Bayern,8.855
96160,Bayern,Bayern,8.855
96161,Bayern,Bayern,8.855
96163,Bayern,Bayern,8.855
96164,Bayern,Bayern,8.855
96166,Bayern,Bayern,8.855
96167,Bayern,Bayern,8.855
96169,Bayern,Bayern,8.855
96170,Bayern,Bayern,8.855
96172,Bayern,Bayern,8.855
96173,Bayern,Bayern,8.855
96175,Bayern,Bayern,8.855
96176,Bayern,Bayern,8.855
96178,Bayern,Bayern,8.855
96179,Bayern,Bayern,8.855
96181,Bayern,Bayern,8.855
96182,Bayern,Bayern,8.855
96184,Bayern,Bayern,8.855
96185,Bayern,Bayern,8.855
96187,Bayern,Bayern,8.855
96188,Bayern,Bayern,8.855
96190,Bayern,Bayern,8.855
96191,Bayern,Bayern,8.855
96193,Bayern,Bayern,8.855
96194,Bayern,Bayern,8.855
96196,Bayern,Bayern,8.855
96197,Bayern,Bayern,8.855
96199,Bayern,Bayern,8.855
96215,Bayern,Bayern,8.855
96222,Bavaria,Bayern,8.855
96223,Bavaria,Bayern,8.855
96224,Bayern,Bayern,8.855
96231,Bayern,Bayern,8.855
96237,Bayern,Bayern,8.855
96242,Bayern,Bayern,8.855
96247,Bayern,Bayern,8.855
96250,Bayern,Bayern,8.855
96253,Bayern,Bayern,8.855
96257,Bayern,Bayern,8.855
96260,Bayern,Bayern,8.855
96264,Bayern,Bayern,8.855
96268,Bayern,Bayern,8.855
96269,Bayern,Bayern,8.855
96271,Bayern,Bayern,8.855
96272,Bayern,Bayern,8.855
96274,Bayern,Bayern,8.855
96275,Bayern,Bayern,8.855
96277,Bayern,Bayern,8.855
96279,Bayern,Bayern,8.855
96317,Bayern,Bayern,8.855
96328,Bayern,Bayern,8.855
96332,Bayern,Bayern,8.855
96337,Bayern,Bayern,8.855
96342,Bayern,Bayern,8.855
96346,Bayern,Bayern,8.855
96349,Bayern,Bayern,8.855
96352,Bayern,Bayern,8.855
96355,Bayern,Bayern,8.855
96358,Bayern,Bayern,8.855
96361,Bayern,Bayern,8.855
96364,Bayern,Bayern,8.855
96365,Bayern,Bayern,8.855
96367,Bayern,Bayern,8.855
96369,Bayern,Bayern,8.855
96435,Bavaria,Bayern,8.855
96436,Bavaria,Bayern,8.855
96438,Bavaria,Bayern,8.855
96441,Bavaria,Bayern,8.855
96444,Bavaria,Bayern,8.855
96447,Bavaria,Bayern,8.855
96448,Bavaria,Bayern,8.855
96450,Bayern,Bayern,8.855
96465,Bayern,Bayern,8.855
96472,Bayern,Bayern,8.855
96475,Bavaria,Bayern,8.855
96476,Bayern,Bayern,8.855
96479,Bayern,Bayern,8.855
96482,Bayern,Bayern,8.855
96484,Bayern,Bayern,8.855
96486,Bayern,Bayern,8.855
96487,Bayern,Bayern,8.855
96489,Bayern,Bayern,8.855
96515,Thüringen,Thüringen,9.075
96523,Thüringen,Thüringen,9.075
96524,Thüringen,Thüringen,9.075
96528,Thüringen,Thüringen,9.075
97024,Bavaria,Bayern,8.855
97025,Bavaria,Bayern,8.855
97064,Bavaria,Bayern,8.855
97066,Bavaria,Bayern,8.855
97067,Bavaria,Bayern,8.855
97070,Bayern,Bayern,8.855
97072,Bayern,Bayern,8.855
97074,Bayern,Bayern,8.855
97076,Bayern,Bayern,8.855
97078,Bayern,Bayern,8.855
97080,Bayern,Bayern,8.855
97082,Bayern,Bayern,8.855
97084,Bayern,Bayern,8.855
97099,Bavaria,Bayern,8.855
97101,Bavaria,Bayern,8.855
97103,Bavaria,Bayern,8.855
97199,Bayern,Bayern,8.855
97204,Bayern,Bayern,8.855
97209,Bayern,Bayern,8.855
97215,Bayern,Bayern,8.855
97218,Bayern,Bayern,8.855
97222,Bayern,Bayern,8.855
97225,Bayern,Bayern,8.855
97227,Bavaria,Bayern,8.855
97228,Bayern,Bayern,8.855
97230,Bayern,Bayern,8.855
97232,Bayern,Bayern,8.855
97234,Bayern,Bayern,8.855
97236,Bayern,Bayern,8.855
97237,Bayern,Bayern,8.855
97239,Bayern,Bayern,8.855
97241,Bayern,Bayern,8.855
97243,Bayern,Bayern,8.855
97244,Bayern,Bayern,8.855
97246,Bayern,Bayern,8.855
97247,Bayern,Bayern,8.855
97249,Bayern,Bayern,8.855
97250,Bayern,Bayern,8.855
97252,Bayern,Bayern,8.855
97253,Bayern,Bayern,8.855
97255,Bayern,Bayern,8.855
97256,Bayern,Bayern,8.855
97258,Bayern,Bayern,8.855
97259,Bayern,Bayern,8.855
97261,Bayern,Bayern,8.855
97262,Bayern,Bayern,8.855
97264,Bayern,Bayern,8.855
97265,Bayern,Bayern,8.855
97267,Bayern,Bayern,8.855
97268,Bayern,Bayern,8.855
97270,Bayern,Bayern,8.855
97271,Bayern,Bayern,8.855
97273,Bayern,Bayern,8.855
97274,Bayern,Bayern,8.855
97276,Bayern,Bayern,8.855
97277,Bayern,Bayern,8.855
97279,Bayern,Bayern,8.855
97280,Bayern,Bayern,8.855
97282,Bayern,Bayern,8.855
97283,Bayern,Bayern,8.855
97285,Bayern,Bayern,8.855
97286,Bayern,Bayern,8.855
97288,Bayern,Bayern,8.855
97289,Bayern,Bayern,8.855
97291,Bayern,Bayern,8.855
97292,Bayern,Bayern,8.855
97294,Bayern,Bayern,8.855
97295,Bayern,Bayern,8.855
97297,Bayern,Bayern,8.855
97299,Bayern,Bayern,8.855
97318,Bayern,Bayern,8.855
97320,Bayern,Bayern,8.855
97332,Bayern,Bayern,8.855
97334,Bayern,Bayern,8.855
97337,Bayern,Bayern,8.855
97340,Bayern,Bayern,8.855
97342,Bayern,Bayern,8.855
97346,Bayern,Bayern,8.855
97348,Bayern,Bayern,8.855
97350,Bayern,Bayern,8.855
97353,Bayern,Bayern,8.855
97355,Bayern,Bayern,8.855
97357,Bayern,Bayern,8.855
97359,Bayern,Bayern,8.855
97412,Bayern,Bayern,8.855
97418,Bavaria,Bayern,8.855
97419,Bavaria,Bayern,8.855
97420,Bavaria,Bayern,8.855
97421,Bayern,Bayern,8.855
97422,Bayern,Bayern,8.855
97424,Bayern,Bayern,8.855
97437,Bayern,Bayern,8.855
97440,Bayern,Bayern,8.855
97447,Bayern,Bayern,8.855
97450,Bayern,Bayern,8.855
97453,Bayern,Bayern,8.855
97456,Bayern,Bayern,8.855
97461,Bayern,Bayern,8.855
97464,Bayern,Bayern,8.855
97469,Bayern,Bayern,8.855
97475,Bayern,Bayern,8.855
97478,Bayern,Bayern,8.855
97483,Bayern,Bayern,8.855
97486,Bayern,Bayern,8.855
97488,Bayern,Bayern,8.855
97490,Bayern,Bayern,8.855
97491,Bayern,Bayern,8.855
97493,Bayern,Bayern,8.855
97494,Bayern,Bayern,8.855
97496,Bayern,Bayern,8.855
97497,Bayern,Bayern,8.855
97499,Bayern,Bayern,8.855
97500,Bayern,Bayern,8.855
97502,Bayern,Bayern,8.855
97503,Bayern,Bayern,8.855
97505,Bayern,Bayern,8.855
97506,Bayern,Bayern,8.855
97508,Bayern,Bayern,8.855
97509,Bayern,Bayern,8.855
97511,Bayern,Bayern,8.855
97513,Bayern,Bayern,8.855
97514,Bayern,Bayern,8.855
97516,Bayern,Bayern,8.855
97517,Bayern,Bayern,8.855
97519,Bayern,Bayern,8.855
97520,Bayern,Bayern,8.855
97522,Bayern,Bayern,8.855
97523,Bayern,Bayern,8.855
97525,Bayern,Bayern,8.855
97526,Bayern,Bayern,8.855
97528,Bayern,Bayern,8.855
97529,Bayern,Bayern,8.855
97531,Bayern,Bayern,8.855
97532,Bayern,Bayern,8.855
97534,Bayern,Bayern,8.855
97535,Bayern,Bayern,8.855
97537,Bayern,Bayern,8.855
97539,Bayern,Bayern,8.855
97615,Bavaria,Bayern,8.855
97616,Bayern,Bayern,8.855
97618,Bayern,Bayern,8.855
97631,Bayern,Bayern,8.855
97633,Bayern,Bayern,8.855
97638,Bayern,Bayern,8.855
97640,Bayern,Bayern,8.855
97645,Bayern,Bayern,8.855
97647,Bayern,Bayern,8.855
97650,Bayern,Bayern,8.855
97653,Bayern,Bayern,8.855
97654,Bayern,Bayern,8.855
97656,Bayern,Bayern,8.855
97657,Bayern,Bayern,8.855
97659,Bayern,Bayern,8.855
97685,Bavaria,Bayern,8.855
97688,Bayern,Bayern,8.855
97702,Bayern,Bayern,8.855
97705,Bayern,Bayern,8.855
97708,Bayern,Bayern,8.855
97711,Bayern,Bayern,8.855
97714,Bayern,Bayern,8.855
97717,Bayern,Bayern,8.855
97720,Bayern,Bayern,8.855
97723,Bayern,Bayern,8.855
97724,Bayern,Bayern,8.855
97725,Bayern,Bayern,8.855
97727,Bayern,Bayern,8.855
97729,Bayern,Bayern,8.855
97737,Bayern,Bayern,8.855
97753,Bayern,Bayern,8.855
97762,Bayern,Bayern,8.855
97769,Bayern,Bayern,8.855
97772,Bayern,Bayern,8.855
97773,Bayern,Bayern,8.855
97775,Bayern,Bayern,8.855
97776,Bayern,Bayern,8.855
97778,Bayern,Bayern,8.855
97779,Bayern,Bayern,8.855
97780,Bayern,Bayern,8.855
97782,Bayern,Bayern,8.855
97783,Bayern,Bayern,8.855
97785,Bayern,Bayern,8.855
97786,Bayern,Bayern,8.855
97788,Bayern,Bayern,8.855
97789,Bayern,Bayern,8.855
97791,Bayern,Bayern,8.855
97792,Bayern,Bayern,8.855
97794,Bayern,Bayern,8.855
97795,Bayern,Bayern,8.855
97797,Bayern,Bayern,8.855
97799,Bayern,Bayern,8.855
97813,Bavaria,Bayern,8.855
97814,Bavaria,Bayern,8.855
97816,Bayern,Bayern,8.855
97828,Bayern,Bayern,8.855
97833,Bayern,Bayern,8.855
97834,Bayern,Bayern,8.855
97836,Bayern,Bayern,8.855
97837,Bayern,Bayern,8.855
97839,Bayern,Bayern,8.855
97840,Bayern,Bayern,8.855
97842,Bayern,Bayern,8.855
97843,Bayern,Bayern,8.855
97845,Bayern,Bayern,8.855
97846,Bayern,Bayern,8.855
97848,Bayern,Bayern,8.855
97849,Bayern,Bayern,8.855
97851,Bayern,Bayern,8.855
97852,Bayern,Bayern,8.855
97854,Bayern,Bayern,8.855
97855,Bayern,Bayern,8.855
97857,Bayern,Bayern,8.855
97859,Bayern,Bayern,8.855
97877,Baden-Württemberg,Baden-Württemberg,9.35
97892,Bayern,Bayern,8.855
97896,Baden-Württemberg,Baden-Württemberg,9.35
97900,Baden-Württemberg,Baden-Württemberg,9.35
97901,Bayern,Bayern,8.855
97903,Bayern,Bayern,8.855
97904,Bayern,Bayern,8.855
97906,Bayern,Bayern,8.855
97907,Bayern,Bayern,8.855
97909,Bayern,Bayern,8.855
97922,Baden-Württemberg,Baden-Württemberg,9.35
97941,Baden-Württemberg,Baden-Württemberg,9.35
97944,Baden-Württemberg,Baden-Württemberg,9.35
97947,Baden-Württemberg,Baden-Württemberg,9.35
97950,Baden-Württemberg,Baden-Württemberg,9.35
97953,Baden-Württemberg,Baden-Württemberg,9.35
97956,Baden-Württemberg,Baden-Württemberg,9.35
97957,Baden-Württemberg,Baden-Württemberg,9.35
97959,Baden-Württemberg,Baden-Württemberg,9.35
97980,Baden-Württemberg,Baden-Württemberg,9.35
97990,Baden-Württemberg,Baden-Württemberg,9.35
97993,Baden-Württemberg,Baden-Württemberg,9.35
97996,Baden-Württemberg,Baden-Württemberg,9.35
97999,Baden-Württemberg,Baden-Württemberg,9.35
98496,Thuringia,Thüringen,9.075
98497,Thuringia,Thüringen,9.075
98523,Thuringia,Thüringen,9.075
98527,Thüringen,Thüringen,9.075
98528,Thüringen,Thüringen,9.075
98529,Thüringen,Thüringen,9.075
98530,Thüringen,Thüringen,9.075
98544,Thüringen,Thüringen,9.075
98547,Thüringen,Thüringen,9.075
98553,Thüringen,Thüringen,9.075
98554,Thüringen,Thüringen,9.075
98559,Thüringen,Thüringen,9.075
98574,Thüringen,Thüringen,9.075
98587,Thüringen,Thüringen,9.075
98590,Thüringen,Thüringen,9.075
98593,Thüringen,Thüringen,9.075
98596,Thüringen,Thüringen,9.075
98597,Thüringen,Thüringen,9.075
98599,Thüringen,Thüringen,9.075
98610,Thuringia,Thüringen,9.075
98617,Thüringen,Thüringen,9.075
98630,Thüringen,Thüringen,9.075
98631,Thüringen,Thüringen,9.075
98634,Thüringen,Thüringen,9.075
98639,Thüringen,Thüringen,9.075
98646,Thüringen,Thüringen,9.075
98660,Thüringen,Thüringen,9.075
98663,Thüringen,Thüringen,9.075
98666,Thüringen,Thüringen,9.075
98667,Thüringen,Thüringen,9.075
98669,Thüringen,Thüringen,9.075
98673,Thüringen,Thüringen,9.075
98678,Thüringen,Thüringen,9.075
98693,Thüringen,Thüringen,9.075
98701,Thüringen,Thüringen,9.075
98704,Thüringen,Thüringen,9.075
98708,Thüringen,Thüringen,9.075
98711,Thüringen,Thüringen,9.075
98714,Thüringen,Thüringen,9.075
98716,Thüringen,Thüringen,9.075
98724,Thüringen,Thüringen,9.075
98739,Thüringen,Thüringen,9.075
98743,Thüringen,Thüringen,9.075
98744,Thüringen,Thüringen,9.075
98746,Thüringen,Thüringen,9.075
98749,Thüringen,Thüringen,9.075
99060,Thuringia,Thüringen,9.075
99068,Thuringia,Thüringen,9.075
99073,Thuringia,Thüringen,9.075
99075,Thuringia,Thüringen,9.075
99077,Thuringia,Thüringen,9.075
99078,Thuringia,Thüringen,9.075
99079,Thuringia,Thüringen,9.075
99080,Thuringia,Thüringen,9.075
99081,Thuringia,Thüringen,9.075
99084,Thüringen,Thüringen,9.075
99085,Thüringen,Thüringen,9.075
99086,Thüringen,Thüringen,9.075
99087,Thüringen,Thüringen,9.075
99089,Thüringen,Thüringen,9.075
99091,Thüringen,Thüringen,9.075
99092,Thüringen,Thüringen,9.075
99094,Thüringen,Thüringen,9.075
99096,Thüringen,Thüringen,9.075
99097,Thüringen,Thüringen,9.075
99098,Thüringen,Thüringen,9.075
99099,Thüringen,Thüringen,9.075
99100,Thüringen,Thüringen,9.075
99102,Thüringen,Thüringen,9.075
99111,Thuringia,Thüringen,9.075
99112,Thuringia,Thüringen,9.075
99113,Thuringia,Thüringen,9.075
99114,Thuringia,Thüringen,9.075
99115,Thuringia,Thüringen,9.075
99116,Thuringia,Thüringen,9.075
99117,Thuringia,Thüringen,9.075
99130,Thüringen,Thüringen,9.075
99189,Thüringen,Thüringen,9.075
99192,Thüringen,Thüringen,9.075
99195,Thüringen,Thüringen,9.075
99198,Thüringen,Thüringen,9.075
99310,Thüringen,Thüringen,9.075
99326,Thüringen,Thüringen,9.075
99330,Thüringen,Thüringen,9.075
99334,Thüringen,Thüringen,9.075
99338,Thüringen,Thüringen,9.075
99420,Thuringia,Thüringen,9.075
99421,Thuringia,Thüringen,9.075
99423,Thüringen,Thüringen,9.075
99425,Thüringen,Thüringen,9.075
99427,Thüringen,Thüringen,9.075
99428,Thüringen,Thüringen,9.075
99437,Thuringia,Thüringen,9.075
99438,Thüringen,Thüringen,9.075
99439,Thüringen,Thüringen,9.075
99441,Thüringen,Thüringen,9.075
99444,Thüringen,Thüringen,9.075
99448,Thüringen,Thüringen,9.075
99510,Thüringen,Thüringen,9.075
99518,Thüringen,Thüringen,9.075
99610,Thüringen,Thüringen,9.075
99625,Thüringen,Thüringen,9.075
99628,Thüringen,Thüringen,9.075
99631,Thüringen,Thüringen,9.075
99634,Thüringen,Thüringen,9.075
99636,Thüringen,Thüringen,9.075
99638,Thüringen,Thüringen,9.075
99706,Thüringen,Thüringen,9.075
99707,Thüringen,Thüringen,9.075
99713,Thüringen,Thüringen,9.075
99718,Thüringen,Thüringen,9.075
99734,Thüringen,Thüringen,9.075
99735,Thüringen,Thüringen,9.075
99738,Thuringia,Thüringen,9.075
99752,Thüringen,Thüringen,9.075
99755,Thüringen,Thüringen,9.075
99759,Thüringen,Thüringen,9.075
99762,Thüringen,Thüringen,9.075
99765,Thüringen,Thüringen,9.075
99768,Thüringen,Thüringen,9.075
99815,Thuringia,Thüringen,9.075
99817,Thüringen,Thüringen,9.075
99819,Thüringen,Thüringen,9.075
99820,Thüringen,Thüringen,9.075
99826,Thüringen,Thüringen,9.075
99830,Thüringen,Thüringen,9.075
99831,Thüringen,Thüringen,9.075
99834,Thüringen,Thüringen,9.075
99837,Thüringen,Thüringen,9.075
99842,Thüringen,Thüringen,9.075
99846,Thüringen,Thüringen,9.075
99848,Thüringen,Thüringen,9.075
99867,Thüringen,Thüringen,9.075
99869,Thüringen,Thüringen,9.075
99878,Thuringia,Thüringen,9.075
99880,Thüringen,Thüringen,9.075
99885,Thüringen,Thüringen,9.075
99887,Thüringen,Thüringen,9.075
99891,Thüringen,Thüringen,9.075
99893,Thuringia,Thüringen,9.075
99894,Thüringen,Thüringen,9.075
99897,Thüringen,Thüringen,9.075
99947,Thüringen,Thüringen,9.075
99955,Thüringen,Thüringen,9.075
99958,Thüringen,Thüringen,9.075
99974,Thüringen,Thüringen,9.075
99976,Thüringen,Thüringen,9.075
99986,Thüringen,Thüringen,9.075
99988,Thüringen,Thüringen,9.075
99991,Thüringen,Thüringen,9.075
99994,Thüringen,Thüringen,9.075
99996,Thüringen,Thüringen,9.075
99998,Thüringen,Thüringen,9.075
