Postal Code,State,Region,Design Temperature (°C)
01053,Saxony,Sachsen,9.46
01054,Saxony,Sachsen,9.46
01055,Saxony,Sachsen,9.46
01056,Saxony,Sachsen,9.46
01057,Saxony,Sachsen,9.46
01058,Saxony,Sachsen,9.46
01059,Saxony,Sachsen,9.46
01060,Saxony,Sachsen,9.46
01062,Saxony,Sachsen,9.46
01063,Saxony,Sachsen,9.46
01064,Saxony,Sachsen,9.46
01065,Saxony,Sachsen,9.46
01067,Sachsen,Sachsen,9.46
01069,Sachsen,Sachsen,9.46
01070,Saxony,Sachsen,9.46
01095,Saxony,Sachsen,9.46
01097,Sachsen,Sachsen,9.46
01099,Sachsen,Sachsen,9.46
01108,Sachsen,Sachsen,9.46
01109,Sachsen,Sachsen,9.46
01127,Sachsen,Sachsen,9.46
01129,Sachsen,Sachsen,9.46
01139,Sachsen,Sachsen,9.46
01156,Sachsen,Sachsen,9.46
01157,Sachsen,Sachsen,9.46
01159,Sachsen,Sachsen,9.46
01169,Sachsen,Sachsen,9.46
01187,Sachsen,Sachsen,9.46
01189,Sachsen,Sachsen,9.46
01213,Saxony,Sachsen,9.46
01217,Sachsen,Sachsen,9.46
01219,Sachsen,Sachsen,9.46
01237,Sachsen,Sachsen,9.46
01239,Sachsen,Sachsen,9.46
01255,Saxony,Sachsen,9.46
01257,Sachsen,Sachsen,9.46
01259,Sachsen,Sachsen,9.46
01264,Saxony,Sachsen,9.46
01277,Sachsen,Sachsen,9.46
01279,Sachsen,Sachsen,9.46
01303,Saxony,Sachsen,9.46
01304,Saxony,Sachsen,9.46
01305,Saxony,Sachsen,9.46
01307,Sachsen,Sachsen,9.46
01309,Sachsen,Sachsen,9.46
01324,Sachsen,Sachsen,9.46
01326,Sachsen,Sachsen,9.46
01328,Sachsen,Sachsen,9.46
01332,Saxony,Sachsen,9.46
01333,Saxony,Sachsen,9.46
01445,Sachsen,Sachsen,9.46
01454,Sachsen,Sachsen,9.46
01458,Sachsen,Sachsen,9.46
01465,Sachsen,Sachsen,9.46
01468,Sachsen,Sachsen,9.46
01471,Sachsen,Sachsen,9.46
01477,Sachsen,Sachsen,9.46
01558,Sachsen,Sachsen,9.46
01561,Sachsen,Sachsen,9.46
01585,Saxony,Sachsen,9.46
01587,Sachsen,Sachsen,9.46
01589,Sachsen,Sachsen,9.46
01591,Sachsen,Sachsen,9.46
01594,Sachsen,Sachsen,9.46
01609,Sachsen,Sachsen,9.46
01612,Sachsen,Sachsen,9.46
01616,Sachsen,Sachsen,9.46
01619,Sachsen,Sachsen,9.46
01623,Sachsen,Sachsen,9.46
01640,Sachsen,Sachsen,9.46
01662,Sachsen,Sachsen,9.46
01665,Sachsen,Sachsen,9.46
01683,Sachsen,Sachsen,9.46
01689,Sachsen,Sachsen,9.46
01705,Sachsen,Sachsen,9.46
01723,Sachsen,Sachsen,9.46
01728,Sachsen,Sachsen,9.46
01730,Saxony,Sachsen,9.46
01731,Sachsen,Sachsen,9.46
01734,Sachsen,Sachsen,9.46
01737,Sachsen,Sachsen,9.46
01738,Sachsen,Sachsen,9.46
01744,Sachsen,Sachsen,9.46
01762,Sachsen,Sachsen,9.46
01768,Sachsen,Sachsen,9.46
01773,Sachsen,Sachsen,9.46
01774,Sachsen,Sachsen,9.46
01776,Sachsen,Sachsen,9.46
01778,Sachsen,Sachsen,9.46
01793,Saxony,Sachsen,9.46
01796,Sachsen,Sachsen,9.46
01809,Sachsen,Sachsen,9.46
01814,Sachsen,Sachsen,9.46
01816,Sachsen,Sachsen,9.46
01819,Sachsen,Sachsen,9.46
01824,Sachsen,Sachsen,9.46
01825,Sachsen,Sachsen,9.46
01829,Sachsen,Sachsen,9.46
01833,Sachsen,Sachsen,9.46
01844,Sachsen,Sachsen,9.46
01847,Sachsen,Sachsen,9.46
01848,Sachsen,Sachsen,9.46
01855,Sachsen,Sachsen,9.46
01877,Sachsen,Sachsen,9.46
01896,Sachsen,Sachsen,9.46
01900,Sachsen,Sachsen,9.46
01904,Sachsen,Sachsen,9.46
01906,Sachsen,Sachsen,9.46
01909,Sachsen,Sachsen,9.46
01917,Sachsen,Sachsen,9.46
01920,Sachsen,Sachsen,9.46
01936,Sachsen,Sachsen,9.46
01945,Brandenburg,Brandenburg,10.150000000000002
01968,Brandenburg,Brandenburg,10.150000000000002
01979,Brandenburg,Brandenburg,10.150000000000002
01983,Brandenburg,Brandenburg,10.150000000000002
01987,Brandenburg,Brandenburg,10.150000000000002
01990,Brandenburg,Brandenburg,10.150000000000002
01993,Brandenburg,Brandenburg,10.150000000000002
01994,Brandenburg,Brandenburg,10.150000000000002
01996,Brandenburg,Brandenburg,10.150000000000002
01998,Brandenburg,Brandenburg,10.150000000000002
02619,Saxony,Sachsen,9.46
02620,Saxony,Sachsen,9.46
02621,Saxony,Sachsen,9.46
02625,Sachsen,Sachsen,9.46
02627,Sachsen,Sachsen,9.46
02633,Sachsen,Sachsen,9.46
02643,Saxony,Sachsen,9.46
02681,Sachsen,Sachsen,9.46
02689,Sachsen,Sachsen,9.46
02692,Sachsen,Sachsen,9.46
02694,Sachsen,Sachsen,9.46
02699,Sachsen,Sachsen,9.46
02708,Sachsen,Sachsen,9.46
02727,Sachsen,Sachsen,9.46
02730,Sachsen,Sachsen,9.46
02733,Sachsen,Sachsen,9.46
02736,Sachsen,Sachsen,9.46
02739,Sachsen,Sachsen,9.46
02742,Sachsen,Sachsen,9.46
02747,Sachsen,Sachsen,9.46
02748,Sachsen,Sachsen,9.46
02763,Sachsen,Sachsen,9.46
02779,Sachsen,Sachsen,9.46
02782,Sachsen,Sachsen,9.46
02785,Sachsen,Sachsen,9.46
02788,Sachsen,Sachsen,9.46
02791,Sachsen,Sachsen,9.46
02794,Sachsen,Sachsen,9.46
02796,Sachsen,Sachsen,9.46
02797,Sachsen,Sachsen,9.46
02799,Sachsen,Sachsen,9.46
02826,Sachsen,Sachsen,9.46
02827,Sachsen,Sachsen,9.46
02828,Sachsen,Sachsen,9.46
02829,Sachsen,Sachsen,9.46
02894,Sachsen,Sachsen,9.46
02899,Sachsen,Sachsen,9.46
02906,Sachsen,Sachsen,9.46
02923,Sachsen,Sachsen,9.46
02929,Sachsen,Sachsen,9.46
02943,Sachsen,Sachsen,9.46
02953,Sachsen,Sachsen,9.46
02956,Sachsen,Sachsen,9.46
02957,Sachsen,Sachsen,9.46
02959,Sachsen,Sachsen,9.46
02977,Sachsen,Sachsen,9.46
02979,Sachsen,Sachsen,9.46
02991,Sachsen,Sachsen,9.46
02994,Sachsen,Sachsen,9.46
02997,Sachsen,Sachsen,9.46
02999,Sachsen,Sachsen,9.46
03039,Brandenburg,Brandenburg,10.150000000000002
03042,Brandenburg,Brandenburg,10.150000000000002
03044,Brandenburg,Brandenburg,10.150000000000002
03046,Brandenburg,Brandenburg,10.150000000000002
03048,Brandenburg,Brandenburg,10.150000000000002
03050,Brandenburg,Brandenburg,10.150000000000002
03051,Brandenburg,Brandenburg,10.150000000000002
03052,Brandenburg,Brandenburg,10.150000000000002
03053,Brandenburg,Brandenburg,10.150000000000002
03054,Brandenburg,Brandenburg,10.150000000000002
03055,Brandenburg,Brandenburg,10.150000000000002
03058,Brandenburg,Brandenburg,10.150000000000002
03065,Brandenburg,Brandenburg,10.150000000000002
03075,Nordrhein-Westfalen,Nordrhein-Westfalen,10.21
03096,Brandenburg,Brandenburg,10.150000000000002
03099,Brandenburg,Brandenburg,10.150000000000002
03103,Brandenburg,Brandenburg,10.150000000000002
03116,Brandenburg,Brandenburg,10.150000000000002
03119,Brandenburg,Brandenburg,10.150000000000002
03130,Brandenburg,Brandenburg,10.150000000000002
03139,Brandenburg,Brandenburg,10.150000000000002
03149,Brandenburg,Brandenburg,10.150000000000002
03159,Brandenburg,Brandenburg,10.150000000000002
03172,Brandenburg,Brandenburg,10.150000000000002
03185,Brandenburg,Brandenburg,10.150000000000002
03197,Brandenburg,Brandenburg,10.150000000000002
03202,Brandenburg,Brandenburg,10.150000000000002
03205,Brandenburg,Brandenburg,10.150000000000002
03222,Brandenburg,Brandenburg,10.150000000000002
03226,Brandenburg,Brandenburg,10.150000000000002
03229,Brandenburg,Brandenburg,10.150000000000002
03238,Brandenburg,Brandenburg,10.150000000000002
03246,Brandenburg,Brandenburg,10.150000000000002
03249,Brandenburg,Brandenburg,10.150000000000002
03253,Brandenburg,Brandenburg,10.150000000000002
04022,Saxony,Sachsen,9.46
04024,Saxony,Sachsen,9.46
04056,Saxony,Sachsen,9.46
04063,Saxony,Sachsen,9.46
04064,Saxony,Sachsen,9.46
04079,Saxony,Sachsen,9.46
04080,Saxony,Sachsen,9.46
04081,Saxony,Sachsen,9.46
04082,Saxony,Sachsen,9.46
04083,Saxony,Sachsen,9.46
04084,Saxony,Sachsen,9.46
04086,Saxony,Sachsen,9.46
04087,Saxony,Sachsen,9.46
04088,Saxony,Sachsen,9.46
04089,Saxony,Sachsen,9.46
04091,Saxony,Sachsen,9.46
04092,Saxony,Sachsen,9.46
04095,Saxony,Sachsen,9.46
04097,Saxony,Sachsen,9.46
04103,Sachsen,Sachsen,9.46
04105,Sachsen,Sachsen,9.46
04107,Sachsen,Sachsen,9.46
04109,Sachsen,Sachsen,9.46
04129,Sachsen,Sachsen,9.46
04150,Saxony,Sachsen,9.46
04151,Saxony,Sachsen,9.46
04155,Sachsen,Sachsen,9.46
04157,Sachsen,Sachsen,9.46
04158,Sachsen,Sachsen,9.46
04159,Sachsen,Sachsen,9.46
04160,Nordrhein-Westfalen,Nordrhein-Westfalen,10.21
04177,Sachsen,Sachsen,9.46
04178,Sachsen,Sachsen,9.46
04179,Sachsen,Sachsen,9.46
04205,Sachsen,Sachsen,9.46
04207,Sachsen,Sachsen,9.46
04209,Sachsen,Sachsen,9.46
04227,Saxony,Sachsen,9.46
04229,Sachsen,Sachsen,9.46
04249,Sachsen,Sachsen,9.46
04275,Sachsen,Sachsen,9.46
04277,Sachsen,Sachsen,9.46
04279,Sachsen,Sachsen,9.46
04288,Sachsen,Sachsen,9.46
04289,Sachsen,Sachsen,9.46
04299,Sachsen,Sachsen,9.46
04310,Saxony,Sachsen,9.46
04311,Saxony,Sachsen,9.46
04312,Saxony,Sachsen,9.46
04315,Sachsen,Sachsen,9.46
04316,Sachsen,Sachsen,9.46
04317,Sachsen,Sachsen,9.46
04318,Sachsen,Sachsen,9.46
04319,Sachsen,Sachsen,9.46
04328,Sachsen,Sachsen,9.46
04329,Sachsen,Sachsen,9.46
04347,Sachsen,Sachsen,9.46
04349,Sachsen,Sachsen,9.46
04350,Saxony,Sachsen,9.46
04356,Sachsen,Sachsen,9.46
04357,Sachsen,Sachsen,9.46
04360,Saxony,Sachsen,9.46
04365,Saxony,Sachsen,9.46
04370,Saxony,Sachsen,9.46
04416,Sachsen,Sachsen,9.46
04420,Sachsen,Sachsen,9.46
04425,Sachsen,Sachsen,9.46
04435,Sachsen,Sachsen,9.46
04442,Sachsen,Sachsen,9.46
04451,Sachsen,Sachsen,9.46
04460,Sachsen,Sachsen,9.46
04463,Sachsen,Sachsen,9.46
04509,Sachsen,Sachsen,9.46
04519,Sachsen,Sachsen,9.46
04523,Sachsen,Sachsen,9.46
04539,Sachsen,Sachsen,9.46
04550,Saxony,Sachsen,9.46
04552,Sachsen,Sachsen,9.46
04564,Sachsen,Sachsen,9.46
04565,Sachsen,Sachsen,9.46
04567,Sachsen,Sachsen,9.46
04571,Sachsen,Sachsen,9.46
04574,Sachsen,Sachsen,9.46
04575,Sachsen,Sachsen,9.46
04579,Sachsen,Sachsen,9.46
04600,Thüringen,Thueringen,9.075000000000001
04603,Thüringen,Thueringen,9.075000000000001
04610,Thüringen,Thueringen,9.075000000000001
04613,Thüringen,Thueringen,9.075000000000001
04617,Thüringen,Thueringen,9.075000000000001
04618,Thüringen,Thueringen,9.075000000000001
04626,Thüringen,Thueringen,9.075000000000001
04639,Thüringen,Thueringen,9.075000000000001
04643,Sachsen,Sachsen,9.46
04651,Sachsen,Sachsen,9.46
04654,Sachsen,Sachsen,9.46
04655,Sachsen,Sachsen,9.46
04657,Sachsen,Sachsen,9.46
04668,Sachsen,Sachsen,9.46
04680,Sachsen,Sachsen,9.46
04683,Sachsen,Sachsen,9.46
04685,Sachsen,Sachsen,9.46
04687,Sachsen,Sachsen,9.46
04688,Sachsen,Sachsen,9.46
04703,Sachsen,Sachsen,9.46
04720,Sachsen,Sachsen,9.46
04736,Sachsen,Sachsen,9.46
04741,Sachsen,Sachsen,9.46
04746,Sachsen,Sachsen,9.46
04749,Sachsen,Sachsen,9.46
04756,Saxony,Sachsen,9.46
04758,Sachsen,Sachsen,9.46
04769,Sachsen,Sachsen,9.46
04774,Sachsen,Sachsen,9.46
04779,Sachsen,Sachsen,9.46
04808,Sachsen,Sachsen,9.46
04821,Sachsen,Sachsen,9.46
04824,Sachsen,Sachsen,9.46
04827,Sachsen,Sachsen,9.46
04828,Sachsen,Sachsen,9.46
04838,Sachsen,Sachsen,9.46
04849,Sachsen,Sachsen,9.46
04855,Saxony,Sachsen,9.46
04860,Sachsen,Sachsen,9.46
04862,Sachsen,Sachsen,9.46
04874,Sachsen,Sachsen,9.46
04880,Sachsen,Sachsen,9.46
04886,Sachsen,Sachsen,9.46
04889,Sachsen,Sachsen,9.46
04895,Brandenburg,Brandenburg,10.150000000000002
04910,Brandenburg,Brandenburg,10.150000000000002
04916,Brandenburg,Brandenburg,10.150000000000002
04924,Brandenburg,Brandenburg,10.150000000000002
04928,Brandenburg,Brandenburg,10.150000000000002
04931,Brandenburg,Brandenburg,10.150000000000002
04932,Brandenburg,Brandenburg,10.150000000000002
04934,Brandenburg,Brandenburg,10.150000000000002
04936,Brandenburg,Brandenburg,10.150000000000002
04938,Brandenburg,Brandenburg,10.150000000000002
06073,Saxony-Anhalt,Sachsen-Anhalt,10.174999999999997
06075,Saxony-Anhalt,Sachsen-Anhalt,10.174999999999997
06076,Saxony-Anhalt,Sachsen-Anhalt,10.174999999999997
06077,Saxony-Anhalt,Sachsen-Anhalt,10.174999999999997
06089,Saxony-Anhalt,Sachsen-Anhalt,10.174999999999997
06090,Saxony-Anhalt,Sachsen-Anhalt,10.174999999999997
06091,Saxony-Anhalt,Sachsen-Anhalt,10.174999999999997
06092,Saxony-Anhalt,Sachsen-Anhalt,10.174999999999997
06094,Saxony-Anhalt,Sachsen-Anhalt,10.174999999999997
06095,Saxony-Anhalt,Sachsen-Anhalt,10.174999999999997
06097,Saxony-Anhalt,Sachsen-Anhalt,10.174999999999997
06098,Saxony-Anhalt,Sachsen-Anhalt,10.174999999999997
06099,Saxony-Anhalt,Sachsen-Anhalt,10.174999999999997
06100,Saxony-Anhalt,Sachsen-Anhalt,10.174999999999997
06103,Saxony-Anhalt,Sachsen-Anhalt,10.174999999999997
06104,Saxony-Anhalt,Sachsen-Anhalt,10.174999999999997
06105,Saxony-Anhalt,Sachsen-Anhalt,10.174999999999997
06106,Saxony-Anhalt,Sachsen-Anhalt,10.174999999999997
06108,Sachsen-Anhalt,Sachsen-Anhalt,10.174999999999997
06110,Sachsen-Anhalt,Sachsen-Anhalt,10.174999999999997
06112,Sachsen-Anhalt,Sachsen-Anhalt,10.174999999999997
06114,Sachsen-Anhalt,Sachsen-Anhalt,10.174999999999997
06116,Sachsen-Anhalt,Sachsen-Anhalt,10.174999999999997
06118,Sachsen-Anhalt,Sachsen-Anhalt,10.174999999999997
06120,Sachsen-Anhalt,Sachsen-Anhalt,10.174999999999997
06122,Sachsen-Anhalt,Sachsen-Anhalt,10.174999999999997
06124,Sachsen-Anhalt,Sachsen-Anhalt,10.174999999999997
06126,Sachsen-Anhalt,Sachsen-Anhalt,10.174999999999997
06128,Sachsen-Anhalt,Sachsen-Anhalt,10.174999999999997
06130,Sachsen-Anhalt,Sachsen-Anhalt,10.174999999999997
06132,Sachsen-Anhalt,Sachsen-Anhalt,10.174999999999997
06144,Saxony-Anhalt,Sachsen-Anhalt,10.174999999999997
06145,Saxony-Anhalt,Sachsen-Anhalt,10.174999999999997
06146,Saxony-Anhalt,Sachsen-Anhalt,10.174999999999997
06147,Saxony-Anhalt,Sachsen-Anhalt,10.174999999999997
06179,Sachsen-Anhalt,Sachsen-Anhalt,10.174999999999997
06184,Sachsen-Anhalt,Sachsen-Anhalt,10.174999999999997
06188,Sachsen-Anhalt,Sachsen-Anhalt,10.174999999999997
06193,Sachsen-Anhalt,Sachsen-Anhalt,10.174999999999997
06198,Sachsen-Anhalt,Sachsen-Anhalt,10.174999999999997
06217,Sachsen-Anhalt,Sachsen-Anhalt,10.174999999999997
06231,Sachsen-Anhalt,Sachsen-Anhalt,10.174999999999997
06237,Sachsen-Anhalt,Sachsen-Anhalt,10.174999999999997
06242,Sachsen-Anhalt,Sachsen-Anhalt,10.174999999999997
06246,Sachsen-Anhalt,Sachsen-Anhalt,10.174999999999997
06249,Sachsen-Anhalt,Sachsen-Anhalt,10.174999999999997
06252,Saxony-Anhalt,Sachsen-Anhalt,10.174999999999997
06254,Sachsen-Anhalt,Sachsen-Anhalt,10.174999999999997
06255,Sachsen-Anhalt,Sachsen-Anhalt,10.174999999999997
06258,Sachsen-Anhalt,Sachsen-Anhalt,10.174999999999997
06259,Sachsen-Anhalt,Sachsen-Anhalt,10.174999999999997
06268,Sachsen-Anhalt,Sachsen-Anhalt,10.174999999999997
06279,Sachsen-Anhalt,Sachsen-Anhalt,10.174999999999997
06291,Saxony-Anhalt,Sachsen-Anhalt,10.174999999999997
06295,Sachsen-Anhalt,Sachsen-Anhalt,10.174999999999997
06308,Sachsen-Anhalt,Sachsen-Anhalt,10.174999999999997
06311,Sachsen-Anhalt,Sachsen-Anhalt,10.174999999999997
06313,Sachsen-Anhalt,Sachsen-Anhalt,10.174999999999997
06317,Sachsen-Anhalt,Sachsen-Anhalt,10.174999999999997
06318,Sachsen-Anhalt,Sachsen-Anhalt,10.174999999999997
06333,Sachsen-Anhalt,Sachsen-Anhalt,10.174999999999997
06343,Sachsen-Anhalt,Sachsen-Anhalt,10.174999999999997
06347,Sachsen-Anhalt,Sachsen-Anhalt,10.174999999999997
06348,Sachsen-Anhalt,Sachsen-Anhalt,10.174999999999997
06359,Saxony-Anhalt,Sachsen-Anhalt,10.174999999999997
06366,Sachsen-Anhalt,Sachsen-Anhalt,10.174999999999997
06369,Sachsen-Anhalt,Sachsen-Anhalt,10.174999999999997
06385,Sachsen-Anhalt,Sachsen-Anhalt,10.174999999999997
06386,Sachsen-Anhalt,Sachsen-Anhalt,10.174999999999997
06388,Sachsen-Anhalt,Sachsen-Anhalt,10.174999999999997
06400,Saxony-Anhalt,Sachsen-Anhalt,10.174999999999997
06406,Sachsen-Anhalt,Sachsen-Anhalt,10.174999999999997
06408,Sachsen-Anhalt,Sachsen-Anhalt,10.174999999999997
06420,Sachsen-Anhalt,Sachsen-Anhalt,10.174999999999997
06425,Sachsen-Anhalt,Sachsen-Anhalt,10.174999999999997
06429,Sachsen-Anhalt,Sachsen-Anhalt,10.174999999999997
06449,Sachsen-Anhalt,Sachsen-Anhalt,10.174999999999997
06456,Sachsen-Anhalt,Sachsen-Anhalt,10.174999999999997
06458,Sachsen-Anhalt,Sachsen-Anhalt,10.174999999999997
06463,Sachsen-Anhalt,Sachsen-Anhalt,10.174999999999997
06464,Sachsen-Anhalt,Sachsen-Anhalt,10.174999999999997
06466,Sachsen-Anhalt,Sachsen-Anhalt,10.174999999999997
06467,Sachsen-Anhalt,Sachsen-Anhalt,10.174999999999997
06469,Sachsen-Anhalt,Sachsen-Anhalt,10.174999999999997
06484,Sachsen-Anhalt,Sachsen-Anhalt,10.174999999999997
06493,Sachsen-Anhalt,Sachsen-Anhalt,10.174999999999997
06502,Sachsen-Anhalt,Sachsen-Anhalt,10.174999999999997
06507,Sachsen-Anhalt,Sachsen-Anhalt,10.174999999999997
06526,Sachsen-Anhalt,Sachsen-Anhalt,10.174999999999997
06528,Sachsen-Anhalt,Sachsen-Anhalt,10.174999999999997
06536,Sachsen-Anhalt,Sachsen-Anhalt,10.174999999999997
06537,Sachsen-Anhalt,Sachsen-Anhalt,10.174999999999997
06542,Sachsen-Anhalt,Sachsen-Anhalt,10.174999999999997
06543,Sachsen-Anhalt,Sachsen-Anhalt,10.174999999999997
06547,Sachsen-Anhalt,Sachsen-Anhalt,10.174999999999997
06553,Thuringia,Thueringen,9.075000000000001
06556,Thüringen,Thueringen,9.075000000000001
06567,Thüringen,Thueringen,9.075000000000001
06571,Thüringen,Thueringen,9.075000000000001
06577,Thüringen,Thueringen,9.075000000000001
06578,Thüringen,Thueringen,9.075000000000001
06618,Sachsen-Anhalt,Sachsen-Anhalt,10.174999999999997
06628,Sachsen-Anhalt,Sachsen-Anhalt,10.174999999999997
06632,Sachsen-Anhalt,Sachsen-Anhalt,10.174999999999997
06636,Sachsen-Anhalt,Sachsen-Anhalt,10.174999999999997
06638,Sachsen-Anhalt,Sachsen-Anhalt,10.174999999999997
06642,Sachsen-Anhalt,Sachsen-Anhalt,10.174999999999997
06647,Sachsen-Anhalt,Sachsen-Anhalt,10.174999999999997
06648,Sachsen-Anhalt,Sachsen-Anhalt,10.174999999999997
06667,Sachsen-Anhalt,Sachsen-Anhalt,10.174999999999997
06679,Sachsen-Anhalt,Sachsen-Anhalt,10.174999999999997
06682,Sachsen-Anhalt,Sachsen-Anhalt,10.174999999999997
06686,Sachsen-Anhalt,Sachsen-Anhalt,10.174999999999997
06688,Sachsen-Anhalt,Sachsen-Anhalt,10.174999999999997
06712,Sachsen-Anhalt,Sachsen-Anhalt,10.174999999999997
06721,Sachsen-Anhalt,Sachsen-Anhalt,10.174999999999997
06722,Sachsen-Anhalt,Sachsen-Anhalt,10.174999999999997
06724,Sachsen-Anhalt,Sachsen-Anhalt,10.174999999999997
06725,Sachsen-Anhalt,Sachsen-Anhalt,10.174999999999997
06727,Sachsen-Anhalt,Sachsen-Anhalt,10.174999999999997
06729,Sachsen-Anhalt,Sachsen-Anhalt,10.174999999999997
06731,Sachsen-Anhalt,Sachsen-Anhalt,10.174999999999997
06749,Sachsen-Anhalt,Sachsen-Anhalt,10.174999999999997
06766,Sachsen-Anhalt,Sachsen-Anhalt,10.174999999999997
06773,Sachsen-Anhalt,Sachsen-Anhalt,10.174999999999997
06774,Sachsen-Anhalt,Sachsen-Anhalt,10.174999999999997
06779,Sachsen-Anhalt,Sachsen-Anhalt,10.174999999999997
06780,Sachsen-Anhalt,Sachsen-Anhalt,10.174999999999997
06785,Sachsen-Anhalt,Sachsen-Anhalt,10.174999999999997
06786,Sachsen-Anhalt,Sachsen-Anhalt,10.174999999999997
06791,Sachsen-Anhalt,Sachsen-Anhalt,10.174999999999997
06792,Sachsen-Anhalt,Sachsen-Anhalt,10.174999999999997
06794,Sachsen-Anhalt,Sachsen-Anhalt,10.174999999999997
06796,Sachsen-Anhalt,Sachsen-Anhalt,10.174999999999997
06800,Sachsen-Anhalt,Sachsen-Anhalt,10.174999999999997
06803,Sachsen-Anhalt,Sachsen-Anhalt,10.174999999999997
06804,Sachsen-Anhalt,Sachsen-Anhalt,10.174999999999997
06808,Sachsen-Anhalt,Sachsen-Anhalt,10.174999999999997
06809,Sachsen-Anhalt,Sachsen-Anhalt,10.174999999999997
06838,Saxony-Anhalt,Sachsen-Anhalt,10.174999999999997
06839,Saxony-Anhalt,Sachsen-Anhalt,10.174999999999997
06842,Sachsen-Anhalt,Sachsen-Anhalt,10.174999999999997
06844,Sachsen-Anhalt,Sachsen-Anhalt,10.174999999999997
06846,Sachsen-Anhalt,Sachsen-Anhalt,10.174999999999997
06847,Sachsen-Anhalt,Sachsen-Anhalt,10.174999999999997
06849,Sachsen-Anhalt,Sachsen-Anhalt,10.174999999999997
06861,Sachsen-Anhalt,Sachsen-Anhalt,10.174999999999997
06862,Sachsen-Anhalt,Sachsen-Anhalt,10.174999999999997
06868,Sachsen-Anhalt,Sachsen-Anhalt,10.174999999999997
06869,Sachsen-Anhalt,Sachsen-Anhalt,10.174999999999997
06886,Sachsen-Anhalt,Sachsen-Anhalt,10.174999999999997
06888,Sachsen-Anhalt,Sachsen-Anhalt,10.174999999999997
06889,Sachsen-Anhalt,Sachsen-Anhalt,10.174999999999997
06895,Sachsen-Anhalt,Sachsen-Anhalt,10.174999999999997
06896,Sachsen-Anhalt,Sachsen-Anhalt,10.174999999999997
06901,Sachsen-Anhalt,Sachsen-Anhalt,10.174999999999997
06905,Sachsen-Anhalt,Sachsen-Anhalt,10.174999999999997
06909,Sachsen-Anhalt,Sachsen-Anhalt,10.174999999999997
06917,Sachsen-Anhalt,Sachsen-Anhalt,10.174999999999997
06918,Sachsen-Anhalt,Sachsen-Anhalt,10.174999999999997
06922,Sachsen-Anhalt,Sachsen-Anhalt,10.174999999999997
06925,Sachsen-Anhalt,Sachsen-Anhalt,10.174999999999997
06926,Sachsen-Anhalt,Sachsen-Anhalt,10.174999999999997
06928,Sachsen-Anhalt,Sachsen-Anhalt,10.174999999999997
07318,Thüringen,Thueringen,9.075000000000001
07330,Thüringen,Thueringen,9.075000000000001
07333,Thüringen,Thueringen,9.075000000000001
07334,Thüringen,Thueringen,9.075000000000001
07336,Thüringen,Thueringen,9.075000000000001
07338,Thüringen,Thueringen,9.075000000000001
07343,Thüringen,Thueringen,9.075000000000001
07349,Thüringen,Thueringen,9.075000000000001
07356,Thüringen,Thueringen,9.075000000000001
07366,Thüringen,Thueringen,9.075000000000001
07368,Thüringen,Thueringen,9.075000000000001
07381,Thüringen,Thueringen,9.075000000000001
07387,Thüringen,Thueringen,9.075000000000001
07389,Thüringen,Thueringen,9.075000000000001
07407,Thüringen,Thueringen,9.075000000000001
07422,Thüringen,Thueringen,9.075000000000001
07426,Thüringen,Thueringen,9.075000000000001
07427,Thüringen,Thueringen,9.075000000000001
07429,Thüringen,Thueringen,9.075000000000001
07497,Thuringia,Thueringen,9.075000000000001
07499,Thuringia,Thueringen,9.075000000000001
07541,Thuringia,Thueringen,9.075000000000001
07543,Thuringia,Thueringen,9.075000000000001
07545,Thüringen,Thueringen,9.075000000000001
07546,Thüringen,Thueringen,9.075000000000001
07548,Thüringen,Thueringen,9.075000000000001
07549,Thüringen,Thueringen,9.075000000000001
07551,Thüringen,Thueringen,9.075000000000001
07552,Thüringen,Thueringen,9.075000000000001
07554,Thüringen,Thueringen,9.075000000000001
07557,Thüringen,Thueringen,9.075000000000001
07570,Thüringen,Thueringen,9.075000000000001
07580,Thüringen,Thueringen,9.075000000000001
07584,Thuringia,Thueringen,9.075000000000001
07586,Thüringen,Thueringen,9.075000000000001
07589,Thüringen,Thueringen,9.075000000000001
07607,Thüringen,Thueringen,9.075000000000001
07613,Thüringen,Thueringen,9.075000000000001
07616,Thüringen,Thueringen,9.075000000000001
07619,Thüringen,Thueringen,9.075000000000001
07629,Thüringen,Thueringen,9.075000000000001
07639,Thüringen,Thueringen,9.075000000000001
07646,Thüringen,Thueringen,9.075000000000001
07737,Thuringia,Thueringen,9.075000000000001
07738,Thuringia,Thueringen,9.075000000000001
07739,Thuringia,Thueringen,9.075000000000001
07740,Thuringia,Thueringen,9.075000000000001
07743,Thüringen,Thueringen,9.075000000000001
07745,Thüringen,Thueringen,9.075000000000001
07747,Thüringen,Thueringen,9.075000000000001
07749,Thüringen,Thueringen,9.075000000000001
07751,Thüringen,Thueringen,9.075000000000001
07768,Thüringen,Thueringen,9.075000000000001
07774,Thüringen,Thueringen,9.075000000000001
07778,Thüringen,Thueringen,9.075000000000001
07806,Thüringen,Thueringen,9.075000000000001
07819,Thüringen,Thueringen,9.075000000000001
07907,Thüringen,Thueringen,9.075000000000001
07919,Sachsen,Sachsen,9.46
07922,Thüringen,Thueringen,9.075000000000001
07924,Thüringen,Thueringen,9.075000000000001
07926,Thüringen,Thueringen,9.075000000000001
07927,Thüringen,Thueringen,9.075000000000001
07929,Thüringen,Thueringen,9.075000000000001
07937,Thüringen,Thueringen,9.075000000000001
07950,Thüringen,Thueringen,9.075000000000001
07952,Sachsen,Sachsen,9.46
07955,Thüringen,Thueringen,9.075000000000001
07957,Thüringen,Thueringen,9.075000000000001
07958,Thüringen,Thueringen,9.075000000000001
07973,Thüringen,Thueringen,9.075000000000001
07980,Thüringen,Thueringen,9.075000000000001
07985,Sachsen,Sachsen,9.46
07987,Thüringen,Thueringen,9.075000000000001
07989,Thüringen,Thueringen,9.075000000000001
08037,Saxony,Sachsen,9.46
08048,Saxony,Sachsen,9.46
08056,Sachsen,Sachsen,9.46
08058,Sachsen,Sachsen,9.46
08060,Sachsen,Sachsen,9.46
08062,Sachsen,Sachsen,9.46
08064,Sachsen,Sachsen,9.46
08066,Sachsen,Sachsen,9.46
08080,Saxony,Sachsen,9.46
08081,Saxony,Sachsen,9.46
08107,Sachsen,Sachsen,9.46
08112,Sachsen,Sachsen,9.46
08115,Sachsen,Sachsen,9.46
08118,Sachsen,Sachsen,9.46
08132,Sachsen,Sachsen,9.46
08134,Sachsen,Sachsen,9.46
08141,Sachsen,Sachsen,9.46
08144,Sachsen,Sachsen,9.46
08147,Sachsen,Sachsen,9.46
08209,Sachsen,Sachsen,9.46
08223,Sachsen,Sachsen,9.46
08228,Sachsen,Sachsen,9.46
08233,Sachsen,Sachsen,9.46
08236,Sachsen,Sachsen,9.46
08237,Sachsen,Sachsen,9.46
08239,Sachsen,Sachsen,9.46
08248,Sachsen,Sachsen,9.46
08258,Sachsen,Sachsen,9.46
08261,Sachsen,Sachsen,9.46
08262,Sachsen,Sachsen,9.46
08265,Sachsen,Sachsen,9.46
08267,Sachsen,Sachsen,9.46
08269,Sachsen,Sachsen,9.46
08280,Sachsen,Sachsen,9.46
08289,Sachsen,Sachsen,9.46
08294,Sachsen,Sachsen,9.46
08297,Sachsen,Sachsen,9.46
08301,Sachsen,Sachsen,9.46
08304,Sachsen,Sachsen,9.46
08309,Sachsen,Sachsen,9.46
08312,Sachsen,Sachsen,9.46
08315,Sachsen,Sachsen,9.46
08318,Sachsen,Sachsen,9.46
08321,Sachsen,Sachsen,9.46
08324,Sachsen,Sachsen,9.46
08325,Sachsen,Sachsen,9.46
08326,Sachsen,Sachsen,9.46
08328,Sachsen,Sachsen,9.46
08340,Sachsen,Sachsen,9.46
08344,Sachsen,Sachsen,9.46
08349,Sachsen,Sachsen,9.46
08352,Sachsen,Sachsen,9.46
08355,Sachsen,Sachsen,9.46
08359,Sachsen,Sachsen,9.46
08371,Sachsen,Sachsen,9.46
08373,Sachsen,Sachsen,9.46
08393,Sachsen,Sachsen,9.46
08396,Sachsen,Sachsen,9.46
08412,Sachsen,Sachsen,9.46
08427,Sachsen,Sachsen,9.46
08428,Sachsen,Sachsen,9.46
08432,Sachsen,Sachsen,9.46
08439,Sachsen,Sachsen,9.46
08451,Sachsen,Sachsen,9.46
08459,Sachsen,Sachsen,9.46
08468,Sachsen,Sachsen,9.46
08485,Sachsen,Sachsen,9.46
08491,Sachsen,Sachsen,9.46
08496,Sachsen,Sachsen,9.46
08499,Sachsen,Sachsen,9.46
08520,Saxony,Sachsen,9.46
08523,Sachsen,Sachsen,9.46
08525,Sachsen,Sachsen,9.46
08527,Sachsen,Sachsen,9.46
08529,Sachsen,Sachsen,9.46
08538,Sachsen,Sachsen,9.46
08539,Sachsen,Sachsen,9.46
08541,Sachsen,Sachsen,9.46
08543,Sachsen,Sachsen,9.46
08547,Sachsen,Sachsen,9.46
08548,Sachsen,Sachsen,9.46
08606,Sachsen,Sachsen,9.46
08626,Sachsen,Sachsen,9.46
08645,Sachsen,Sachsen,9.46
08648,Sachsen,Sachsen,9.46
09028,Sachsen,Sachsen,9.46
09030,Sachsen,Sachsen,9.46
09091,Saxony,Sachsen,9.46
09092,Saxony,Sachsen,9.46
09093,Saxony,Sachsen,9.46
09094,Saxony,Sachsen,9.46
09095,Saxony,Sachsen,9.46
09096,Saxony,Sachsen,9.46
09097,Saxony,Sachsen,9.46
09099,Saxony,Sachsen,9.46
09100,Saxony,Sachsen,9.46
09103,Saxony,Sachsen,9.46
09105,Saxony,Sachsen,9.46
09106,Saxony,Sachsen,9.46
09107,Saxony,Sachsen,9.46
09108,Saxony,Sachsen,9.46
09109,Saxony,Sachsen,9.46
09111,Sachsen,Sachsen,9.46
09112,Sachsen,Sachsen,9.46
09113,Sachsen,Sachsen,9.46
09114,Sachsen,Sachsen,9.46
09116,Sachsen,Sachsen,9.46
09117,Sachsen,Sachsen,9.46
09119,Sachsen,Sachsen,9.46
09120,Sachsen,Sachsen,9.46
09122,Sachsen,Sachsen,9.46
09123,Sachsen,Sachsen,9.46
09125,Sachsen,Sachsen,9.46
09126,Sachsen,Sachsen,9.46
09127,Sachsen,Sachsen,9.46
09128,Sachsen,Sachsen,9.46
09130,Sachsen,Sachsen,9.46
09131,Sachsen,Sachsen,9.46
09212,Sachsen,Sachsen,9.46
09217,Sachsen,Sachsen,9.46
09221,Sachsen,Sachsen,9.46
09224,Sachsen,Sachsen,9.46
09227,Sachsen,Sachsen,9.46
09228,Sachsen,Sachsen,9.46
09231,Saxony,Sachsen,9.46
09232,Sachsen,Sachsen,9.46
09235,Sachsen,Sachsen,9.46
09236,Sachsen,Sachsen,9.46
09241,Sachsen,Sachsen,9.46
09243,Sachsen,Sachsen,9.46
09244,Sachsen,Sachsen,9.46
09247,Sachsen,Sachsen,9.46
09249,Sachsen,Sachsen,9.46
09306,Sachsen,Sachsen,9.46
09322,Sachsen,Sachsen,9.46
09326,Sachsen,Sachsen,9.46
09328,Sachsen,Sachsen,9.46
09337,Sachsen,Sachsen,9.46
09350,Sachsen,Sachsen,9.46
09353,Sachsen,Sachsen,9.46
09355,Sachsen,Sachsen,9.46
09356,Sachsen,Sachsen,9.46
09366,Sachsen,Sachsen,9.46
09376,Sachsen,Sachsen,9.46
09380,Sachsen,Sachsen,9.46
09385,Sachsen,Sachsen,9.46
09387,Sachsen,Sachsen,9.46
09390,Sachsen,Sachsen,9.46
09392,Sachsen,Sachsen,9.46
09394,Sachsen,Sachsen,9.46
09395,Sachsen,Sachsen,9.46
09399,Sachsen,Sachsen,9.46
09405,Sachsen,Sachsen,9.46
09419,Sachsen,Sachsen,9.46
09423,Sachsen,Sachsen,9.46
09427,Sachsen,Sachsen,9.46
09429,Sachsen,Sachsen,9.46
09430,Sachsen,Sachsen,9.46
09432,Sachsen,Sachsen,9.46
09435,Sachsen,Sachsen,9.46
09437,Sachsen,Sachsen,9.46
09439,Sachsen,Sachsen,9.46
09450,Saxony,Sachsen,9.46
09453,Saxony,Sachsen,9.46
09454,Saxony,Sachsen,9.46
09456,Sachsen,Sachsen,9.46
09465,Sachsen,Sachsen,9.46
09468,Sachsen,Sachsen,9.46
09471,Sachsen,Sachsen,9.46
09474,Sachsen,Sachsen,9.46
09477,Sachsen,Sachsen,9.46
09481,Sachsen,Sachsen,9.46
09484,Sachsen,Sachsen,9.46
09487,Sachsen,Sachsen,9.46
09488,Sachsen,Sachsen,9.46
09496,Sachsen,Sachsen,9.46
09509,Sachsen,Sachsen,9.46
09514,Sachsen,Sachsen,9.46
09517,Sachsen,Sachsen,9.46
09518,Sachsen,Sachsen,9.46
09526,Sachsen,Sachsen,9.46
09544,Sachsen,Sachsen,9.46
09548,Sachsen,Sachsen,9.46
09557,Sachsen,Sachsen,9.46
09569,Sachsen,Sachsen,9.46
09573,Sachsen,Sachsen,9.46
09575,Sachsen,Sachsen,9.46
09577,Sachsen,Sachsen,9.46
09579,Sachsen,Sachsen,9.46
09595,Saxony,Sachsen,9.46
09596,Saxony,Sachsen,9.46
09599,Sachsen,Sachsen,9.46
09600,Sachsen,Sachsen,9.46
09603,Sachsen,Sachsen,9.46
09618,Sachsen,Sachsen,9.46
09619,Sachsen,Sachsen,9.46
09623,Sachsen,Sachsen,9.46
09627,Sachsen,Sachsen,9.46
09629,Sachsen,Sachsen,9.46
09633,Sachsen,Sachsen,9.46
09634,Sachsen,Sachsen,9.46
09638,Sachsen,Sachsen,9.46
09648,Sachsen,Sachsen,9.46
09660,Saxony,Sachsen,9.46
09661,Sachsen,Sachsen,9.46
09669,Sachsen,Sachsen,9.46
10026,Land Berlin,Brandenburg/Berlin,10.165
10082,Land Berlin,Brandenburg/Berlin,10.165
10083,Land Berlin,Brandenburg/Berlin,10.165
10086,Land Berlin,Brandenburg/Berlin,10.165
10096,Land Berlin,Brandenburg/Berlin,10.165
10098,Land Berlin,Brandenburg/Berlin,10.165
10099,Land Berlin,Brandenburg/Berlin,10.165
10102,Land Berlin,Brandenburg/Berlin,10.165
10103,Land Berlin,Brandenburg/Berlin,10.165
10104,Land Berlin,Brandenburg/Berlin,10.165
10105,Land Berlin,Brandenburg/Berlin,10.165
10106,Land Berlin,Brandenburg/Berlin,10.165
10107,Land Berlin,Brandenburg/Berlin,10.165
10108,Land Berlin,Brandenburg/Berlin,10.165
10109,Land Berlin,Brandenburg/Berlin,10.165
10112,Land Berlin,Brandenburg/Berlin,10.165
10115,Berlin,Brandenburg/Berlin,10.165
10117,Berlin,Brandenburg/Berlin,10.165
10119,Berlin,Brandenburg/Berlin,10.165
10150,Land Berlin,Brandenburg/Berlin,10.165
10169,Land Berlin,Brandenburg/Berlin,10.165
10173,Land Berlin,Brandenburg/Berlin,10.165
10178,Berlin,Brandenburg/Berlin,10.165
10179,Berlin,Brandenburg/Berlin,10.165
10243,Berlin,Brandenburg/Berlin,10.165
10245,Berlin,Brandenburg/Berlin,10.165
10247,Berlin,Brandenburg/Berlin,10.165
10249,Berlin,Brandenburg/Berlin,10.165
10306,Land Berlin,Brandenburg/Berlin,10.165
10313,Land Berlin,Brandenburg/Berlin,10.165
10315,Berlin,Brandenburg/Berlin,10.165
10317,Berlin,Brandenburg/Berlin,10.165
10318,Berlin,Brandenburg/Berlin,10.165
10319,Berlin,Brandenburg/Berlin,10.165
10356,Land Berlin,Brandenburg/Berlin,10.165
10358,Land Berlin,Brandenburg/Berlin,10.165
10360,Land Berlin,Brandenburg/Berlin,10.165
10361,Land Berlin,Brandenburg/Berlin,10.165
10362,Land Berlin,Brandenburg/Berlin,10.165
10365,Berlin,Brandenburg/Berlin,10.165
10367,Berlin,Brandenburg/Berlin,10.165
10369,Berlin,Brandenburg/Berlin,10.165
10400,Land Berlin,Brandenburg/Berlin,10.165
10405,Berlin,Brandenburg/Berlin,10.165
10407,Berlin,Brandenburg/Berlin,10.165
10409,Berlin,Brandenburg/Berlin,10.165
10431,Land Berlin,Brandenburg/Berlin,10.165
10435,Berlin,Brandenburg/Berlin,10.165
10437,Berlin,Brandenburg/Berlin,10.165
10439,Berlin,Brandenburg/Berlin,10.165
10546,Land Berlin,Brandenburg/Berlin,10.165
10547,Land Berlin,Brandenburg/Berlin,10.165
10548,Land Berlin,Brandenburg/Berlin,10.165
10551,Berlin,Brandenburg/Berlin,10.165
10553,Berlin,Brandenburg/Berlin,10.165
10555,Berlin,Brandenburg/Berlin,10.165
10557,Berlin,Brandenburg/Berlin,10.165
10559,Berlin,Brandenburg/Berlin,10.165
10585,Berlin,Brandenburg/Berlin,10.165
10587,Berlin,Brandenburg/Berlin,10.165
10589,Berlin,Brandenburg/Berlin,10.165
10617,Land Berlin,Brandenburg/Berlin,10.165
10623,Berlin,Brandenburg/Berlin,10.165
10625,Berlin,Brandenburg/Berlin,10.165
10627,Berlin,Brandenburg/Berlin,10.165
10629,Berlin,Brandenburg/Berlin,10.165
10702,Land Berlin,Brandenburg/Berlin,10.165
10703,Land Berlin,Brandenburg/Berlin,10.165
10704,Land Berlin,Brandenburg/Berlin,10.165
10705,Land Berlin,Brandenburg/Berlin,10.165
10707,Berlin,Brandenburg/Berlin,10.165
10709,Berlin,Brandenburg/Berlin,10.165
10711,Berlin,Brandenburg/Berlin,10.165
10713,Berlin,Brandenburg/Berlin,10.165
10715,Berlin,Brandenburg/Berlin,10.165
10717,Berlin,Brandenburg/Berlin,10.165
10719,Berlin,Brandenburg/Berlin,10.165
10768,Land Berlin,Brandenburg/Berlin,10.165
10772,Land Berlin,Brandenburg/Berlin,10.165
10773,Land Berlin,Brandenburg/Berlin,10.165
10774,Land Berlin,Brandenburg/Berlin,10.165
10777,Berlin,Brandenburg/Berlin,10.165
10779,Berlin,Brandenburg/Berlin,10.165
10781,Berlin,Brandenburg/Berlin,10.165
10783,Berlin,Brandenburg/Berlin,10.165
10785,Berlin,Brandenburg/Berlin,10.165
10787,Berlin,Brandenburg/Berlin,10.165
10789,Berlin,Brandenburg/Berlin,10.165
10819,Land Berlin,Brandenburg/Berlin,10.165
10820,Land Berlin,Brandenburg/Berlin,10.165
10823,Berlin,Brandenburg/Berlin,10.165
10825,Berlin,Brandenburg/Berlin,10.165
10827,Berlin,Brandenburg/Berlin,10.165
10829,Berlin,Brandenburg/Berlin,10.165
10842,Land Berlin,Brandenburg/Berlin,10.165
10850,Land Berlin,Brandenburg/Berlin,10.165
10858,Brandenburg,Brandenburg,10.150000000000002
10859,Land Berlin,Brandenburg/Berlin,10.165
10860,Land Berlin,Brandenburg/Berlin,10.165
10861,Land Berlin,Brandenburg/Berlin,10.165
10862,Land Berlin,Brandenburg/Berlin,10.165
10863,Land Berlin,Brandenburg/Berlin,10.165
10864,Land Berlin,Brandenburg/Berlin,10.165
10865,Land Berlin,Brandenburg/Berlin,10.165
10867,Land Berlin,Brandenburg/Berlin,10.165
10868,Land Berlin,Brandenburg/Berlin,10.165
10871,Land Berlin,Brandenburg/Berlin,10.165
10872,Land Berlin,Brandenburg/Berlin,10.165
10873,Land Berlin,Brandenburg/Berlin,10.165
10874,Land Berlin,Brandenburg/Berlin,10.165
10875,Baden-Württemberg,Baden-Wuerttemberg,9.350000000000001
10876,Land Berlin,Brandenburg/Berlin,10.165
10877,Land Berlin,Brandenburg/Berlin,10.165
10878,Land Berlin,Brandenburg/Berlin,10.165
10880,Land Berlin,Brandenburg/Berlin,10.165
10881,Land Berlin,Brandenburg/Berlin,10.165
10882,Land Berlin,Brandenburg/Berlin,10.165
10883,Land Berlin,Brandenburg/Berlin,10.165
10884,Land Berlin,Brandenburg/Berlin,10.165
10885,Land Berlin,Brandenburg/Berlin,10.165
10886,Land Berlin,Brandenburg/Berlin,10.165
10887,Land Berlin,Brandenburg/Berlin,10.165
10888,Land Berlin,Brandenburg/Berlin,10.165
10889,Land Berlin,Brandenburg/Berlin,10.165
10890,Land Berlin,Brandenburg/Berlin,10.165
10891,Land Berlin,Brandenburg/Berlin,10.165
10892,Land Berlin,Brandenburg/Berlin,10.165
10893,Land Berlin,Brandenburg/Berlin,10.165
10896,Land Berlin,Brandenburg/Berlin,10.165
10898,Hessen,Hessen,9.555
10899,Land Berlin,Brandenburg/Berlin,10.165
10901,Land Berlin,Brandenburg/Berlin,10.165
10902,Land Berlin,Brandenburg/Berlin,10.165
10903,Land Berlin,Brandenburg/Berlin,10.165
10904,Land Berlin,Brandenburg/Berlin,10.165
10905,Land Berlin,Brandenburg/Berlin,10.165
10907,Land Berlin,Brandenburg/Berlin,10.165
10908,Brandenburg,Brandenburg,10.150000000000002
10909,Brandenburg,Brandenburg,10.150000000000002
10910,Nordrhein-Westfalen,Nordrhein-Westfalen,10.21
10912,Land Berlin,Brandenburg/Berlin,10.165
10913,Land Berlin,Brandenburg/Berlin,10.165
10914,Land Berlin,Brandenburg/Berlin,10.165
10916,Land Berlin,Brandenburg/Berlin,10.165
10917,Land Berlin,Brandenburg/Berlin,10.165
10918,Land Berlin,Brandenburg/Berlin,10.165
10919,Land Berlin,Brandenburg/Berlin,10.165
10934,Land Berlin,Brandenburg/Berlin,10.165
10956,Land Berlin,Brandenburg/Berlin,10.165
10958,Land Berlin,Brandenburg/Berlin,10.165
10959,Land Berlin,Brandenburg/Berlin,10.165
10961,Berlin,Brandenburg/Berlin,10.165
10963,Berlin,Brandenburg/Berlin,10.165
10965,Berlin,Brandenburg/Berlin,10.165
10967,Berlin,Brandenburg/Berlin,10.165
10969,Berlin,Brandenburg/Berlin,10.165
10997,Berlin,Brandenburg/Berlin,10.165
10999,Berlin,Brandenburg/Berlin,10.165
11010,Land Berlin,Brandenburg/Berlin,10.165
11011,Berlin,Brandenburg/Berlin,10.165
11013,Land Berlin,Brandenburg/Berlin,10.165
11014,Land Berlin,Brandenburg/Berlin,10.165
11017,Land Berlin,Brandenburg/Berlin,10.165
11052,Land Berlin,Brandenburg/Berlin,10.165
11053,Land Berlin,Brandenburg/Berlin,10.165
11054,Land Berlin,Brandenburg/Berlin,10.165
11055,Land Berlin,Brandenburg/Berlin,10.165
11056,Land Berlin,Brandenburg/Berlin,10.165
11501,Land Berlin,Brandenburg/Berlin,10.165
11503,Land Berlin,Brandenburg/Berlin,10.165
11504,Land Berlin,Brandenburg/Berlin,10.165
11505,Land Berlin,Brandenburg/Berlin,10.165
11506,Land Berlin,Brandenburg/Berlin,10.165
11507,Land Berlin,Brandenburg/Berlin,10.165
11508,Land Berlin,Brandenburg/Berlin,10.165
11509,Land Berlin,Brandenburg/Berlin,10.165
11510,Land Berlin,Brandenburg/Berlin,10.165
11511,Land Berlin,Brandenburg/Berlin,10.165
11512,Baden-Württemberg,Baden-Wuerttemberg,9.350000000000001
11513,Land Berlin,Brandenburg/Berlin,10.165
11515,Land Berlin,Brandenburg/Berlin,10.165
11516,Land Berlin,Brandenburg/Berlin,10.165
12028,Land Berlin,Brandenburg/Berlin,10.165
12032,Land Berlin,Brandenburg/Berlin,10.165
12037,Land Berlin,Brandenburg/Berlin,10.165
12038,Land Berlin,Brandenburg/Berlin,10.165
12039,Land Berlin,Brandenburg/Berlin,10.165
12040,Land Berlin,Brandenburg/Berlin,10.165
12043,Berlin,Brandenburg/Berlin,10.165
12045,Berlin,Brandenburg/Berlin,10.165
12047,Berlin,Brandenburg/Berlin,10.165
12049,Berlin,Brandenburg/Berlin,10.165
12051,Berlin,Brandenburg/Berlin,10.165
12053,Berlin,Brandenburg/Berlin,10.165
12055,Berlin,Brandenburg/Berlin,10.165
12057,Berlin,Brandenburg/Berlin,10.165
12059,Berlin,Brandenburg/Berlin,10.165
12095,Land Berlin,Brandenburg/Berlin,10.165
12096,Land Berlin,Brandenburg/Berlin,10.165
12099,Berlin,Brandenburg/Berlin,10.165
12101,Berlin,Brandenburg/Berlin,10.165
12103,Berlin,Brandenburg/Berlin,10.165
12105,Berlin,Brandenburg/Berlin,10.165
12107,Berlin,Brandenburg/Berlin,10.165
12109,Berlin,Brandenburg/Berlin,10.165
12154,Land Berlin,Brandenburg/Berlin,10.165
12157,Berlin,Brandenburg/Berlin,10.165
12159,Berlin,Brandenburg/Berlin,10.165
12161,Berlin,Brandenburg/Berlin,10.165
12163,Berlin,Brandenburg/Berlin,10.165
12165,Berlin,Brandenburg/Berlin,10.165
12167,Berlin,Brandenburg/Berlin,10.165
12169,Berlin,Brandenburg/Berlin,10.165
12200,Land Berlin,Brandenburg/Berlin,10.165
12203,Berlin,Brandenburg/Berlin,10.165
12205,Berlin,Brandenburg/Berlin,10.165
12207,Berlin,Brandenburg/Berlin,10.165
12209,Berlin,Brandenburg/Berlin,10.165
12247,Berlin,Brandenburg/Berlin,10.165
12249,Berlin,Brandenburg/Berlin,10.165
12274,Land Berlin,Brandenburg/Berlin,10.165
12277,Berlin,Brandenburg/Berlin,10.165
12279,Berlin,Brandenburg/Berlin,10.165
12305,Berlin,Brandenburg/Berlin,10.165
12307,Berlin,Brandenburg/Berlin,10.165
12309,Berlin,Brandenburg/Berlin,10.165
12345,Land Berlin,Brandenburg/Berlin,10.165
12347,Berlin,Brandenburg/Berlin,10.165
12349,Berlin,Brandenburg/Berlin,10.165
12351,Berlin,Brandenburg/Berlin,10.165
12353,Berlin,Brandenburg/Berlin,10.165
12355,Berlin,Brandenburg/Berlin,10.165
12357,Berlin,Brandenburg/Berlin,10.165
12359,Berlin,Brandenburg/Berlin,10.165
12435,Berlin,Brandenburg/Berlin,10.165
12437,Berlin,Brandenburg/Berlin,10.165
12439,Berlin,Brandenburg/Berlin,10.165
12459,Berlin,Brandenburg/Berlin,10.165
12485,Land Berlin,Brandenburg/Berlin,10.165
12487,Berlin,Brandenburg/Berlin,10.165
12489,Berlin,Brandenburg/Berlin,10.165
12521,Brandenburg,Brandenburg,10.150000000000002
12524,Berlin,Brandenburg/Berlin,10.165
12526,Berlin,Brandenburg/Berlin,10.165
12527,Berlin,Brandenburg/Berlin,10.165
12529,Brandenburg,Brandenburg,10.150000000000002
12552,Land Berlin,Brandenburg/Berlin,10.165
12555,Berlin,Brandenburg/Berlin,10.165
12557,Berlin,Brandenburg/Berlin,10.165
12559,Berlin,Brandenburg/Berlin,10.165
12587,Berlin,Brandenburg/Berlin,10.165
12589,Berlin,Brandenburg/Berlin,10.165
12616,Land Berlin,Brandenburg/Berlin,10.165
12619,Berlin,Brandenburg/Berlin,10.165
12621,Berlin,Brandenburg/Berlin,10.165
12623,Berlin,Brandenburg/Berlin,10.165
12627,Berlin,Brandenburg/Berlin,10.165
12629,Berlin,Brandenburg/Berlin,10.165
12670,Land Berlin,Brandenburg/Berlin,10.165
12671,Land Berlin,Brandenburg/Berlin,10.165
12677,Land Berlin,Brandenburg/Berlin,10.165
12678,Hessen,Hessen,9.555
12679,Berlin,Brandenburg/Berlin,10.165
12681,Berlin,Brandenburg/Berlin,10.165
12683,Berlin,Brandenburg/Berlin,10.165
12685,Berlin,Brandenburg/Berlin,10.165
12687,Berlin,Brandenburg/Berlin,10.165
12689,Berlin,Brandenburg/Berlin,10.165
12712,Brandenburg,Brandenburg,10.150000000000002
13047,Land Berlin,Brandenburg/Berlin,10.165
13048,Land Berlin,Brandenburg/Berlin,10.165
13051,Berlin,Brandenburg/Berlin,10.165
13053,Berlin,Brandenburg/Berlin,10.165
13055,Berlin,Brandenburg/Berlin,10.165
13057,Berlin,Brandenburg/Berlin,10.165
13059,Berlin,Brandenburg/Berlin,10.165
13086,Berlin,Brandenburg/Berlin,10.165
13088,Berlin,Brandenburg/Berlin,10.165
13089,Berlin,Brandenburg/Berlin,10.165
13122,Land Berlin,Brandenburg/Berlin,10.165
13125,Berlin,Brandenburg/Berlin,10.165
13127,Berlin,Brandenburg/Berlin,10.165
13129,Berlin,Brandenburg/Berlin,10.165
13156,Berlin,Brandenburg/Berlin,10.165
13158,Berlin,Brandenburg/Berlin,10.165
13159,Berlin,Brandenburg/Berlin,10.165
13187,Berlin,Brandenburg/Berlin,10.165
13189,Berlin,Brandenburg/Berlin,10.165
13340,Land Berlin,Brandenburg/Berlin,10.165
13341,Land Berlin,Brandenburg/Berlin,10.165
13342,Land Berlin,Brandenburg/Berlin,10.165
13343,Land Berlin,Brandenburg/Berlin,10.165
13344,Land Berlin,Brandenburg/Berlin,10.165
13347,Berlin,Brandenburg/Berlin,10.165
13349,Berlin,Brandenburg/Berlin,10.165
13351,Berlin,Brandenburg/Berlin,10.165
13353,Berlin,Brandenburg/Berlin,10.165
13355,Berlin,Brandenburg/Berlin,10.165
13357,Berlin,Brandenburg/Berlin,10.165
13359,Berlin,Brandenburg/Berlin,10.165
13400,Land Berlin,Brandenburg/Berlin,10.165
13403,Berlin,Brandenburg/Berlin,10.165
13405,Berlin,Brandenburg/Berlin,10.165
13407,Berlin,Brandenburg/Berlin,10.165
13409,Berlin,Brandenburg/Berlin,10.165
13435,Berlin,Brandenburg/Berlin,10.165
13437,Berlin,Brandenburg/Berlin,10.165
13439,Berlin,Brandenburg/Berlin,10.165
13465,Berlin,Brandenburg/Berlin,10.165
13467,Berlin,Brandenburg/Berlin,10.165
13469,Berlin,Brandenburg/Berlin,10.165
13496,Land Berlin,Brandenburg/Berlin,10.165
13497,Land Berlin,Brandenburg/Berlin,10.165
13498,Land Berlin,Brandenburg/Berlin,10.165
13499,Land Berlin,Brandenburg/Berlin,10.165
13500,Land Berlin,Brandenburg/Berlin,10.165
13503,Berlin,Brandenburg/Berlin,10.165
13505,Berlin,Brandenburg/Berlin,10.165
13507,Berlin,Brandenburg/Berlin,10.165
13509,Berlin,Brandenburg/Berlin,10.165
13565,Land Berlin,Brandenburg/Berlin,10.165
13578,Land Berlin,Brandenburg/Berlin,10.165
13581,Berlin,Brandenburg/Berlin,10.165
13583,Berlin,Brandenburg/Berlin,10.165
13585,Berlin,Brandenburg/Berlin,10.165
13587,Berlin,Brandenburg/Berlin,10.165
13589,Berlin,Brandenburg/Berlin,10.165
13591,Berlin,Brandenburg/Berlin,10.165
13593,Berlin,Brandenburg/Berlin,10.165
13595,Berlin,Brandenburg/Berlin,10.165
13597,Berlin,Brandenburg/Berlin,10.165
13599,Berlin,Brandenburg/Berlin,10.165
13619,Land Berlin,Brandenburg/Berlin,10.165
13622,Land Berlin,Brandenburg/Berlin,10.165
13623,Land Berlin,Brandenburg/Berlin,10.165
13624,Land Berlin,Brandenburg/Berlin,10.165
13625,Land Berlin,Brandenburg/Berlin,10.165
13627,Berlin,Brandenburg/Berlin,10.165
13629,Berlin,Brandenburg/Berlin,10.165
13660,Brandenburg,Brandenburg,10.150000000000002
14045,Land Berlin,Brandenburg/Berlin,10.165
14046,Land Berlin,Brandenburg/Berlin,10.165
14047,Land Berlin,Brandenburg/Berlin,10.165
14050,Berlin,Brandenburg/Berlin,10.165
14052,Berlin,Brandenburg/Berlin,10.165
14053,Berlin,Brandenburg/Berlin,10.165
14055,Berlin,Brandenburg/Berlin,10.165
14057,Berlin,Brandenburg/Berlin,10.165
14059,Berlin,Brandenburg/Berlin,10.165
14089,Berlin,Brandenburg/Berlin,10.165
14107,Land Berlin,Brandenburg/Berlin,10.165
14109,Berlin,Brandenburg/Berlin,10.165
14129,Berlin,Brandenburg/Berlin,10.165
14131,Berlin,Brandenburg/Berlin,10.165
14160,Land Berlin,Brandenburg/Berlin,10.165
14163,Berlin,Brandenburg/Berlin,10.165
14165,Berlin,Brandenburg/Berlin,10.165
14167,Berlin,Brandenburg/Berlin,10.165
14169,Berlin,Brandenburg/Berlin,10.165
14191,Land Berlin,Brandenburg/Berlin,10.165
14193,Berlin,Brandenburg/Berlin,10.165
14195,Berlin,Brandenburg/Berlin,10.165
14197,Berlin,Brandenburg/Berlin,10.165
14199,Berlin,Brandenburg/Berlin,10.165
14322,Brandenburg,Brandenburg,10.150000000000002
14328,Land Berlin,Brandenburg/Berlin,10.165
14329,Brandenburg,Brandenburg,10.150000000000002
14424,Brandenburg,Brandenburg,10.150000000000002
14425,Brandenburg,Brandenburg,10.150000000000002
14456,Brandenburg,Brandenburg,10.150000000000002
14457,Land Berlin,Brandenburg/Berlin,10.165
14458,Brandenburg,Brandenburg,10.150000000000002
14459,Brandenburg,Brandenburg,10.150000000000002
14461,Brandenburg,Brandenburg,10.150000000000002
14462,Brandenburg,Brandenburg,10.150000000000002
14463,Brandenburg,Brandenburg,10.150000000000002
14464,Brandenburg,Brandenburg,10.150000000000002
14465,Brandenburg,Brandenburg,10.150000000000002
14467,Brandenburg,Brandenburg,10.150000000000002
14469,Brandenburg,Brandenburg,10.150000000000002
14471,Brandenburg,Brandenburg,10.150000000000002
14473,Brandenburg,Brandenburg,10.150000000000002
14476,Brandenburg,Brandenburg,10.150000000000002
14478,Brandenburg,Brandenburg,10.150000000000002
14480,Brandenburg,Brandenburg,10.150000000000002
14482,Brandenburg,Brandenburg,10.150000000000002
14510,Brandenburg,Brandenburg,10.150000000000002
14513,Brandenburg,Brandenburg,10.150000000000002
14532,Brandenburg,Brandenburg,10.150000000000002
14542,Brandenburg,Brandenburg,10.150000000000002
14547,Brandenburg,Brandenburg,10.150000000000002
14548,Brandenburg,Brandenburg,10.150000000000002
14550,Brandenburg,Brandenburg,10.150000000000002
14552,Brandenburg,Brandenburg,10.150000000000002
14554,Brandenburg,Brandenburg,10.150000000000002
14557,Brandenburg,Brandenburg,10.150000000000002
14558,Brandenburg,Brandenburg,10.150000000000002
14612,Brandenburg,Brandenburg,10.150000000000002
14621,Brandenburg,Brandenburg,10.150000000000002
14624,Brandenburg,Brandenburg,10.150000000000002
14627,Brandenburg,Brandenburg,10.150000000000002
14641,Brandenburg,Brandenburg,10.150000000000002
14655,Brandenburg,Brandenburg,10.150000000000002
14656,Brandenburg,Brandenburg,10.150000000000002
14662,Brandenburg,Brandenburg,10.150000000000002
14669,Brandenburg,Brandenburg,10.150000000000002
14710,Brandenburg,Brandenburg,10.150000000000002
14712,Brandenburg,Brandenburg,10.150000000000002
14715,Brandenburg,Brandenburg,10.150000000000002
14727,Brandenburg,Brandenburg,10.150000000000002
14728,Brandenburg,Brandenburg,10.150000000000002
14765,Brandenburg,Brandenburg,10.150000000000002
14767,Brandenburg,Brandenburg,10.150000000000002
14770,Brandenburg,Brandenburg,10.150000000000002
14772,Brandenburg,Brandenburg,10.150000000000002
14774,Brandenburg,Brandenburg,10.150000000000002
14776,Brandenburg,Brandenburg,10.150000000000002
14778,Brandenburg,Brandenburg,10.150000000000002
14789,Brandenburg,Brandenburg,10.150000000000002
14793,Brandenburg,Brandenburg,10.150000000000002
14797,Brandenburg,Brandenburg,10.150000000000002
14798,Brandenburg,Brandenburg,10.150000000000002
14806,Brandenburg,Brandenburg,10.150000000000002
14822,Brandenburg,Brandenburg,10.150000000000002
14823,Brandenburg,Brandenburg,10.150000000000002
14827,Brandenburg,Brandenburg,10.150000000000002
14828,Brandenburg,Brandenburg,10.150000000000002
14913,Brandenburg,Brandenburg,10.150000000000002
14929,Brandenburg,Brandenburg,10.150000000000002
14943,Brandenburg,Brandenburg,10.150000000000002
14947,Brandenburg,Brandenburg,10.150000000000002
14959,Brandenburg,Brandenburg,10.150000000000002
14974,Brandenburg,Brandenburg,10.150000000000002
14979,Brandenburg,Brandenburg,10.150000000000002
14980,Brandenburg,Brandenburg,10.150000000000002
15220,Brandenburg,Brandenburg,10.150000000000002
15224,Brandenburg,Brandenburg,10.150000000000002
15227,Land Berlin,Brandenburg/Berlin,10.165
15228,Brandenburg,Brandenburg,10.150000000000002
15229,Brandenburg,Brandenburg,10.150000000000002
15230,Brandenburg,Brandenburg,10.150000000000002
15232,Brandenburg,Brandenburg,10.150000000000002
15234,Brandenburg,Brandenburg,10.150000000000002
15236,Brandenburg,Brandenburg,10.150000000000002
15295,Brandenburg,Brandenburg,10.150000000000002
15299,Brandenburg,Brandenburg,10.150000000000002
15306,Brandenburg,Brandenburg,10.150000000000002
15320,Brandenburg,Brandenburg,10.150000000000002
15324,Brandenburg,Brandenburg,10.150000000000002
15326,Brandenburg,Brandenburg,10.150000000000002
15328,Brandenburg,Brandenburg,10.150000000000002
15344,Brandenburg,Brandenburg,10.150000000000002
15345,Brandenburg,Brandenburg,10.150000000000002
15366,Brandenburg,Brandenburg,10.150000000000002
15370,Brandenburg,Brandenburg,10.150000000000002
15372,Brandenburg,Brandenburg,10.150000000000002
15374,Brandenburg,Brandenburg,10.150000000000002
15377,Brandenburg,Brandenburg,10.150000000000002
15378,Brandenburg,Brandenburg,10.150000000000002
15515,Brandenburg,Brandenburg,10.150000000000002
15517,Brandenburg,Brandenburg,10.150000000000002
15518,Brandenburg,Brandenburg,10.150000000000002
15526,Brandenburg,Brandenburg,10.150000000000002
15528,Brandenburg,Brandenburg,10.150000000000002
15537,Brandenburg,Brandenburg,10.150000000000002
15559,Brandenburg,Brandenburg,10.150000000000002
15562,Brandenburg,Brandenburg,10.150000000000002
15566,Brandenburg,Brandenburg,10.150000000000002
15569,Brandenburg,Brandenburg,10.150000000000002
15711,Brandenburg,Brandenburg,10.150000000000002
15712,Brandenburg,Brandenburg,10.150000000000002
15713,Brandenburg,Brandenburg,10.150000000000002
15732,Brandenburg,Brandenburg,10.150000000000002
15738,Brandenburg,Brandenburg,10.150000000000002
15741,Brandenburg,Brandenburg,10.150000000000002
15745,Brandenburg,Brandenburg,10.150000000000002
15746,Brandenburg,Brandenburg,10.150000000000002
15748,Brandenburg,Brandenburg,10.150000000000002
15749,Brandenburg,Brandenburg,10.150000000000002
15752,Brandenburg,Brandenburg,10.150000000000002
15754,Brandenburg,Brandenburg,10.150000000000002
15755,Brandenburg,Brandenburg,10.150000000000002
15757,Brandenburg,Brandenburg,10.150000000000002
15806,Brandenburg,Brandenburg,10.150000000000002
15827,Brandenburg,Brandenburg,10.150000000000002
15831,Brandenburg,Brandenburg,10.150000000000002
15834,Brandenburg,Brandenburg,10.150000000000002
15837,Brandenburg,Brandenburg,10.150000000000002
15838,Brandenburg,Brandenburg,10.150000000000002
15848,Brandenburg,Brandenburg,10.150000000000002
15859,Brandenburg,Brandenburg,10.150000000000002
15864,Brandenburg,Brandenburg,10.150000000000002
15868,Brandenburg,Brandenburg,10.150000000000002
15887,Brandenburg,Brandenburg,10.150000000000002
15888,Brandenburg,Brandenburg,10.150000000000002
15890,Brandenburg,Brandenburg,10.150000000000002
15898,Brandenburg,Brandenburg,10.150000000000002
15907,Brandenburg,Brandenburg,10.150000000000002
15910,Brandenburg,Brandenburg,10.150000000000002
15913,Brandenburg,Brandenburg,10.150000000000002
15926,Brandenburg,Brandenburg,10.150000000000002
15936,Brandenburg,Brandenburg,10.150000000000002
15938,Brandenburg,Brandenburg,10.150000000000002
16222,Brandenburg,Brandenburg,10.150000000000002
16225,Brandenburg,Brandenburg,10.150000000000002
16227,Brandenburg,Brandenburg,10.150000000000002
16230,Brandenburg,Brandenburg,10.150000000000002
16244,Brandenburg,Brandenburg,10.150000000000002
16247,Brandenburg,Brandenburg,10.150000000000002
16248,Brandenburg,Brandenburg,10.150000000000002
16259,Brandenburg,Brandenburg,10.150000000000002
16269,Brandenburg,Brandenburg,10.150000000000002
16278,Brandenburg,Brandenburg,10.150000000000002
16303,Brandenburg,Brandenburg,10.150000000000002
16306,Brandenburg,Brandenburg,10.150000000000002
16307,Brandenburg,Brandenburg,10.150000000000002
16321,Brandenburg,Brandenburg,10.150000000000002
16341,Brandenburg,Brandenburg,10.150000000000002
16348,Brandenburg,Brandenburg,10.150000000000002
16352,Brandenburg,Brandenburg,10.150000000000002
16356,Brandenburg,Brandenburg,10.150000000000002
16359,Brandenburg,Brandenburg,10.150000000000002
16515,Brandenburg,Brandenburg,10.150000000000002
16540,Brandenburg,Brandenburg,10.150000000000002
16547,Brandenburg,Brandenburg,10.150000000000002
16548,Brandenburg,Brandenburg,10.150000000000002
16552,Brandenburg,Brandenburg,10.150000000000002
16556,Brandenburg,Brandenburg,10.150000000000002
16559,Brandenburg,Brandenburg,10.150000000000002
16562,Brandenburg,Brandenburg,10.150000000000002
16565,Brandenburg,Brandenburg,10.150000000000002
16567,Brandenburg,Brandenburg,10.150000000000002
16727,Brandenburg,Brandenburg,10.150000000000002
16759,Brandenburg,Brandenburg,10.150000000000002
16761,Brandenburg,Brandenburg,10.150000000000002
16766,Brandenburg,Brandenburg,10.150000000000002
16767,Brandenburg,Brandenburg,10.150000000000002
16775,Brandenburg,Brandenburg,10.150000000000002
16792,Brandenburg,Brandenburg,10.150000000000002
16798,Brandenburg,Brandenburg,10.150000000000002
16814,Brandenburg,Brandenburg,10.150000000000002
16816,Brandenburg,Brandenburg,10.150000000000002
16818,Brandenburg,Brandenburg,10.150000000000002
16827,Brandenburg,Brandenburg,10.150000000000002
16831,Brandenburg,Brandenburg,10.150000000000002
16833,Brandenburg,Brandenburg,10.150000000000002
16835,Brandenburg,Brandenburg,10.150000000000002
16837,Brandenburg,Brandenburg,10.150000000000002
16845,Brandenburg,Brandenburg,10.150000000000002
16866,Brandenburg,Brandenburg,10.150000000000002
16868,Brandenburg,Brandenburg,10.150000000000002
16909,Brandenburg,Brandenburg,10.150000000000002
16918,Brandenburg,Brandenburg,10.150000000000002
16921,Brandenburg,Brandenburg,10.150000000000002
16928,Brandenburg,Brandenburg,10.150000000000002
16945,Brandenburg,Brandenburg,10.150000000000002
16949,Brandenburg,Brandenburg,10.150000000000002
17030,Mecklenburg-Western Pomerania,Mecklenburg-Vorpommern,9.690000000000005
17033,Mecklenburg-Vorpommern,Mecklenburg-Vorpommern,9.690000000000005
17034,Mecklenburg-Vorpommern,Mecklenburg-Vorpommern,9.690000000000005
17036,Mecklenburg-Vorpommern,Mecklenburg-Vorpommern,9.690000000000005
17039,Mecklenburg-Vorpommern,Mecklenburg-Vorpommern,9.690000000000005
17049,Mecklenburg-Western Pomerania,Mecklenburg-Vorpommern,9.690000000000005
17050,Mecklenburg-Western Pomerania,Mecklenburg-Vorpommern,9.690000000000005
17087,Mecklenburg-Vorpommern,Mecklenburg-Vorpommern,9.690000000000005
17089,Mecklenburg-Vorpommern,Mecklenburg-Vorpommern,9.690000000000005
17091,Mecklenburg-Vorpommern,Mecklenburg-Vorpommern,9.690000000000005
17094,Mecklenburg-Vorpommern,Mecklenburg-Vorpommern,9.690000000000005
17098,Mecklenburg-Vorpommern,Mecklenburg-Vorpommern,9.690000000000005
17099,Mecklenburg-Vorpommern,Mecklenburg-Vorpommern,9.690000000000005
17109,Mecklenburg-Vorpommern,Mecklenburg-Vorpommern,9.690000000000005
17111,Mecklenburg-Vorpommern,Mecklenburg-Vorpommern,9.690000000000005
17121,Mecklenburg-Vorpommern,Mecklenburg-Vorpommern,9.690000000000005
17126,Mecklenburg-Vorpommern,Mecklenburg-Vorpommern,9.690000000000005
17129,Mecklenburg-Vorpommern,Mecklenburg-Vorpommern,9.690000000000005
17139,Mecklenburg-Vorpommern,Mecklenburg-Vorpommern,9.690000000000005
17153,Mecklenburg-Vorpommern,Mecklenburg-Vorpommern,9.690000000000005
17154,Mecklenburg-Vorpommern,Mecklenburg-Vorpommern,9.690000000000005
17159,Mecklenburg-Vorpommern,Mecklenburg-Vorpommern,9.690000000000005
17166,Mecklenburg-Vorpommern,Mecklenburg-Vorpommern,9.690000000000005
17168,Mecklenburg-Vorpommern,Mecklenburg-Vorpommern,9.690000000000005
17179,Mecklenburg-Vorpommern,Mecklenburg-Vorpommern,9.690000000000005
17192,Mecklenburg-Vorpommern,Mecklenburg-Vorpommern,9.690000000000005
17194,Mecklenburg-Vorpommern,Mecklenburg-Vorpommern,9.690000000000005
17207,Mecklenburg-Vorpommern,Mecklenburg-Vorpommern,9.690000000000005
17209,Mecklenburg-Vorpommern,Mecklenburg-Vorpommern,9.690000000000005
17213,Mecklenburg-Vorpommern,Mecklenburg-Vorpommern,9.690000000000005
17214,Mecklenburg-Vorpommern,Mecklenburg-Vorpommern,9.690000000000005
17217,Mecklenburg-Vorpommern,Mecklenburg-Vorpommern,9.690000000000005
17219,Mecklenburg-Vorpommern,Mecklenburg-Vorpommern,9.690000000000005
17235,Mecklenburg-Vorpommern,Mecklenburg-Vorpommern,9.690000000000005
17237,Mecklenburg-Vorpommern,Mecklenburg-Vorpommern,9.690000000000005
17240,Land Berlin,Brandenburg/Berlin,10.165
17248,Mecklenburg-Vorpommern,Mecklenburg-Vorpommern,9.690000000000005
17252,Mecklenburg-Vorpommern,Mecklenburg-Vorpommern,9.690000000000005
17255,Mecklenburg-Vorpommern,Mecklenburg-Vorpommern,9.690000000000005
17258,Mecklenburg-Vorpommern,Mecklenburg-Vorpommern,9.690000000000005
17259,Mecklenburg-Vorpommern,Mecklenburg-Vorpommern,9.690000000000005
17268,Brandenburg,Brandenburg,10.150000000000002
17279,Brandenburg,Brandenburg,10.150000000000002
17291,Brandenburg,Brandenburg,10.150000000000002
17305,Mecklenburg-Western Pomerania,Mecklenburg-Vorpommern,9.690000000000005
17306,Mecklenburg-Western Pomerania,Mecklenburg-Vorpommern,9.690000000000005
17308,Mecklenburg-Western Pomerania,Mecklenburg-Vorpommern,9.690000000000005
17309,Mecklenburg-Vorpommern,Mecklenburg-Vorpommern,9.690000000000005
17321,Mecklenburg-Vorpommern,Mecklenburg-Vorpommern,9.690000000000005
17322,Mecklenburg-Vorpommern,Mecklenburg-Vorpommern,9.690000000000005
17326,Brandenburg,Brandenburg,10.150000000000002
17328,Mecklenburg-Vorpommern,Mecklenburg-Vorpommern,9.690000000000005
17329,Mecklenburg-Vorpommern,Mecklenburg-Vorpommern,9.690000000000005
17335,Mecklenburg-Vorpommern,Mecklenburg-Vorpommern,9.690000000000005
17337,Brandenburg,Brandenburg,10.150000000000002
17348,Mecklenburg-Vorpommern,Mecklenburg-Vorpommern,9.690000000000005
17349,Mecklenburg-Vorpommern,Mecklenburg-Vorpommern,9.690000000000005
17358,Mecklenburg-Vorpommern,Mecklenburg-Vorpommern,9.690000000000005
17367,Mecklenburg-Vorpommern,Mecklenburg-Vorpommern,9.690000000000005
17373,Mecklenburg-Vorpommern,Mecklenburg-Vorpommern,9.690000000000005
17375,Mecklenburg-Vorpommern,Mecklenburg-Vorpommern,9.690000000000005
17379,Mecklenburg-Vorpommern,Mecklenburg-Vorpommern,9.690000000000005
17389,Mecklenburg-Vorpommern,Mecklenburg-Vorpommern,9.690000000000005
17390,Mecklenburg-Vorpommern,Mecklenburg-Vorpommern,9.690000000000005
17391,Mecklenburg-Vorpommern,Mecklenburg-Vorpommern,9.690000000000005
17392,Mecklenburg-Vorpommern,Mecklenburg-Vorpommern,9.690000000000005
17398,Mecklenburg-Vorpommern,Mecklenburg-Vorpommern,9.690000000000005
17406,Mecklenburg-Vorpommern,Mecklenburg-Vorpommern,9.690000000000005
17419,Mecklenburg-Vorpommern,Mecklenburg-Vorpommern,9.690000000000005
17424,Mecklenburg-Vorpommern,Mecklenburg-Vorpommern,9.690000000000005
17429,Mecklenburg-Vorpommern,Mecklenburg-Vorpommern,9.690000000000005
17438,Mecklenburg-Vorpommern,Mecklenburg-Vorpommern,9.690000000000005
17440,Mecklenburg-Vorpommern,Mecklenburg-Vorpommern,9.690000000000005
17449,Mecklenburg-Vorpommern,Mecklenburg-Vorpommern,9.690000000000005
17454,Mecklenburg-Vorpommern,Mecklenburg-Vorpommern,9.690000000000005
17459,Mecklenburg-Vorpommern,Mecklenburg-Vorpommern,9.690000000000005
17474,Mecklenburg-Western Pomerania,Mecklenburg-Vorpommern,9.690000000000005
17475,Mecklenburg-Western Pomerania,Mecklenburg-Vorpommern,9.690000000000005
17489,Mecklenburg-Vorpommern,Mecklenburg-Vorpommern,9.690000000000005
17491,Mecklenburg-Vorpommern,Mecklenburg-Vorpommern,9.690000000000005
17493,Mecklenburg-Vorpommern,Mecklenburg-Vorpommern,9.690000000000005
17495,Mecklenburg-Vorpommern,Mecklenburg-Vorpommern,9.690000000000005
17498,Mecklenburg-Vorpommern,Mecklenburg-Vorpommern,9.690000000000005
17506,Mecklenburg-Vorpommern,Mecklenburg-Vorpommern,9.690000000000005
17509,Mecklenburg-Vorpommern,Mecklenburg-Vorpommern,9.690000000000005
18048,Mecklenburg-Western Pomerania,Mecklenburg-Vorpommern,9.690000000000005
18050,Mecklenburg-Western Pomerania,Mecklenburg-Vorpommern,9.690000000000005
18051,Mecklenburg-Western Pomerania,Mecklenburg-Vorpommern,9.690000000000005
18052,Mecklenburg-Western Pomerania,Mecklenburg-Vorpommern,9.690000000000005
18053,Mecklenburg-Western Pomerania,Mecklenburg-Vorpommern,9.690000000000005
18055,Mecklenburg-Vorpommern,Mecklenburg-Vorpommern,9.690000000000005
18057,Mecklenburg-Vorpommern,Mecklenburg-Vorpommern,9.690000000000005
18059,Mecklenburg-Vorpommern,Mecklenburg-Vorpommern,9.690000000000005
18060,Mecklenburg-Western Pomerania,Mecklenburg-Vorpommern,9.690000000000005
18069,Mecklenburg-Vorpommern,Mecklenburg-Vorpommern,9.690000000000005
18101,Mecklenburg-Western Pomerania,Mecklenburg-Vorpommern,9.690000000000005
18106,Mecklenburg-Vorpommern,Mecklenburg-Vorpommern,9.690000000000005
18107,Mecklenburg-Vorpommern,Mecklenburg-Vorpommern,9.690000000000005
18109,Mecklenburg-Vorpommern,Mecklenburg-Vorpommern,9.690000000000005
18119,Mecklenburg-Vorpommern,Mecklenburg-Vorpommern,9.690000000000005
18146,Mecklenburg-Vorpommern,Mecklenburg-Vorpommern,9.690000000000005
18147,Mecklenburg-Vorpommern,Mecklenburg-Vorpommern,9.690000000000005
18181,Mecklenburg-Vorpommern,Mecklenburg-Vorpommern,9.690000000000005
18182,Mecklenburg-Vorpommern,Mecklenburg-Vorpommern,9.690000000000005
18184,Mecklenburg-Vorpommern,Mecklenburg-Vorpommern,9.690000000000005
18190,Mecklenburg-Vorpommern,Mecklenburg-Vorpommern,9.690000000000005
18195,Mecklenburg-Vorpommern,Mecklenburg-Vorpommern,9.690000000000005
18196,Mecklenburg-Vorpommern,Mecklenburg-Vorpommern,9.690000000000005
18198,Mecklenburg-Vorpommern,Mecklenburg-Vorpommern,9.690000000000005
18209,Mecklenburg-Vorpommern,Mecklenburg-Vorpommern,9.690000000000005
18211,Mecklenburg-Vorpommern,Mecklenburg-Vorpommern,9.690000000000005
18225,Mecklenburg-Vorpommern,Mecklenburg-Vorpommern,9.690000000000005
18230,Mecklenburg-Vorpommern,Mecklenburg-Vorpommern,9.690000000000005
18231,Mecklenburg-Vorpommern,Mecklenburg-Vorpommern,9.690000000000005
18233,Mecklenburg-Vorpommern,Mecklenburg-Vorpommern,9.690000000000005
18236,Mecklenburg-Vorpommern,Mecklenburg-Vorpommern,9.690000000000005
18239,Mecklenburg-Vorpommern,Mecklenburg-Vorpommern,9.690000000000005
18246,Mecklenburg-Vorpommern,Mecklenburg-Vorpommern,9.690000000000005
18249,Mecklenburg-Vorpommern,Mecklenburg-Vorpommern,9.690000000000005
18258,Mecklenburg-Vorpommern,Mecklenburg-Vorpommern,9.690000000000005
18271,Mecklenburg-Western Pomerania,Mecklenburg-Vorpommern,9.690000000000005
18273,Mecklenburg-Vorpommern,Mecklenburg-Vorpommern,9.690000000000005
18276,Mecklenburg-Vorpommern,Mecklenburg-Vorpommern,9.690000000000005
18279,Mecklenburg-Vorpommern,Mecklenburg-Vorpommern,9.690000000000005
18292,Mecklenburg-Vorpommern,Mecklenburg-Vorpommern,9.690000000000005
18299,Mecklenburg-Vorpommern,Mecklenburg-Vorpommern,9.690000000000005
18311,Mecklenburg-Vorpommern,Mecklenburg-Vorpommern,9.690000000000005
18314,Mecklenburg-Vorpommern,Mecklenburg-Vorpommern,9.690000000000005
18317,Mecklenburg-Vorpommern,Mecklenburg-Vorpommern,9.690000000000005
18320,Mecklenburg-Vorpommern,Mecklenburg-Vorpommern,9.690000000000005
18334,Mecklenburg-Vorpommern,Mecklenburg-Vorpommern,9.690000000000005
18337,Mecklenburg-Vorpommern,Mecklenburg-Vorpommern,9.690000000000005
18347,Mecklenburg-Vorpommern,Mecklenburg-Vorpommern,9.690000000000005
18356,Mecklenburg-Vorpommern,Mecklenburg-Vorpommern,9.690000000000005
18374,Mecklenburg-Vorpommern,Mecklenburg-Vorpommern,9.690000000000005
18375,Mecklenburg-Vorpommern,Mecklenburg-Vorpommern,9.690000000000005
18431,Mecklenburg-Western Pomerania,Mecklenburg-Vorpommern,9.690000000000005
18432,Mecklenburg-Western Pomerania,Mecklenburg-Vorpommern,9.690000000000005
18435,Mecklenburg-Vorpommern,Mecklenburg-Vorpommern,9.690000000000005
18437,Mecklenburg-Vorpommern,Mecklenburg-Vorpommern,9.690000000000005
18439,Mecklenburg-Vorpommern,Mecklenburg-Vorpommern,9.690000000000005
18442,Mecklenburg-Vorpommern,Mecklenburg-Vorpommern,9.690000000000005
18445,Mecklenburg-Vorpommern,Mecklenburg-Vorpommern,9.690000000000005
18461,Mecklenburg-Vorpommern,Mecklenburg-Vorpommern,9.690000000000005
18465,Mecklenburg-Vorpommern,Mecklenburg-Vorpommern,9.690000000000005
18469,Mecklenburg-Vorpommern,Mecklenburg-Vorpommern,9.690000000000005
18507,Mecklenburg-Vorpommern,Mecklenburg-Vorpommern,9.690000000000005
18510,Mecklenburg-Vorpommern,Mecklenburg-Vorpommern,9.690000000000005
18513,Mecklenburg-Vorpommern,Mecklenburg-Vorpommern,9.690000000000005
18516,Mecklenburg-Vorpommern,Mecklenburg-Vorpommern,9.690000000000005
18519,Mecklenburg-Vorpommern,Mecklenburg-Vorpommern,9.690000000000005
18528,Mecklenburg-Vorpommern,Mecklenburg-Vorpommern,9.690000000000005
18546,Mecklenburg-Vorpommern,Mecklenburg-Vorpommern,9.690000000000005
18551,Mecklenburg-Vorpommern,Mecklenburg-Vorpommern,9.690000000000005
18556,Mecklenburg-Vorpommern,Mecklenburg-Vorpommern,9.690000000000005
18565,Mecklenburg-Vorpommern,Mecklenburg-Vorpommern,9.690000000000005
18569,Mecklenburg-Vorpommern,Mecklenburg-Vorpommern,9.690000000000005
18573,Mecklenburg-Vorpommern,Mecklenburg-Vorpommern,9.690000000000005
18574,Mecklenburg-Vorpommern,Mecklenburg-Vorpommern,9.690000000000005
18581,Mecklenburg-Vorpommern,Mecklenburg-Vorpommern,9.690000000000005
18586,Mecklenburg-Vorpommern,Mecklenburg-Vorpommern,9.690000000000005
18609,Mecklenburg-Vorpommern,Mecklenburg-Vorpommern,9.690000000000005
19020,Mecklenburg-Western Pomerania,Mecklenburg-Vorpommern,9.690000000000005
19048,Mecklenburg-Western Pomerania,Mecklenburg-Vorpommern,9.690000000000005
19049,Mecklenburg-Western Pomerania,Mecklenburg-Vorpommern,9.690000000000005
19050,Mecklenburg-Western Pomerania,Mecklenburg-Vorpommern,9.690000000000005
19051,Mecklenburg-Western Pomerania,Mecklenburg-Vorpommern,9.690000000000005
19053,Mecklenburg-Vorpommern,Mecklenburg-Vorpommern,9.690000000000005
19055,Mecklenburg-Vorpommern,Mecklenburg-Vorpommern,9.690000000000005
19057,Mecklenburg-Vorpommern,Mecklenburg-Vorpommern,9.690000000000005
19059,Mecklenburg-Vorpommern,Mecklenburg-Vorpommern,9.690000000000005
19061,Mecklenburg-Vorpommern,Mecklenburg-Vorpommern,9.690000000000005
19063,Mecklenburg-Vorpommern,Mecklenburg-Vorpommern,9.690000000000005
19065,Mecklenburg-Vorpommern,Mecklenburg-Vorpommern,9.690000000000005
19067,Mecklenburg-Vorpommern,Mecklenburg-Vorpommern,9.690000000000005
19069,Mecklenburg-Vorpommern,Mecklenburg-Vorpommern,9.690000000000005
19071,Mecklenburg-Vorpommern,Mecklenburg-Vorpommern,9.690000000000005
19073,Mecklenburg-Vorpommern,Mecklenburg-Vorpommern,9.690000000000005
19075,Mecklenburg-Vorpommern,Mecklenburg-Vorpommern,9.690000000000005
19077,Mecklenburg-Vorpommern,Mecklenburg-Vorpommern,9.690000000000005
19079,Mecklenburg-Vorpommern,Mecklenburg-Vorpommern,9.690000000000005
19085,Mecklenburg-Western Pomerania,Mecklenburg-Vorpommern,9.690000000000005
19086,Mecklenburg-Vorpommern,Mecklenburg-Vorpommern,9.690000000000005
19089,Mecklenburg-Vorpommern,Mecklenburg-Vorpommern,9.690000000000005
19101,Mecklenburg-Western Pomerania,Mecklenburg-Vorpommern,9.690000000000005
19205,Mecklenburg-Vorpommern,Mecklenburg-Vorpommern,9.690000000000005
19209,Mecklenburg-Vorpommern,Mecklenburg-Vorpommern,9.690000000000005
19217,Mecklenburg-Vorpommern,Mecklenburg-Vorpommern,9.690000000000005
19230,Mecklenburg-Vorpommern,Mecklenburg-Vorpommern,9.690000000000005
19243,Mecklenburg-Vorpommern,Mecklenburg-Vorpommern,9.690000000000005
19246,Mecklenburg-Vorpommern,Mecklenburg-Vorpommern,9.690000000000005
19249,Mecklenburg-Vorpommern,Mecklenburg-Vorpommern,9.690000000000005
19258,Mecklenburg-Vorpommern,Mecklenburg-Vorpommern,9.690000000000005
19260,Mecklenburg-Vorpommern,Mecklenburg-Vorpommern,9.690000000000005
19273,Mecklenburg-Vorpommern,Mecklenburg-Vorpommern,9.690000000000005
19288,Mecklenburg-Vorpommern,Mecklenburg-Vorpommern,9.690000000000005
19294,Mecklenburg-Vorpommern,Mecklenburg-Vorpommern,9.690000000000005
19300,Mecklenburg-Vorpommern,Mecklenburg-Vorpommern,9.690000000000005
19303,Mecklenburg-Vorpommern,Mecklenburg-Vorpommern,9.690000000000005
19306,Mecklenburg-Vorpommern,Mecklenburg-Vorpommern,9.690000000000005
19309,Brandenburg,Brandenburg,10.150000000000002
19322,Brandenburg,Brandenburg,10.150000000000002
19334,Brandenburg,Brandenburg,10.150000000000002
19336,Brandenburg,Brandenburg,10.150000000000002
19339,Brandenburg,Brandenburg,10.150000000000002
19348,Brandenburg,Brandenburg,10.150000000000002
19357,Brandenburg,Brandenburg,10.150000000000002
19367,Mecklenburg-Western Pomerania,Mecklenburg-Vorpommern,9.690000000000005
19370,Mecklenburg-Vorpommern,Mecklenburg-Vorpommern,9.690000000000005
19372,Mecklenburg-Vorpommern,Mecklenburg-Vorpommern,9.690000000000005
19374,Mecklenburg-Vorpommern,Mecklenburg-Vorpommern,9.690000000000005
19376,Mecklenburg-Vorpommern,Mecklenburg-Vorpommern,9.690000000000005
19386,Mecklenburg-Vorpommern,Mecklenburg-Vorpommern,9.690000000000005
19395,Mecklenburg-Vorpommern,Mecklenburg-Vorpommern,9.690000000000005
19399,Mecklenburg-Vorpommern,Mecklenburg-Vorpommern,9.690000000000005
19406,Mecklenburg-Vorpommern,Mecklenburg-Vorpommern,9.690000000000005
19412,Mecklenburg-Vorpommern,Mecklenburg-Vorpommern,9.690000000000005
19417,Mecklenburg-Vorpommern,Mecklenburg-Vorpommern,9.690000000000005
20038,Hamburg,Niedersachsen/Hamburg/Bremen,10.044999999999998
20066,Hamburg,Niedersachsen/Hamburg/Bremen,10.044999999999998
20067,Hamburg,Niedersachsen/Hamburg/Bremen,10.044999999999998
20068,Hamburg,Niedersachsen/Hamburg/Bremen,10.044999999999998
20069,Hamburg,Niedersachsen/Hamburg/Bremen,10.044999999999998
20070,Hamburg,Niedersachsen/Hamburg/Bremen,10.044999999999998
20071,Hamburg,Niedersachsen/Hamburg/Bremen,10.044999999999998
20072,Hamburg,Niedersachsen/Hamburg/Bremen,10.044999999999998
20073,Hamburg,Niedersachsen/Hamburg/Bremen,10.044999999999998
20074,Hamburg,Niedersachsen/Hamburg/Bremen,10.044999999999998
20076,Hamburg,Niedersachsen/Hamburg/Bremen,10.044999999999998
20077,Hamburg,Niedersachsen/Hamburg/Bremen,10.044999999999998
20079,Hamburg,Niedersachsen/Hamburg/Bremen,10.044999999999998
20080,Hamburg,Niedersachsen/Hamburg/Bremen,10.044999999999998
20081,Hamburg,Niedersachsen/Hamburg/Bremen,10.044999999999998
20083,Bavaria,Bayern,8.855000000000004
20084,Hamburg,Niedersachsen/Hamburg/Bremen,10.044999999999998
20085,Hamburg,Niedersachsen/Hamburg/Bremen,10.044999999999998
20086,Hamburg,Niedersachsen/Hamburg/Bremen,10.044999999999998
20087,Hamburg,Niedersachsen/Hamburg/Bremen,10.044999999999998
20088,Hamburg,Niedersachsen/Hamburg/Bremen,10.044999999999998
20090,Hamburg,Niedersachsen/Hamburg/Bremen,10.044999999999998
20091,Hamburg,Niedersachsen/Hamburg/Bremen,10.044999999999998
20092,Hamburg,Niedersachsen/Hamburg/Bremen,10.044999999999998
20095,Hamburg,Niedersachsen/Hamburg/Bremen,10.044999999999998
20097,Hamburg,Niedersachsen/Hamburg/Bremen,10.044999999999998
20099,Hamburg,Niedersachsen/Hamburg/Bremen,10.044999999999998
20139,Hamburg,Niedersachsen/Hamburg/Bremen,10.044999999999998
20140,Hamburg,Niedersachsen/Hamburg/Bremen,10.044999999999998
20144,Hamburg,Niedersachsen/Hamburg/Bremen,10.044999999999998
20146,Hamburg,Niedersachsen/Hamburg/Bremen,10.044999999999998
20148,Hamburg,Niedersachsen/Hamburg/Bremen,10.044999999999998
20149,Hamburg,Niedersachsen/Hamburg/Bremen,10.044999999999998
20242,Hamburg,Niedersachsen/Hamburg/Bremen,10.044999999999998
20243,Hamburg,Niedersachsen/Hamburg/Bremen,10.044999999999998
20244,Hamburg,Niedersachsen/Hamburg/Bremen,10.044999999999998
20245,Hamburg,Niedersachsen/Hamburg/Bremen,10.044999999999998
20246,Hamburg,Niedersachsen/Hamburg/Bremen,10.044999999999998
20247,Hamburg,Niedersachsen/Hamburg/Bremen,10.044999999999998
20249,Hamburg,Niedersachsen/Hamburg/Bremen,10.044999999999998
20251,Hamburg,Niedersachsen/Hamburg/Bremen,10.044999999999998
20253,Hamburg,Niedersachsen/Hamburg/Bremen,10.044999999999998
20255,Hamburg,Niedersachsen/Hamburg/Bremen,10.044999999999998
20257,Hamburg,Niedersachsen/Hamburg/Bremen,10.044999999999998
20259,Hamburg,Niedersachsen/Hamburg/Bremen,10.044999999999998
20346,Hamburg,Niedersachsen/Hamburg/Bremen,10.044999999999998
20347,Hamburg,Niedersachsen/Hamburg/Bremen,10.044999999999998
20348,Hamburg,Niedersachsen/Hamburg/Bremen,10.044999999999998
20350,Hamburg,Niedersachsen/Hamburg/Bremen,10.044999999999998
20351,Hamburg,Niedersachsen/Hamburg/Bremen,10.044999999999998
20354,Hamburg,Niedersachsen/Hamburg/Bremen,10.044999999999998
20355,Hamburg,Niedersachsen/Hamburg/Bremen,10.044999999999998
20357,Hamburg,Niedersachsen/Hamburg/Bremen,10.044999999999998
20359,Hamburg,Niedersachsen/Hamburg/Bremen,10.044999999999998
20444,Hamburg,Niedersachsen/Hamburg/Bremen,10.044999999999998
20445,Hamburg,Niedersachsen/Hamburg/Bremen,10.044999999999998
20446,Hamburg,Niedersachsen/Hamburg/Bremen,10.044999999999998
20449,Hamburg,Niedersachsen/Hamburg/Bremen,10.044999999999998
20450,Hamburg,Niedersachsen/Hamburg/Bremen,10.044999999999998
20451,Hamburg,Niedersachsen/Hamburg/Bremen,10.044999999999998
20452,Hamburg,Niedersachsen/Hamburg/Bremen,10.044999999999998
20453,Hamburg,Niedersachsen/Hamburg/Bremen,10.044999999999998
20454,Hamburg,Niedersachsen/Hamburg/Bremen,10.044999999999998
20457,Hamburg,Niedersachsen/Hamburg/Bremen,10.044999999999998
20459,Hamburg,Niedersachsen/Hamburg/Bremen,10.044999999999998
20531,Hamburg,Niedersachsen/Hamburg/Bremen,10.044999999999998
20533,Hamburg,Niedersachsen/Hamburg/Bremen,10.044999999999998
20535,Hamburg,Niedersachsen/Hamburg/Bremen,10.044999999999998
20537,Hamburg,Niedersachsen/Hamburg/Bremen,10.044999999999998
20539,Hamburg,Niedersachsen/Hamburg/Bremen,10.044999999999998
20901,Hamburg,Niedersachsen/Hamburg/Bremen,10.044999999999998
20903,Hamburg,Niedersachsen/Hamburg/Bremen,10.044999999999998
20911,Hamburg,Niedersachsen/Hamburg/Bremen,10.044999999999998
20912,Hamburg,Niedersachsen/Hamburg/Bremen,10.044999999999998
20913,Hamburg,Niedersachsen/Hamburg/Bremen,10.044999999999998
20914,Hamburg,Niedersachsen/Hamburg/Bremen,10.044999999999998
20915,Hamburg,Niedersachsen/Hamburg/Bremen,10.044999999999998
21027,Hamburg,Niedersachsen/Hamburg/Bremen,10.044999999999998
21029,Hamburg,Niedersachsen/Hamburg/Bremen,10.044999999999998
21031,Hamburg,Niedersachsen/Hamburg/Bremen,10.044999999999998
21033,Hamburg,Niedersachsen/Hamburg/Bremen,10.044999999999998
21035,Hamburg,Niedersachsen/Hamburg/Bremen,10.044999999999998
21037,Hamburg,Niedersachsen/Hamburg/Bremen,10.044999999999998
21039,Hamburg,Niedersachsen/Hamburg/Bremen,10.044999999999998
21071,Hamburg,Niedersachsen/Hamburg/Bremen,10.044999999999998
21073,Hamburg,Niedersachsen/Hamburg/Bremen,10.044999999999998
21075,Hamburg,Niedersachsen/Hamburg/Bremen,10.044999999999998
21077,Hamburg,Niedersachsen/Hamburg/Bremen,10.044999999999998
21079,Hamburg,Niedersachsen/Hamburg/Bremen,10.044999999999998
21105,Hamburg,Niedersachsen/Hamburg/Bremen,10.044999999999998
21107,Hamburg,Niedersachsen/Hamburg/Bremen,10.044999999999998
21109,Hamburg,Niedersachsen/Hamburg/Bremen,10.044999999999998
21129,Hamburg,Niedersachsen/Hamburg/Bremen,10.044999999999998
21147,Hamburg,Niedersachsen/Hamburg/Bremen,10.044999999999998
21149,Hamburg,Niedersachsen/Hamburg/Bremen,10.044999999999998
21170,Hamburg,Niedersachsen/Hamburg/Bremen,10.044999999999998
21172,Lower Saxony,Niedersachsen,10.044999999999998
21175,Hamburg,Niedersachsen/Hamburg/Bremen,10.044999999999998
21217,Niedersachsen,Niedersachsen,10.044999999999998
21218,Niedersachsen,Niedersachsen,10.044999999999998
21220,Niedersachsen,Niedersachsen,10.044999999999998
21224,Niedersachsen,Niedersachsen,10.044999999999998
21227,Niedersachsen,Niedersachsen,10.044999999999998
21228,Niedersachsen,Niedersachsen,10.044999999999998
21244,Niedersachsen,Niedersachsen,10.044999999999998
21255,Niedersachsen,Niedersachsen,10.044999999999998
21256,Niedersachsen,Niedersachsen,10.044999999999998
21258,Niedersachsen,Niedersachsen,10.044999999999998
21259,Niedersachsen,Niedersachsen,10.044999999999998
21261,Niedersachsen,Niedersachsen,10.044999999999998
21266,Niedersachsen,Niedersachsen,10.044999999999998
21271,Niedersachsen,Niedersachsen,10.044999999999998
21272,Niedersachsen,Niedersachsen,10.044999999999998
21274,Niedersachsen,Niedersachsen,10.044999999999998
21279,Niedersachsen,Niedersachsen,10.044999999999998
21332,Lower Saxony,Niedersachsen,10.044999999999998
21333,Lower Saxony,Niedersachsen,10.044999999999998
21335,Niedersachsen,Niedersachsen,10.044999999999998
21337,Niedersachsen,Niedersachsen,10.044999999999998
21339,Niedersachsen,Niedersachsen,10.044999999999998
21354,Niedersachsen,Niedersachsen,10.044999999999998
21357,Niedersachsen,Niedersachsen,10.044999999999998
21358,Niedersachsen,Niedersachsen,10.044999999999998
21360,Niedersachsen,Niedersachsen,10.044999999999998
21365,Niedersachsen,Niedersachsen,10.044999999999998
21368,Niedersachsen,Niedersachsen,10.044999999999998
21369,Niedersachsen,Niedersachsen,10.044999999999998
21371,Niedersachsen,Niedersachsen,10.044999999999998
21376,Niedersachsen,Niedersachsen,10.044999999999998
21379,Niedersachsen,Niedersachsen,10.044999999999998
21380,Niedersachsen,Niedersachsen,10.044999999999998
21382,Niedersachsen,Niedersachsen,10.044999999999998
21385,Niedersachsen,Niedersachsen,10.044999999999998
21386,Niedersachsen,Niedersachsen,10.044999999999998
21388,Niedersachsen,Niedersachsen,10.044999999999998
21391,Niedersachsen,Niedersachsen,10.044999999999998
21394,Niedersachsen,Niedersachsen,10.044999999999998
21395,Niedersachsen,Niedersachsen,10.044999999999998
21397,Niedersachsen,Niedersachsen,10.044999999999998
21398,Niedersachsen,Niedersachsen,10.044999999999998
21400,Niedersachsen,Niedersachsen,10.044999999999998
21401,Niedersachsen,Niedersachsen,10.044999999999998
21403,Niedersachsen,Niedersachsen,10.044999999999998
21406,Niedersachsen,Niedersachsen,10.044999999999998
21407,Niedersachsen,Niedersachsen,10.044999999999998
21409,Niedersachsen,Niedersachsen,10.044999999999998
21421,Lower Saxony,Niedersachsen,10.044999999999998
21423,Niedersachsen,Niedersachsen,10.044999999999998
21435,Niedersachsen,Niedersachsen,10.044999999999998
21436,Niedersachsen,Niedersachsen,10.044999999999998
21438,Niedersachsen,Niedersachsen,10.044999999999998
21439,Niedersachsen,Niedersachsen,10.044999999999998
21441,Niedersachsen,Niedersachsen,10.044999999999998
21442,Niedersachsen,Niedersachsen,10.044999999999998
21444,Niedersachsen,Niedersachsen,10.044999999999998
21445,Niedersachsen,Niedersachsen,10.044999999999998
21447,Niedersachsen,Niedersachsen,10.044999999999998
21449,Niedersachsen,Niedersachsen,10.044999999999998
21462,Schleswig-Holstein,Schleswig-Holstein,9.660000000000004
21465,Schleswig-Holstein,Schleswig-Holstein,9.660000000000004
21481,Schleswig-Holstein,Schleswig-Holstein,9.660000000000004
21483,Schleswig-Holstein,Schleswig-Holstein,9.660000000000004
21493,Schleswig-Holstein,Schleswig-Holstein,9.660000000000004
21500,Schleswig-Holstein,Schleswig-Holstein,9.660000000000004
21502,Schleswig-Holstein,Schleswig-Holstein,9.660000000000004
21509,Schleswig-Holstein,Schleswig-Holstein,9.660000000000004
21514,Schleswig-Holstein,Schleswig-Holstein,9.660000000000004
21516,Schleswig-Holstein,Schleswig-Holstein,9.660000000000004
21521,Schleswig-Holstein,Schleswig-Holstein,9.660000000000004
21522,Niedersachsen,Niedersachsen,10.044999999999998
21524,Schleswig-Holstein,Schleswig-Holstein,9.660000000000004
21526,Schleswig-Holstein,Schleswig-Holstein,9.660000000000004
21527,Schleswig-Holstein,Schleswig-Holstein,9.660000000000004
21529,Schleswig-Holstein,Schleswig-Holstein,9.660000000000004
21614,Niedersachsen,Niedersachsen,10.044999999999998
21629,Niedersachsen,Niedersachsen,10.044999999999998
21635,Niedersachsen,Niedersachsen,10.044999999999998
21640,Niedersachsen,Niedersachsen,10.044999999999998
21641,Niedersachsen,Niedersachsen,10.044999999999998
21643,Niedersachsen,Niedersachsen,10.044999999999998
21644,Niedersachsen,Niedersachsen,10.044999999999998
21646,Niedersachsen,Niedersachsen,10.044999999999998
21647,Niedersachsen,Niedersachsen,10.044999999999998
21649,Niedersachsen,Niedersachsen,10.044999999999998
21676,Lower Saxony,Niedersachsen,10.044999999999998
21677,Lower Saxony,Niedersachsen,10.044999999999998
21680,Niedersachsen,Niedersachsen,10.044999999999998
21682,Niedersachsen,Niedersachsen,10.044999999999998
21683,Niedersachsen,Niedersachsen,10.044999999999998
21684,Niedersachsen,Niedersachsen,10.044999999999998
21698,Niedersachsen,Niedersachsen,10.044999999999998
21702,Niedersachsen,Niedersachsen,10.044999999999998
21706,Niedersachsen,Niedersachsen,10.044999999999998
21709,Niedersachsen,Niedersachsen,10.044999999999998
21710,Niedersachsen,Niedersachsen,10.044999999999998
21712,Niedersachsen,Niedersachsen,10.044999999999998
21714,Niedersachsen,Niedersachsen,10.044999999999998
21717,Niedersachsen,Niedersachsen,10.044999999999998
21720,Niedersachsen,Niedersachsen,10.044999999999998
21723,Niedersachsen,Niedersachsen,10.044999999999998
21726,Niedersachsen,Niedersachsen,10.044999999999998
21727,Niedersachsen,Niedersachsen,10.044999999999998
21729,Niedersachsen,Niedersachsen,10.044999999999998
21730,Niedersachsen,Niedersachsen,10.044999999999998
21732,Niedersachsen,Niedersachsen,10.044999999999998
21734,Niedersachsen,Niedersachsen,10.044999999999998
21737,Niedersachsen,Niedersachsen,10.044999999999998
21739,Niedersachsen,Niedersachsen,10.044999999999998
21745,Niedersachsen,Niedersachsen,10.044999999999998
21755,Niedersachsen,Niedersachsen,10.044999999999998
21756,Niedersachsen,Niedersachsen,10.044999999999998
21762,Niedersachsen,Niedersachsen,10.044999999999998
21763,Niedersachsen,Niedersachsen,10.044999999999998
21765,Niedersachsen,Niedersachsen,10.044999999999998
21769,Niedersachsen,Niedersachsen,10.044999999999998
21770,Niedersachsen,Niedersachsen,10.044999999999998
21772,Niedersachsen,Niedersachsen,10.044999999999998
21775,Niedersachsen,Niedersachsen,10.044999999999998
21776,Niedersachsen,Niedersachsen,10.044999999999998
21781,Niedersachsen,Niedersachsen,10.044999999999998
21782,Niedersachsen,Niedersachsen,10.044999999999998
21784,Niedersachsen,Niedersachsen,10.044999999999998
21785,Niedersachsen,Niedersachsen,10.044999999999998
21787,Niedersachsen,Niedersachsen,10.044999999999998
21789,Niedersachsen,Niedersachsen,10.044999999999998
22032,Hamburg,Niedersachsen/Hamburg/Bremen,10.044999999999998
22033,Bavaria,Bayern,8.855000000000004
22034,Hamburg,Niedersachsen/Hamburg/Bremen,10.044999999999998
22035,Hamburg,Niedersachsen/Hamburg/Bremen,10.044999999999998
22036,Hamburg,Niedersachsen/Hamburg/Bremen,10.044999999999998
22037,Hamburg,Niedersachsen/Hamburg/Bremen,10.044999999999998
22039,Hamburg,Niedersachsen/Hamburg/Bremen,10.044999999999998
22041,Hamburg,Niedersachsen/Hamburg/Bremen,10.044999999999998
22043,Hamburg,Niedersachsen/Hamburg/Bremen,10.044999999999998
22045,Hamburg,Niedersachsen/Hamburg/Bremen,10.044999999999998
22047,Hamburg,Niedersachsen/Hamburg/Bremen,10.044999999999998
22049,Hamburg,Niedersachsen/Hamburg/Bremen,10.044999999999998
22078,Hamburg,Niedersachsen/Hamburg/Bremen,10.044999999999998
22079,Hamburg,Niedersachsen/Hamburg/Bremen,10.044999999999998
22081,Hamburg,Niedersachsen/Hamburg/Bremen,10.044999999999998
22083,Hamburg,Niedersachsen/Hamburg/Bremen,10.044999999999998
22085,Hamburg,Niedersachsen/Hamburg/Bremen,10.044999999999998
22087,Hamburg,Niedersachsen/Hamburg/Bremen,10.044999999999998
22089,Hamburg,Niedersachsen/Hamburg/Bremen,10.044999999999998
22102,Hamburg,Niedersachsen/Hamburg/Bremen,10.044999999999998
22111,Hamburg,Niedersachsen/Hamburg/Bremen,10.044999999999998
22113,Schleswig-Holstein,Schleswig-Holstein,9.660000000000004
22115,Hamburg,Niedersachsen/Hamburg/Bremen,10.044999999999998
22117,Hamburg,Niedersachsen/Hamburg/Bremen,10.044999999999998
22119,Hamburg,Niedersachsen/Hamburg/Bremen,10.044999999999998
22139,Schleswig-Holstein,Schleswig-Holstein,9.660000000000004
22140,Schleswig-Holstein,Schleswig-Holstein,9.660000000000004
22143,Hamburg,Niedersachsen/Hamburg/Bremen,10.044999999999998
22145,Hamburg,Niedersachsen/Hamburg/Bremen,10.044999999999998
22147,Hamburg,Niedersachsen/Hamburg/Bremen,10.044999999999998
22149,Hamburg,Niedersachsen/Hamburg/Bremen,10.044999999999998
22159,Hamburg,Niedersachsen/Hamburg/Bremen,10.044999999999998
22175,Hamburg,Niedersachsen/Hamburg/Bremen,10.044999999999998
22177,Hamburg,Niedersachsen/Hamburg/Bremen,10.044999999999998
22179,Hamburg,Niedersachsen/Hamburg/Bremen,10.044999999999998
22222,Hamburg,Niedersachsen/Hamburg/Bremen,10.044999999999998
22276,Hamburg,Niedersachsen/Hamburg/Bremen,10.044999999999998
22277,Hamburg,Niedersachsen/Hamburg/Bremen,10.044999999999998
22278,Hamburg,Niedersachsen/Hamburg/Bremen,10.044999999999998
22279,Hamburg,Niedersachsen/Hamburg/Bremen,10.044999999999998
22280,Hamburg,Niedersachsen/Hamburg/Bremen,10.044999999999998
22281,Hamburg,Niedersachsen/Hamburg/Bremen,10.044999999999998
22282,Hamburg,Niedersachsen/Hamburg/Bremen,10.044999999999998
22283,Hamburg,Niedersachsen/Hamburg/Bremen,10.044999999999998
22284,Hamburg,Niedersachsen/Hamburg/Bremen,10.044999999999998
22287,Hamburg,Niedersachsen/Hamburg/Bremen,10.044999999999998
22288,Hamburg,Niedersachsen/Hamburg/Bremen,10.044999999999998
22290,Hamburg,Niedersachsen/Hamburg/Bremen,10.044999999999998
22291,Hamburg,Niedersachsen/Hamburg/Bremen,10.044999999999998
22292,Hamburg,Niedersachsen/Hamburg/Bremen,10.044999999999998
22293,Hamburg,Niedersachsen/Hamburg/Bremen,10.044999999999998
22294,Hamburg,Niedersachsen/Hamburg/Bremen,10.044999999999998
22297,Hamburg,Niedersachsen/Hamburg/Bremen,10.044999999999998
22299,Hamburg,Niedersachsen/Hamburg/Bremen,10.044999999999998
22301,Hamburg,Niedersachsen/Hamburg/Bremen,10.044999999999998
22303,Hamburg,Niedersachsen/Hamburg/Bremen,10.044999999999998
22305,Hamburg,Niedersachsen/Hamburg/Bremen,10.044999999999998
22307,Hamburg,Niedersachsen/Hamburg/Bremen,10.044999999999998
22309,Hamburg,Niedersachsen/Hamburg/Bremen,10.044999999999998
22331,Hamburg,Niedersachsen/Hamburg/Bremen,10.044999999999998
22332,Hamburg,Niedersachsen/Hamburg/Bremen,10.044999999999998
22335,Hamburg,Niedersachsen/Hamburg/Bremen,10.044999999999998
22337,Hamburg,Niedersachsen/Hamburg/Bremen,10.044999999999998
22339,Hamburg,Niedersachsen/Hamburg/Bremen,10.044999999999998
22357,Hamburg,Niedersachsen/Hamburg/Bremen,10.044999999999998
22359,Hamburg,Niedersachsen/Hamburg/Bremen,10.044999999999998
22389,Hamburg,Niedersachsen/Hamburg/Bremen,10.044999999999998
22391,Hamburg,Niedersachsen/Hamburg/Bremen,10.044999999999998
22393,Hamburg,Niedersachsen/Hamburg/Bremen,10.044999999999998
22395,Hamburg,Niedersachsen/Hamburg/Bremen,10.044999999999998
22397,Hamburg,Niedersachsen/Hamburg/Bremen,10.044999999999998
22399,Hamburg,Niedersachsen/Hamburg/Bremen,10.044999999999998
22413,Hamburg,Niedersachsen/Hamburg/Bremen,10.044999999999998
22415,Hamburg,Niedersachsen/Hamburg/Bremen,10.044999999999998
22417,Hamburg,Niedersachsen/Hamburg/Bremen,10.044999999999998
22419,Hamburg,Niedersachsen/Hamburg/Bremen,10.044999999999998
22451,Hamburg,Niedersachsen/Hamburg/Bremen,10.044999999999998
22453,Hamburg,Niedersachsen/Hamburg/Bremen,10.044999999999998
22455,Hamburg,Niedersachsen/Hamburg/Bremen,10.044999999999998
22457,Hamburg,Niedersachsen/Hamburg/Bremen,10.044999999999998
22459,Hamburg,Niedersachsen/Hamburg/Bremen,10.044999999999998
22520,Hamburg,Niedersachsen/Hamburg/Bremen,10.044999999999998
22521,Hamburg,Niedersachsen/Hamburg/Bremen,10.044999999999998
22523,Hamburg,Niedersachsen/Hamburg/Bremen,10.044999999999998
22525,Hamburg,Niedersachsen/Hamburg/Bremen,10.044999999999998
22527,Hamburg,Niedersachsen/Hamburg/Bremen,10.044999999999998
22529,Hamburg,Niedersachsen/Hamburg/Bremen,10.044999999999998
22545,Hamburg,Niedersachsen/Hamburg/Bremen,10.044999999999998
22547,Hamburg,Niedersachsen/Hamburg/Bremen,10.044999999999998
22549,Hamburg,Niedersachsen/Hamburg/Bremen,10.044999999999998
22557,Hamburg,Niedersachsen/Hamburg/Bremen,10.044999999999998
22559,Hamburg,Niedersachsen/Hamburg/Bremen,10.044999999999998
22585,Hamburg,Niedersachsen/Hamburg/Bremen,10.044999999999998
22587,Hamburg,Niedersachsen/Hamburg/Bremen,10.044999999999998
22589,Hamburg,Niedersachsen/Hamburg/Bremen,10.044999999999998
22603,Hamburg,Niedersachsen/Hamburg/Bremen,10.044999999999998
22605,Hamburg,Niedersachsen/Hamburg/Bremen,10.044999999999998
22607,Hamburg,Niedersachsen/Hamburg/Bremen,10.044999999999998
22609,Hamburg,Niedersachsen/Hamburg/Bremen,10.044999999999998
22743,Hamburg,Niedersachsen/Hamburg/Bremen,10.044999999999998
22744,Hamburg,Niedersachsen/Hamburg/Bremen,10.044999999999998
22745,Hamburg,Niedersachsen/Hamburg/Bremen,10.044999999999998
22746,Hamburg,Niedersachsen/Hamburg/Bremen,10.044999999999998
22747,Hamburg,Niedersachsen/Hamburg/Bremen,10.044999999999998
22748,Hamburg,Niedersachsen/Hamburg/Bremen,10.044999999999998
22750,Hamburg,Niedersachsen/Hamburg/Bremen,10.044999999999998
22754,Hamburg,Niedersachsen/Hamburg/Bremen,10.044999999999998
22755,Hamburg,Niedersachsen/Hamburg/Bremen,10.044999999999998
22756,Hamburg,Niedersachsen/Hamburg/Bremen,10.044999999999998
22758,Hamburg,Niedersachsen/Hamburg/Bremen,10.044999999999998
22761,Hamburg,Niedersachsen/Hamburg/Bremen,10.044999999999998
22763,Hamburg,Niedersachsen/Hamburg/Bremen,10.044999999999998
22765,Hamburg,Niedersachsen/Hamburg/Bremen,10.044999999999998
22767,Hamburg,Niedersachsen/Hamburg/Bremen,10.044999999999998
22769,Hamburg,Niedersachsen/Hamburg/Bremen,10.044999999999998
22776,Hamburg,Niedersachsen/Hamburg/Bremen,10.044999999999998
22777,Hamburg,Niedersachsen/Hamburg/Bremen,10.044999999999998
22778,Hamburg,Niedersachsen/Hamburg/Bremen,10.044999999999998
22779,Hamburg,Niedersachsen/Hamburg/Bremen,10.044999999999998
22780,Hessen,Hessen,9.555
22781,Baden-Württemberg,Baden-Wuerttemberg,9.350000000000001
22782,Hamburg,Niedersachsen/Hamburg/Bremen,10.044999999999998
22783,Hamburg,Niedersachsen/Hamburg/Bremen,10.044999999999998
22785,Hamburg,Niedersachsen/Hamburg/Bremen,10.044999999999998
22787,Hamburg,Niedersachsen/Hamburg/Bremen,10.044999999999998
22788,Hamburg,Niedersachsen/Hamburg/Bremen,10.044999999999998
22789,Hamburg,Niedersachsen/Hamburg/Bremen,10.044999999999998
22790,Hamburg,Niedersachsen/Hamburg/Bremen,10.044999999999998
22791,Hamburg,Niedersachsen/Hamburg/Bremen,10.044999999999998
22792,Hamburg,Niedersachsen/Hamburg/Bremen,10.044999999999998
22794,Hamburg,Niedersachsen/Hamburg/Bremen,10.044999999999998
22795,Hamburg,Niedersachsen/Hamburg/Bremen,10.044999999999998
22796,Hamburg,Niedersachsen/Hamburg/Bremen,10.044999999999998
22797,Hamburg,Niedersachsen/Hamburg/Bremen,10.044999999999998
22799,Hamburg,Niedersachsen/Hamburg/Bremen,10.044999999999998
22839,Schleswig-Holstein,Schleswig-Holstein,9.660000000000004
22841,Schleswig-Holstein,Schleswig-Holstein,9.660000000000004
22842,Schleswig-Holstein,Schleswig-Holstein,9.660000000000004
22844,Schleswig-Holstein,Schleswig-Holstein,9.660000000000004
22846,Schleswig-Holstein,Schleswig-Holstein,9.660000000000004
22848,Schleswig-Holstein,Schleswig-Holstein,9.660000000000004
22850,Schleswig-Holstein,Schleswig-Holstein,9.660000000000004
22851,Schleswig-Holstein,Schleswig-Holstein,9.660000000000004
22865,Schleswig-Holstein,Schleswig-Holstein,9.660000000000004
22866,Hamburg,Niedersachsen/Hamburg/Bremen,10.044999999999998
22867,Schleswig-Holstein,Schleswig-Holstein,9.660000000000004
22869,Schleswig-Holstein,Schleswig-Holstein,9.660000000000004
22876,Schleswig-Holstein,Schleswig-Holstein,9.660000000000004
22880,Schleswig-Holstein,Schleswig-Holstein,9.660000000000004
22885,Schleswig-Holstein,Schleswig-Holstein,9.660000000000004
22889,Schleswig-Holstein,Schleswig-Holstein,9.660000000000004
22923,Schleswig-Holstein,Schleswig-Holstein,9.660000000000004
22926,Schleswig-Holstein,Schleswig-Holstein,9.660000000000004
22927,Schleswig-Holstein,Schleswig-Holstein,9.660000000000004
22929,Schleswig-Holstein,Schleswig-Holstein,9.660000000000004
22939,Schleswig-Holstein,Schleswig-Holstein,9.660000000000004
22941,Schleswig-Holstein,Schleswig-Holstein,9.660000000000004
22946,Schleswig-Holstein,Schleswig-Holstein,9.660000000000004
22949,Schleswig-Holstein,Schleswig-Holstein,9.660000000000004
22952,Schleswig-Holstein,Schleswig-Holstein,9.660000000000004
22955,Schleswig-Holstein,Schleswig-Holstein,9.660000000000004
22956,Schleswig-Holstein,Schleswig-Holstein,9.660000000000004
22958,Schleswig-Holstein,Schleswig-Holstein,9.660000000000004
22959,Schleswig-Holstein,Schleswig-Holstein,9.660000000000004
22962,Schleswig-Holstein,Schleswig-Holstein,9.660000000000004
22964,Schleswig-Holstein,Schleswig-Holstein,9.660000000000004
22965,Schleswig-Holstein,Schleswig-Holstein,9.660000000000004
22967,Schleswig-Holstein,Schleswig-Holstein,9.660000000000004
22969,Schleswig-Holstein,Schleswig-Holstein,9.660000000000004
23533,Schleswig-Holstein,Schleswig-Holstein,9.660000000000004
23538,Schleswig-Holstein,Schleswig-Holstein,9.660000000000004
23539,Schleswig-Holstein,Schleswig-Holstein,9.660000000000004
23540,Schleswig-Holstein,Schleswig-Holstein,9.660000000000004
23541,Schleswig-Holstein,Schleswig-Holstein,9.660000000000004
23542,Schleswig-Holstein,Schleswig-Holstein,9.660000000000004
23543,Schleswig-Holstein,Schleswig-Holstein,9.660000000000004
23544,Schleswig-Holstein,Schleswig-Holstein,9.660000000000004
23546,Schleswig-Holstein,Schleswig-Holstein,9.660000000000004
23547,Schleswig-Holstein,Schleswig-Holstein,9.660000000000004
23552,Schleswig-Holstein,Schleswig-Holstein,9.660000000000004
23554,Schleswig-Holstein,Schleswig-Holstein,9.660000000000004
23556,Schleswig-Holstein,Schleswig-Holstein,9.660000000000004
23558,Schleswig-Holstein,Schleswig-Holstein,9.660000000000004
23560,Schleswig-Holstein,Schleswig-Holstein,9.660000000000004
23562,Schleswig-Holstein,Schleswig-Holstein,9.660000000000004
23564,Schleswig-Holstein,Schleswig-Holstein,9.660000000000004
23566,Schleswig-Holstein,Schleswig-Holstein,9.660000000000004
23568,Schleswig-Holstein,Schleswig-Holstein,9.660000000000004
23569,Schleswig-Holstein,Schleswig-Holstein,9.660000000000004
23570,Schleswig-Holstein,Schleswig-Holstein,9.660000000000004
23590,Schleswig-Holstein,Schleswig-Holstein,9.660000000000004
23611,Schleswig-Holstein,Schleswig-Holstein,9.660000000000004
23615,Schleswig-Holstein,Schleswig-Holstein,9.660000000000004
23616,Schleswig-Holstein,Schleswig-Holstein,9.660000000000004
23617,Schleswig-Holstein,Schleswig-Holstein,9.660000000000004
23619,Schleswig-Holstein,Schleswig-Holstein,9.660000000000004
23623,Schleswig-Holstein,Schleswig-Holstein,9.660000000000004
23626,Schleswig-Holstein,Schleswig-Holstein,9.660000000000004
23627,Schleswig-Holstein,Schleswig-Holstein,9.660000000000004
23628,Schleswig-Holstein,Schleswig-Holstein,9.660000000000004
23629,Schleswig-Holstein,Schleswig-Holstein,9.660000000000004
23669,Schleswig-Holstein,Schleswig-Holstein,9.660000000000004
23683,Schleswig-Holstein,Schleswig-Holstein,9.660000000000004
23684,Schleswig-Holstein,Schleswig-Holstein,9.660000000000004
23689,Schleswig-Holstein,Schleswig-Holstein,9.660000000000004
23701,Schleswig-Holstein,Schleswig-Holstein,9.660000000000004
23714,Schleswig-Holstein,Schleswig-Holstein,9.660000000000004
23715,Schleswig-Holstein,Schleswig-Holstein,9.660000000000004
23717,Schleswig-Holstein,Schleswig-Holstein,9.660000000000004
23719,Schleswig-Holstein,Schleswig-Holstein,9.660000000000004
23730,Schleswig-Holstein,Schleswig-Holstein,9.660000000000004
23738,Schleswig-Holstein,Schleswig-Holstein,9.660000000000004
23743,Schleswig-Holstein,Schleswig-Holstein,9.660000000000004
23744,Schleswig-Holstein,Schleswig-Holstein,9.660000000000004
23746,Schleswig-Holstein,Schleswig-Holstein,9.660000000000004
23747,Schleswig-Holstein,Schleswig-Holstein,9.660000000000004
23749,Schleswig-Holstein,Schleswig-Holstein,9.660000000000004
23758,Schleswig-Holstein,Schleswig-Holstein,9.660000000000004
23769,Schleswig-Holstein,Schleswig-Holstein,9.660000000000004
23774,Schleswig-Holstein,Schleswig-Holstein,9.660000000000004
23775,Schleswig-Holstein,Schleswig-Holstein,9.660000000000004
23777,Schleswig-Holstein,Schleswig-Holstein,9.660000000000004
23779,Schleswig-Holstein,Schleswig-Holstein,9.660000000000004
23791,Schleswig-Holstein,Schleswig-Holstein,9.660000000000004
23792,Schleswig-Holstein,Schleswig-Holstein,9.660000000000004
23795,Schleswig-Holstein,Schleswig-Holstein,9.660000000000004
23812,Schleswig-Holstein,Schleswig-Holstein,9.660000000000004
23813,Schleswig-Holstein,Schleswig-Holstein,9.660000000000004
23815,Schleswig-Holstein,Schleswig-Holstein,9.660000000000004
23816,Schleswig-Holstein,Schleswig-Holstein,9.660000000000004
23818,Schleswig-Holstein,Schleswig-Holstein,9.660000000000004
23820,Schleswig-Holstein,Schleswig-Holstein,9.660000000000004
23821,Schleswig-Holstein,Schleswig-Holstein,9.660000000000004
23823,Schleswig-Holstein,Schleswig-Holstein,9.660000000000004
23824,Schleswig-Holstein,Schleswig-Holstein,9.660000000000004
23826,Schleswig-Holstein,Schleswig-Holstein,9.660000000000004
23827,Schleswig-Holstein,Schleswig-Holstein,9.660000000000004
23829,Schleswig-Holstein,Schleswig-Holstein,9.660000000000004
23840,Schleswig-Holstein,Schleswig-Holstein,9.660000000000004
23841,Schleswig-Holstein,Schleswig-Holstein,9.660000000000004
23843,Schleswig-Holstein,Schleswig-Holstein,9.660000000000004
23845,Schleswig-Holstein,Schleswig-Holstein,9.660000000000004
23847,Schleswig-Holstein,Schleswig-Holstein,9.660000000000004
23858,Schleswig-Holstein,Schleswig-Holstein,9.660000000000004
23860,Schleswig-Holstein,Schleswig-Holstein,9.660000000000004
23863,Schleswig-Holstein,Schleswig-Holstein,9.660000000000004
23864,Schleswig-Holstein,Schleswig-Holstein,9.660000000000004
23866,Schleswig-Holstein,Schleswig-Holstein,9.660000000000004
23867,Schleswig-Holstein,Schleswig-Holstein,9.660000000000004
23869,Schleswig-Holstein,Schleswig-Holstein,9.660000000000004
23879,Schleswig-Holstein,Schleswig-Holstein,9.660000000000004
23881,Schleswig-Holstein,Schleswig-Holstein,9.660000000000004
23883,Schleswig-Holstein,Schleswig-Holstein,9.660000000000004
23896,Schleswig-Holstein,Schleswig-Holstein,9.660000000000004
23898,Schleswig-Holstein,Schleswig-Holstein,9.660000000000004
23899,Schleswig-Holstein,Schleswig-Holstein,9.660000000000004
23909,Schleswig-Holstein,Schleswig-Holstein,9.660000000000004
23911,Schleswig-Holstein,Schleswig-Holstein,9.660000000000004
23919,Schleswig-Holstein,Schleswig-Holstein,9.660000000000004
23923,Mecklenburg-Vorpommern,Mecklenburg-Vorpommern,9.690000000000005
23935,Mecklenburg-Western Pomerania,Mecklenburg-Vorpommern,9.690000000000005
23936,Mecklenburg-Vorpommern,Mecklenburg-Vorpommern,9.690000000000005
23942,Mecklenburg-Vorpommern,Mecklenburg-Vorpommern,9.690000000000005
23944,Mecklenburg-Vorpommern,Mecklenburg-Vorpommern,9.690000000000005
23946,Mecklenburg-Vorpommern,Mecklenburg-Vorpommern,9.690000000000005
23948,Mecklenburg-Vorpommern,Mecklenburg-Vorpommern,9.690000000000005
23952,Mecklenburg-Vorpommern,Mecklenburg-Vorpommern,9.690000000000005
23966,Mecklenburg-Vorpommern,Mecklenburg-Vorpommern,9.690000000000005
23968,Mecklenburg-Vorpommern,Mecklenburg-Vorpommern,9.690000000000005
23970,Mecklenburg-Vorpommern,Mecklenburg-Vorpommern,9.690000000000005
23972,Mecklenburg-Vorpommern,Mecklenburg-Vorpommern,9.690000000000005
23974,Mecklenburg-Vorpommern,Mecklenburg-Vorpommern,9.690000000000005
23992,Mecklenburg-Vorpommern,Mecklenburg-Vorpommern,9.690000000000005
23996,Mecklenburg-Vorpommern,Mecklenburg-Vorpommern,9.690000000000005
23999,Mecklenburg-Vorpommern,Mecklenburg-Vorpommern,9.690000000000005
24088,Schleswig-Holstein,Schleswig-Holstein,9.660000000000004
24090,Schleswig-Holstein,Schleswig-Holstein,9.660000000000004
24091,Schleswig-Holstein,Schleswig-Holstein,9.660000000000004
24094,Schleswig-Holstein,Schleswig-Holstein,9.660000000000004
24095,Schleswig-Holstein,Schleswig-Holstein,9.660000000000004
24096,Schleswig-Holstein,Schleswig-Holstein,9.660000000000004
24097,Schleswig-Holstein,Schleswig-Holstein,9.660000000000004
24098,Schleswig-Holstein,Schleswig-Holstein,9.660000000000004
24099,Schleswig-Holstein,Schleswig-Holstein,9.660000000000004
24100,Schleswig-Holstein,Schleswig-Holstein,9.660000000000004
24103,Schleswig-Holstein,Schleswig-Holstein,9.660000000000004
24105,Schleswig-Holstein,Schleswig-Holstein,9.660000000000004
24106,Schleswig-Holstein,Schleswig-Holstein,9.660000000000004
24107,Schleswig-Holstein,Schleswig-Holstein,9.660000000000004
24109,Schleswig-Holstein,Schleswig-Holstein,9.660000000000004
24111,Schleswig-Holstein,Schleswig-Holstein,9.660000000000004
24113,Schleswig-Holstein,Schleswig-Holstein,9.660000000000004
24114,Schleswig-Holstein,Schleswig-Holstein,9.660000000000004
24116,Schleswig-Holstein,Schleswig-Holstein,9.660000000000004
24118,Schleswig-Holstein,Schleswig-Holstein,9.660000000000004
24119,Schleswig-Holstein,Schleswig-Holstein,9.660000000000004
24130,Schleswig-Holstein,Schleswig-Holstein,9.660000000000004
24131,Schleswig-Holstein,Schleswig-Holstein,9.660000000000004
24143,Schleswig-Holstein,Schleswig-Holstein,9.660000000000004
24145,Schleswig-Holstein,Schleswig-Holstein,9.660000000000004
24146,Schleswig-Holstein,Schleswig-Holstein,9.660000000000004
24147,Schleswig-Holstein,Schleswig-Holstein,9.660000000000004
24148,Schleswig-Holstein,Schleswig-Holstein,9.660000000000004
24149,Schleswig-Holstein,Schleswig-Holstein,9.660000000000004
24159,Schleswig-Holstein,Schleswig-Holstein,9.660000000000004
24161,Schleswig-Holstein,Schleswig-Holstein,9.660000000000004
24180,Schleswig-Holstein,Schleswig-Holstein,9.660000000000004
24211,Schleswig-Holstein,Schleswig-Holstein,9.660000000000004
24214,Schleswig-Holstein,Schleswig-Holstein,9.660000000000004
24217,Schleswig-Holstein,Schleswig-Holstein,9.660000000000004
24220,Schleswig-Holstein,Schleswig-Holstein,9.660000000000004
24222,Schleswig-Holstein,Schleswig-Holstein,9.660000000000004
24223,Schleswig-Holstein,Schleswig-Holstein,9.660000000000004
24226,Schleswig-Holstein,Schleswig-Holstein,9.660000000000004
24229,Schleswig-Holstein,Schleswig-Holstein,9.660000000000004
24232,Schleswig-Holstein,Schleswig-Holstein,9.660000000000004
24235,Schleswig-Holstein,Schleswig-Holstein,9.660000000000004
24238,Schleswig-Holstein,Schleswig-Holstein,9.660000000000004
24239,Schleswig-Holstein,Schleswig-Holstein,9.660000000000004
24241,Schleswig-Holstein,Schleswig-Holstein,9.660000000000004
24242,Schleswig-Holstein,Schleswig-Holstein,9.660000000000004
24244,Schleswig-Holstein,Schleswig-Holstein,9.660000000000004
24245,Schleswig-Holstein,Schleswig-Holstein,9.660000000000004
24247,Schleswig-Holstein,Schleswig-Holstein,9.660000000000004
24248,Schleswig-Holstein,Schleswig-Holstein,9.660000000000004
24250,Schleswig-Holstein,Schleswig-Holstein,9.660000000000004
24251,Schleswig-Holstein,Schleswig-Holstein,9.660000000000004
24253,Schleswig-Holstein,Schleswig-Holstein,9.660000000000004
24254,Schleswig-Holstein,Schleswig-Holstein,9.660000000000004
24256,Schleswig-Holstein,Schleswig-Holstein,9.660000000000004
24257,Schleswig-Holstein,Schleswig-Holstein,9.660000000000004
24259,Schleswig-Holstein,Schleswig-Holstein,9.660000000000004
24300,Schleswig-Holstein,Schleswig-Holstein,9.660000000000004
24306,Schleswig-Holstein,Schleswig-Holstein,9.660000000000004
24321,Schleswig-Holstein,Schleswig-Holstein,9.660000000000004
24326,Schleswig-Holstein,Schleswig-Holstein,9.660000000000004
24327,Schleswig-Holstein,Schleswig-Holstein,9.660000000000004
24329,Schleswig-Holstein,Schleswig-Holstein,9.660000000000004
24340,Schleswig-Holstein,Schleswig-Holstein,9.660000000000004
24349,Schleswig-Holstein,Schleswig-Holstein,9.660000000000004
24351,Schleswig-Holstein,Schleswig-Holstein,9.660000000000004
24354,Schleswig-Holstein,Schleswig-Holstein,9.660000000000004
24357,Schleswig-Holstein,Schleswig-Holstein,9.660000000000004
24358,Schleswig-Holstein,Schleswig-Holstein,9.660000000000004
24360,Schleswig-Holstein,Schleswig-Holstein,9.660000000000004
24361,Schleswig-Holstein,Schleswig-Holstein,9.660000000000004
24363,Schleswig-Holstein,Schleswig-Holstein,9.660000000000004
24364,Schleswig-Holstein,Schleswig-Holstein,9.660000000000004
24366,Schleswig-Holstein,Schleswig-Holstein,9.660000000000004
24367,Schleswig-Holstein,Schleswig-Holstein,9.660000000000004
24369,Schleswig-Holstein,Schleswig-Holstein,9.660000000000004
24376,Schleswig-Holstein,Schleswig-Holstein,9.660000000000004
24392,Schleswig-Holstein,Schleswig-Holstein,9.660000000000004
24395,Schleswig-Holstein,Schleswig-Holstein,9.660000000000004
24398,Schleswig-Holstein,Schleswig-Holstein,9.660000000000004
24399,Schleswig-Holstein,Schleswig-Holstein,9.660000000000004
24401,Schleswig-Holstein,Schleswig-Holstein,9.660000000000004
24402,Schleswig-Holstein,Schleswig-Holstein,9.660000000000004
24404,Schleswig-Holstein,Schleswig-Holstein,9.660000000000004
24405,Schleswig-Holstein,Schleswig-Holstein,9.660000000000004
24407,Schleswig-Holstein,Schleswig-Holstein,9.660000000000004
24409,Schleswig-Holstein,Schleswig-Holstein,9.660000000000004
24530,Schleswig-Holstein,Schleswig-Holstein,9.660000000000004
24531,Schleswig-Holstein,Schleswig-Holstein,9.660000000000004
24534,Schleswig-Holstein,Schleswig-Holstein,9.660000000000004
24536,Schleswig-Holstein,Schleswig-Holstein,9.660000000000004
24537,Schleswig-Holstein,Schleswig-Holstein,9.660000000000004
24539,Schleswig-Holstein,Schleswig-Holstein,9.660000000000004
24558,Schleswig-Holstein,Schleswig-Holstein,9.660000000000004
24568,Schleswig-Holstein,Schleswig-Holstein,9.660000000000004
24576,Schleswig-Holstein,Schleswig-Holstein,9.660000000000004
24582,Schleswig-Holstein,Schleswig-Holstein,9.660000000000004
24589,Schleswig-Holstein,Schleswig-Holstein,9.660000000000004
24594,Schleswig-Holstein,Schleswig-Holstein,9.660000000000004
24598,Schleswig-Holstein,Schleswig-Holstein,9.660000000000004
24601,Schleswig-Holstein,Schleswig-Holstein,9.660000000000004
24610,Schleswig-Holstein,Schleswig-Holstein,9.660000000000004
24613,Schleswig-Holstein,Schleswig-Holstein,9.660000000000004
24616,Schleswig-Holstein,Schleswig-Holstein,9.660000000000004
24619,Schleswig-Holstein,Schleswig-Holstein,9.660000000000004
24620,Schleswig-Holstein,Schleswig-Holstein,9.660000000000004
24622,Schleswig-Holstein,Schleswig-Holstein,9.660000000000004
24623,Schleswig-Holstein,Schleswig-Holstein,9.660000000000004
24625,Schleswig-Holstein,Schleswig-Holstein,9.660000000000004
24626,Schleswig-Holstein,Schleswig-Holstein,9.660000000000004
24628,Schleswig-Holstein,Schleswig-Holstein,9.660000000000004
24629,Schleswig-Holstein,Schleswig-Holstein,9.660000000000004
24631,Schleswig-Holstein,Schleswig-Holstein,9.660000000000004
24632,Schleswig-Holstein,Schleswig-Holstein,9.660000000000004
24634,Schleswig-Holstein,Schleswig-Holstein,9.660000000000004
24635,Schleswig-Holstein,Schleswig-Holstein,9.660000000000004
24637,Schleswig-Holstein,Schleswig-Holstein,9.660000000000004
24638,Schleswig-Holstein,Schleswig-Holstein,9.660000000000004
24640,Schleswig-Holstein,Schleswig-Holstein,9.660000000000004
24641,Schleswig-Holstein,Schleswig-Holstein,9.660000000000004
24643,Schleswig-Holstein,Schleswig-Holstein,9.660000000000004
24644,Schleswig-Holstein,Schleswig-Holstein,9.660000000000004
24646,Schleswig-Holstein,Schleswig-Holstein,9.660000000000004
24647,Schleswig-Holstein,Schleswig-Holstein,9.660000000000004
24649,Schleswig-Holstein,Schleswig-Holstein,9.660000000000004
24768,Schleswig-Holstein,Schleswig-Holstein,9.660000000000004
24782,Schleswig-Holstein,Schleswig-Holstein,9.660000000000004
24783,Schleswig-Holstein,Schleswig-Holstein,9.660000000000004
24784,Schleswig-Holstein,Schleswig-Holstein,9.660000000000004
24787,Schleswig-Holstein,Schleswig-Holstein,9.660000000000004
24790,Schleswig-Holstein,Schleswig-Holstein,9.660000000000004
24791,Schleswig-Holstein,Schleswig-Holstein,9.660000000000004
24793,Schleswig-Holstein,Schleswig-Holstein,9.660000000000004
24794,Schleswig-Holstein,Schleswig-Holstein,9.660000000000004
24796,Schleswig-Holstein,Schleswig-Holstein,9.660000000000004
24797,Schleswig-Holstein,Schleswig-Holstein,9.660000000000004
24799,Schleswig-Holstein,Schleswig-Holstein,9.660000000000004
24800,Schleswig-Holstein,Schleswig-Holstein,9.660000000000004
24802,Schleswig-Holstein,Schleswig-Holstein,9.660000000000004
24803,Schleswig-Holstein,Schleswig-Holstein,9.660000000000004
24805,Schleswig-Holstein,Schleswig-Holstein,9.660000000000004
24806,Schleswig-Holstein,Schleswig-Holstein,9.660000000000004
24808,Schleswig-Holstein,Schleswig-Holstein,9.660000000000004
24809,Schleswig-Holstein,Schleswig-Holstein,9.660000000000004
24811,Schleswig-Holstein,Schleswig-Holstein,9.660000000000004
24813,Schleswig-Holstein,Schleswig-Holstein,9.660000000000004
24814,Schleswig-Holstein,Schleswig-Holstein,9.660000000000004
24816,Schleswig-Holstein,Schleswig-Holstein,9.660000000000004
24817,Schleswig-Holstein,Schleswig-Holstein,9.660000000000004
24819,Schleswig-Holstein,Schleswig-Holstein,9.660000000000004
24837,Schleswig-Holstein,Schleswig-Holstein,9.660000000000004
24848,Schleswig-Holstein,Schleswig-Holstein,9.660000000000004
24850,Schleswig-Holstein,Schleswig-Holstein,9.660000000000004
24852,Schleswig-Holstein,Schleswig-Holstein,9.660000000000004
24855,Schleswig-Holstein,Schleswig-Holstein,9.660000000000004
24857,Schleswig-Holstein,Schleswig-Holstein,9.660000000000004
24860,Schleswig-Holstein,Schleswig-Holstein,9.660000000000004
24861,Schleswig-Holstein,Schleswig-Holstein,9.660000000000004
24863,Schleswig-Holstein,Schleswig-Holstein,9.660000000000004
24864,Schleswig-Holstein,Schleswig-Holstein,9.660000000000004
24866,Schleswig-Holstein,Schleswig-Holstein,9.660000000000004
24867,Schleswig-Holstein,Schleswig-Holstein,9.660000000000004
24869,Schleswig-Holstein,Schleswig-Holstein,9.660000000000004
24870,Schleswig-Holstein,Schleswig-Holstein,9.660000000000004
24872,Schleswig-Holstein,Schleswig-Holstein,9.660000000000004
24873,Schleswig-Holstein,Schleswig-Holstein,9.660000000000004
24875,Schleswig-Holstein,Schleswig-Holstein,9.660000000000004
24876,Schleswig-Holstein,Schleswig-Holstein,9.660000000000004
24878,Schleswig-Holstein,Schleswig-Holstein,9.660000000000004
24879,Schleswig-Holstein,Schleswig-Holstein,9.660000000000004
24881,Schleswig-Holstein,Schleswig-Holstein,9.660000000000004
24882,Schleswig-Holstein,Schleswig-Holstein,9.660000000000004
24884,Schleswig-Holstein,Schleswig-Holstein,9.660000000000004
24885,Schleswig-Holstein,Schleswig-Holstein,9.660000000000004
24887,Schleswig-Holstein,Schleswig-Holstein,9.660000000000004
24888,Schleswig-Holstein,Schleswig-Holstein,9.660000000000004
24890,Schleswig-Holstein,Schleswig-Holstein,9.660000000000004
24891,Schleswig-Holstein,Schleswig-Holstein,9.660000000000004
24893,Schleswig-Holstein,Schleswig-Holstein,9.660000000000004
24894,Schleswig-Holstein,Schleswig-Holstein,9.660000000000004
24896,Schleswig-Holstein,Schleswig-Holstein,9.660000000000004
24897,Schleswig-Holstein,Schleswig-Holstein,9.660000000000004
24899,Schleswig-Holstein,Schleswig-Holstein,9.660000000000004
24927,Schleswig-Holstein,Schleswig-Holstein,9.660000000000004
24930,Schleswig-Holstein,Schleswig-Holstein,9.660000000000004
24932,Schleswig-Holstein,Schleswig-Holstein,9.660000000000004
24933,Schleswig-Holstein,Schleswig-Holstein,9.660000000000004
24937,Schleswig-Holstein,Schleswig-Holstein,9.660000000000004
24939,Schleswig-Holstein,Schleswig-Holstein,9.660000000000004
24941,Schleswig-Holstein,Schleswig-Holstein,9.660000000000004
24943,Schleswig-Holstein,Schleswig-Holstein,9.660000000000004
24944,Schleswig-Holstein,Schleswig-Holstein,9.660000000000004
24945,Schleswig-Holstein,Schleswig-Holstein,9.660000000000004
24955,Schleswig-Holstein,Schleswig-Holstein,9.660000000000004
24960,Schleswig-Holstein,Schleswig-Holstein,9.660000000000004
24963,Schleswig-Holstein,Schleswig-Holstein,9.660000000000004
24966,Schleswig-Holstein,Schleswig-Holstein,9.660000000000004
24969,Schleswig-Holstein,Schleswig-Holstein,9.660000000000004
24972,Schleswig-Holstein,Schleswig-Holstein,9.660000000000004
24975,Schleswig-Holstein,Schleswig-Holstein,9.660000000000004
24976,Schleswig-Holstein,Schleswig-Holstein,9.660000000000004
24977,Schleswig-Holstein,Schleswig-Holstein,9.660000000000004
24980,Schleswig-Holstein,Schleswig-Holstein,9.660000000000004
24983,Schleswig-Holstein,Schleswig-Holstein,9.660000000000004
24986,Schleswig-Holstein,Schleswig-Holstein,9.660000000000004
24988,Schleswig-Holstein,Schleswig-Holstein,9.660000000000004
24989,Schleswig-Holstein,Schleswig-Holstein,9.660000000000004
24991,Schleswig-Holstein,Schleswig-Holstein,9.660000000000004
24992,Schleswig-Holstein,Schleswig-Holstein,9.660000000000004
24994,Schleswig-Holstein,Schleswig-Holstein,9.660000000000004
24996,Schleswig-Holstein,Schleswig-Holstein,9.660000000000004
24997,Schleswig-Holstein,Schleswig-Holstein,9.660000000000004
24999,Schleswig-Holstein,Schleswig-Holstein,9.660000000000004
25320,Schleswig-Holstein,Schleswig-Holstein,9.660000000000004
25333,Schleswig-Holstein,Schleswig-Holstein,9.660000000000004
25335,Schleswig-Holstein,Schleswig-Holstein,9.660000000000004
25336,Schleswig-Holstein,Schleswig-Holstein,9.660000000000004
25337,Schleswig-Holstein,Schleswig-Holstein,9.660000000000004
25348,Schleswig-Holstein,Schleswig-Holstein,9.660000000000004
25355,Schleswig-Holstein,Schleswig-Holstein,9.660000000000004
25358,Schleswig-Holstein,Schleswig-Holstein,9.660000000000004
25361,Schleswig-Holstein,Schleswig-Holstein,9.660000000000004
25364,Schleswig-Holstein,Schleswig-Holstein,9.660000000000004
25365,Schleswig-Holstein,Schleswig-Holstein,9.660000000000004
25368,Schleswig-Holstein,Schleswig-Holstein,9.660000000000004
25370,Schleswig-Holstein,Schleswig-Holstein,9.660000000000004
25371,Schleswig-Holstein,Schleswig-Holstein,9.660000000000004
25373,Schleswig-Holstein,Schleswig-Holstein,9.660000000000004
25376,Schleswig-Holstein,Schleswig-Holstein,9.660000000000004
25377,Schleswig-Holstein,Schleswig-Holstein,9.660000000000004
25379,Schleswig-Holstein,Schleswig-Holstein,9.660000000000004
25389,Schleswig-Holstein,Schleswig-Holstein,9.660000000000004
25392,Schleswig-Holstein,Schleswig-Holstein,9.660000000000004
25404,Schleswig-Holstein,Schleswig-Holstein,9.660000000000004
25421,Schleswig-Holstein,Schleswig-Holstein,9.660000000000004
25429,Schleswig-Holstein,Schleswig-Holstein,9.660000000000004
25436,Schleswig-Holstein,Schleswig-Holstein,9.660000000000004
25437,Schleswig-Holstein,Schleswig-Holstein,9.660000000000004
25450,Schleswig-Holstein,Schleswig-Holstein,9.660000000000004
25451,Schleswig-Holstein,Schleswig-Holstein,9.660000000000004
25462,Schleswig-Holstein,Schleswig-Holstein,9.660000000000004
25469,Schleswig-Holstein,Schleswig-Holstein,9.660000000000004
25474,Schleswig-Holstein,Schleswig-Holstein,9.660000000000004
25479,Schleswig-Holstein,Schleswig-Holstein,9.660000000000004
25482,Schleswig-Holstein,Schleswig-Holstein,9.660000000000004
25485,Schleswig-Holstein,Schleswig-Holstein,9.660000000000004
25486,Schleswig-Holstein,Schleswig-Holstein,9.660000000000004
25488,Schleswig-Holstein,Schleswig-Holstein,9.660000000000004
25489,Schleswig-Holstein,Schleswig-Holstein,9.660000000000004
25491,Schleswig-Holstein,Schleswig-Holstein,9.660000000000004
25492,Schleswig-Holstein,Schleswig-Holstein,9.660000000000004
25494,Schleswig-Holstein,Schleswig-Holstein,9.660000000000004
25495,Schleswig-Holstein,Schleswig-Holstein,9.660000000000004
25497,Schleswig-Holstein,Schleswig-Holstein,9.660000000000004
25499,Schleswig-Holstein,Schleswig-Holstein,9.660000000000004
25518,Schleswig-Holstein,Schleswig-Holstein,9.660000000000004
25520,Schleswig-Holstein,Schleswig-Holstein,9.660000000000004
25521,Schleswig-Holstein,Schleswig-Holstein,9.660000000000004
25522,Schleswig-Holstein,Schleswig-Holstein,9.660000000000004
25524,Schleswig-Holstein,Schleswig-Holstein,9.660000000000004
25541,Schleswig-Holstein,Schleswig-Holstein,9.660000000000004
25548,Schleswig-Holstein,Schleswig-Holstein,9.660000000000004
25551,Schleswig-Holstein,Schleswig-Holstein,9.660000000000004
25554,Schleswig-Holstein,Schleswig-Holstein,9.660000000000004
25557,Schleswig-Holstein,Schleswig-Holstein,9.660000000000004
25560,Schleswig-Holstein,Schleswig-Holstein,9.660000000000004
25563,Schleswig-Holstein,Schleswig-Holstein,9.660000000000004
25566,Schleswig-Holstein,Schleswig-Holstein,9.660000000000004
25569,Schleswig-Holstein,Schleswig-Holstein,9.660000000000004
25572,Schleswig-Holstein,Schleswig-Holstein,9.660000000000004
25573,Schleswig-Holstein,Schleswig-Holstein,9.660000000000004
25575,Schleswig-Holstein,Schleswig-Holstein,9.660000000000004
25576,Schleswig-Holstein,Schleswig-Holstein,9.660000000000004
25578,Schleswig-Holstein,Schleswig-Holstein,9.660000000000004
25579,Schleswig-Holstein,Schleswig-Holstein,9.660000000000004
25581,Schleswig-Holstein,Schleswig-Holstein,9.660000000000004
25582,Schleswig-Holstein,Schleswig-Holstein,9.660000000000004
25584,Schleswig-Holstein,Schleswig-Holstein,9.660000000000004
25585,Schleswig-Holstein,Schleswig-Holstein,9.660000000000004
25587,Schleswig-Holstein,Schleswig-Holstein,9.660000000000004
25588,Schleswig-Holstein,Schleswig-Holstein,9.660000000000004
25590,Schleswig-Holstein,Schleswig-Holstein,9.660000000000004
25591,Schleswig-Holstein,Schleswig-Holstein,9.660000000000004
25593,Schleswig-Holstein,Schleswig-Holstein,9.660000000000004
25594,Schleswig-Holstein,Schleswig-Holstein,9.660000000000004
25596,Schleswig-Holstein,Schleswig-Holstein,9.660000000000004
25597,Schleswig-Holstein,Schleswig-Holstein,9.660000000000004
25599,Schleswig-Holstein,Schleswig-Holstein,9.660000000000004
25693,Schleswig-Holstein,Schleswig-Holstein,9.660000000000004
25704,Schleswig-Holstein,Schleswig-Holstein,9.660000000000004
25709,Schleswig-Holstein,Schleswig-Holstein,9.660000000000004
25712,Schleswig-Holstein,Schleswig-Holstein,9.660000000000004
25715,Schleswig-Holstein,Schleswig-Holstein,9.660000000000004
25718,Schleswig-Holstein,Schleswig-Holstein,9.660000000000004
25719,Schleswig-Holstein,Schleswig-Holstein,9.660000000000004
25721,Schleswig-Holstein,Schleswig-Holstein,9.660000000000004
25724,Schleswig-Holstein,Schleswig-Holstein,9.660000000000004
25725,Schleswig-Holstein,Schleswig-Holstein,9.660000000000004
25727,Schleswig-Holstein,Schleswig-Holstein,9.660000000000004
25729,Schleswig-Holstein,Schleswig-Holstein,9.660000000000004
25742,Schleswig-Holstein,Schleswig-Holstein,9.660000000000004
25744,Schleswig-Holstein,Schleswig-Holstein,9.660000000000004
25746,Schleswig-Holstein,Schleswig-Holstein,9.660000000000004
25761,Schleswig-Holstein,Schleswig-Holstein,9.660000000000004
25764,Schleswig-Holstein,Schleswig-Holstein,9.660000000000004
25767,Schleswig-Holstein,Schleswig-Holstein,9.660000000000004
25770,Schleswig-Holstein,Schleswig-Holstein,9.660000000000004
25774,Schleswig-Holstein,Schleswig-Holstein,9.660000000000004
25776,Schleswig-Holstein,Schleswig-Holstein,9.660000000000004
25779,Schleswig-Holstein,Schleswig-Holstein,9.660000000000004
25782,Schleswig-Holstein,Schleswig-Holstein,9.660000000000004
25785,Schleswig-Holstein,Schleswig-Holstein,9.660000000000004
25786,Schleswig-Holstein,Schleswig-Holstein,9.660000000000004
25788,Schleswig-Holstein,Schleswig-Holstein,9.660000000000004
25791,Schleswig-Holstein,Schleswig-Holstein,9.660000000000004
25792,Schleswig-Holstein,Schleswig-Holstein,9.660000000000004
25794,Schleswig-Holstein,Schleswig-Holstein,9.660000000000004
25795,Schleswig-Holstein,Schleswig-Holstein,9.660000000000004
25797,Schleswig-Holstein,Schleswig-Holstein,9.660000000000004
25799,Schleswig-Holstein,Schleswig-Holstein,9.660000000000004
25813,Schleswig-Holstein,Schleswig-Holstein,9.660000000000004
25821,Schleswig-Holstein,Schleswig-Holstein,9.660000000000004
25826,Schleswig-Holstein,Schleswig-Holstein,9.660000000000004
25832,Schleswig-Holstein,Schleswig-Holstein,9.660000000000004
25836,Schleswig-Holstein,Schleswig-Holstein,9.660000000000004
25840,Schleswig-Holstein,Schleswig-Holstein,9.660000000000004
25842,Schleswig-Holstein,Schleswig-Holstein,9.660000000000004
25845,Schleswig-Holstein,Schleswig-Holstein,9.660000000000004
25849,Schleswig-Holstein,Schleswig-Holstein,9.660000000000004
25850,Schleswig-Holstein,Schleswig-Holstein,9.660000000000004
25852,Schleswig-Holstein,Schleswig-Holstein,9.660000000000004
25853,Schleswig-Holstein,Schleswig-Holstein,9.660000000000004
25855,Schleswig-Holstein,Schleswig-Holstein,9.660000000000004
25856,Schleswig-Holstein,Schleswig-Holstein,9.660000000000004
25858,Schleswig-Holstein,Schleswig-Holstein,9.660000000000004
25859,Schleswig-Holstein,Schleswig-Holstein,9.660000000000004
25860,Schleswig-Holstein,Schleswig-Holstein,9.660000000000004
25862,Schleswig-Holstein,Schleswig-Holstein,9.660000000000004
25863,Schleswig-Holstein,Schleswig-Holstein,9.660000000000004
25864,Schleswig-Holstein,Schleswig-Holstein,9.660000000000004
25866,Schleswig-Holstein,Schleswig-Holstein,9.660000000000004
25868,Schleswig-Holstein,Schleswig-Holstein,9.660000000000004
25869,Schleswig-Holstein,Schleswig-Holstein,9.660000000000004
25870,Schleswig-Holstein,Schleswig-Holstein,9.660000000000004
25872,Schleswig-Holstein,Schleswig-Holstein,9.660000000000004
25873,Schleswig-Holstein,Schleswig-Holstein,9.660000000000004
25875,Schleswig-Holstein,Schleswig-Holstein,9.660000000000004
25876,Schleswig-Holstein,Schleswig-Holstein,9.660000000000004
25878,Schleswig-Holstein,Schleswig-Holstein,9.660000000000004
25879,Schleswig-Holstein,Schleswig-Holstein,9.660000000000004
25881,Schleswig-Holstein,Schleswig-Holstein,9.660000000000004
25882,Schleswig-Holstein,Schleswig-Holstein,9.660000000000004
25884,Schleswig-Holstein,Schleswig-Holstein,9.660000000000004
25885,Schleswig-Holstein,Schleswig-Holstein,9.660000000000004
25887,Schleswig-Holstein,Schleswig-Holstein,9.660000000000004
25889,Schleswig-Holstein,Schleswig-Holstein,9.660000000000004
25899,Schleswig-Holstein,Schleswig-Holstein,9.660000000000004
25917,Schleswig-Holstein,Schleswig-Holstein,9.660000000000004
25920,Schleswig-Holstein,Schleswig-Holstein,9.660000000000004
25923,Schleswig-Holstein,Schleswig-Holstein,9.660000000000004
25924,Schleswig-Holstein,Schleswig-Holstein,9.660000000000004
25926,Schleswig-Holstein,Schleswig-Holstein,9.660000000000004
25927,Schleswig-Holstein,Schleswig-Holstein,9.660000000000004
25938,Schleswig-Holstein,Schleswig-Holstein,9.660000000000004
25946,Schleswig-Holstein,Schleswig-Holstein,9.660000000000004
25980,Schleswig-Holstein,Schleswig-Holstein,9.660000000000004
25992,Schleswig-Holstein,Schleswig-Holstein,9.660000000000004
25996,Schleswig-Holstein,Schleswig-Holstein,9.660000000000004
25997,Schleswig-Holstein,Schleswig-Holstein,9.660000000000004
25999,Schleswig-Holstein,Schleswig-Holstein,9.660000000000004
26060,Bavaria,Bayern,8.855000000000004
26066,Bavaria,Bayern,8.855000000000004
26090,Lower Saxony,Niedersachsen,10.044999999999998
26101,Lower Saxony,Niedersachsen,10.044999999999998
26102,Lower Saxony,Niedersachsen,10.044999999999998
26105,Lower Saxony,Niedersachsen,10.044999999999998
26106,Lower Saxony,Niedersachsen,10.044999999999998
26107,Lower Saxony,Niedersachsen,10.044999999999998
26108,Lower Saxony,Niedersachsen,10.044999999999998
26109,Lower Saxony,Niedersachsen,10.044999999999998
26110,Lower Saxony,Niedersachsen,10.044999999999998
26111,Lower Saxony,Niedersachsen,10.044999999999998
26114,Lower Saxony,Niedersachsen,10.044999999999998
26119,Lower Saxony,Niedersachsen,10.044999999999998
26121,Niedersachsen,Niedersachsen,10.044999999999998
26122,Niedersachsen,Niedersachsen,10.044999999999998
26123,Niedersachsen,Niedersachsen,10.044999999999998
26125,Niedersachsen,Niedersachsen,10.044999999999998
26127,Niedersachsen,Niedersachsen,10.044999999999998
26129,Niedersachsen,Niedersachsen,10.044999999999998
26131,Niedersachsen,Niedersachsen,10.044999999999998
26133,Niedersachsen,Niedersachsen,10.044999999999998
26135,Niedersachsen,Niedersachsen,10.044999999999998
26158,Lower Saxony,Niedersachsen,10.044999999999998
26160,Niedersachsen,Niedersachsen,10.044999999999998
26169,Niedersachsen,Niedersachsen,10.044999999999998
26177,Lower Saxony,Niedersachsen,10.044999999999998
26178,Lower Saxony,Niedersachsen,10.044999999999998
26180,Niedersachsen,Niedersachsen,10.044999999999998
26188,Niedersachsen,Niedersachsen,10.044999999999998
26197,Niedersachsen,Niedersachsen,10.044999999999998
26203,Niedersachsen,Niedersachsen,10.044999999999998
26209,Niedersachsen,Niedersachsen,10.044999999999998
26215,Niedersachsen,Niedersachsen,10.044999999999998
26219,Niedersachsen,Niedersachsen,10.044999999999998
26316,Niedersachsen,Niedersachsen,10.044999999999998
26340,Niedersachsen,Niedersachsen,10.044999999999998
26345,Niedersachsen,Niedersachsen,10.044999999999998
26349,Niedersachsen,Niedersachsen,10.044999999999998
26379,Lower Saxony,Niedersachsen,10.044999999999998
26380,Lower Saxony,Niedersachsen,10.044999999999998
26382,Niedersachsen,Niedersachsen,10.044999999999998
26384,Niedersachsen,Niedersachsen,10.044999999999998
26386,Niedersachsen,Niedersachsen,10.044999999999998
26388,Niedersachsen,Niedersachsen,10.044999999999998
26389,Niedersachsen,Niedersachsen,10.044999999999998
26392,Lower Saxony,Niedersachsen,10.044999999999998
26409,Niedersachsen,Niedersachsen,10.044999999999998
26419,Niedersachsen,Niedersachsen,10.044999999999998
26425,Lower Saxony,Niedersachsen,10.044999999999998
26427,Niedersachsen,Niedersachsen,10.044999999999998
26434,Niedersachsen,Niedersachsen,10.044999999999998
26441,Niedersachsen,Niedersachsen,10.044999999999998
26446,Niedersachsen,Niedersachsen,10.044999999999998
26452,Niedersachsen,Niedersachsen,10.044999999999998
26465,Niedersachsen,Niedersachsen,10.044999999999998
26474,Niedersachsen,Niedersachsen,10.044999999999998
26486,Niedersachsen,Niedersachsen,10.044999999999998
26487,Niedersachsen,Niedersachsen,10.044999999999998
26489,Niedersachsen,Niedersachsen,10.044999999999998
26506,Niedersachsen,Niedersachsen,10.044999999999998
26524,Niedersachsen,Niedersachsen,10.044999999999998
26529,Niedersachsen,Niedersachsen,10.044999999999998
26532,Niedersachsen,Niedersachsen,10.044999999999998
26548,Niedersachsen,Niedersachsen,10.044999999999998
26553,Niedersachsen,Niedersachsen,10.044999999999998
26556,Niedersachsen,Niedersachsen,10.044999999999998
26571,Niedersachsen,Niedersachsen,10.044999999999998
26579,Niedersachsen,Niedersachsen,10.044999999999998
26603,Niedersachsen,Niedersachsen,10.044999999999998
26605,Niedersachsen,Niedersachsen,10.044999999999998
26607,Niedersachsen,Niedersachsen,10.044999999999998
26623,Lower Saxony,Niedersachsen,10.044999999999998
26624,Niedersachsen,Niedersachsen,10.044999999999998
26629,Niedersachsen,Niedersachsen,10.044999999999998
26632,Niedersachsen,Niedersachsen,10.044999999999998
26639,Niedersachsen,Niedersachsen,10.044999999999998
26653,Lower Saxony,Niedersachsen,10.044999999999998
26655,Niedersachsen,Niedersachsen,10.044999999999998
26670,Niedersachsen,Niedersachsen,10.044999999999998
26676,Niedersachsen,Niedersachsen,10.044999999999998
26683,Niedersachsen,Niedersachsen,10.044999999999998
26689,Niedersachsen,Niedersachsen,10.044999999999998
26721,Niedersachsen,Niedersachsen,10.044999999999998
26723,Niedersachsen,Niedersachsen,10.044999999999998
26725,Niedersachsen,Niedersachsen,10.044999999999998
26736,Niedersachsen,Niedersachsen,10.044999999999998
26757,Niedersachsen,Niedersachsen,10.044999999999998
26759,Niedersachsen,Niedersachsen,10.044999999999998
26786,Lower Saxony,Niedersachsen,10.044999999999998
26787,Lower Saxony,Niedersachsen,10.044999999999998
26789,Niedersachsen,Niedersachsen,10.044999999999998
26802,Niedersachsen,Niedersachsen,10.044999999999998
26810,Niedersachsen,Niedersachsen,10.044999999999998
26817,Niedersachsen,Niedersachsen,10.044999999999998
26826,Niedersachsen,Niedersachsen,10.044999999999998
26831,Niedersachsen,Niedersachsen,10.044999999999998
26835,Niedersachsen,Niedersachsen,10.044999999999998
26842,Niedersachsen,Niedersachsen,10.044999999999998
26844,Niedersachsen,Niedersachsen,10.044999999999998
26845,Niedersachsen,Niedersachsen,10.044999999999998
26847,Niedersachsen,Niedersachsen,10.044999999999998
26849,Niedersachsen,Niedersachsen,10.044999999999998
26869,Lower Saxony,Niedersachsen,10.044999999999998
26871,Niedersachsen,Niedersachsen,10.044999999999998
26892,Niedersachsen,Niedersachsen,10.044999999999998
26897,Niedersachsen,Niedersachsen,10.044999999999998
26899,Niedersachsen,Niedersachsen,10.044999999999998
26901,Niedersachsen,Niedersachsen,10.044999999999998
26903,Niedersachsen,Niedersachsen,10.044999999999998
26904,Niedersachsen,Niedersachsen,10.044999999999998
26906,Niedersachsen,Niedersachsen,10.044999999999998
26907,Niedersachsen,Niedersachsen,10.044999999999998
26909,Niedersachsen,Niedersachsen,10.044999999999998
26919,Niedersachsen,Niedersachsen,10.044999999999998
26930,Lower Saxony,Niedersachsen,10.044999999999998
26931,Niedersachsen,Niedersachsen,10.044999999999998
26935,Niedersachsen,Niedersachsen,10.044999999999998
26936,Niedersachsen,Niedersachsen,10.044999999999998
26937,Niedersachsen,Niedersachsen,10.044999999999998
26939,Niedersachsen,Niedersachsen,10.044999999999998
26954,Niedersachsen,Niedersachsen,10.044999999999998
26969,Niedersachsen,Niedersachsen,10.044999999999998
27209,Lower Saxony,Niedersachsen,10.044999999999998
27211,Niedersachsen,Niedersachsen,10.044999999999998
27232,Niedersachsen,Niedersachsen,10.044999999999998
27239,Niedersachsen,Niedersachsen,10.044999999999998
27243,Niedersachsen,Niedersachsen,10.044999999999998
27245,Niedersachsen,Niedersachsen,10.044999999999998
27246,Niedersachsen,Niedersachsen,10.044999999999998
27248,Niedersachsen,Niedersachsen,10.044999999999998
27249,Niedersachsen,Niedersachsen,10.044999999999998
27251,Niedersachsen,Niedersachsen,10.044999999999998
27252,Niedersachsen,Niedersachsen,10.044999999999998
27254,Niedersachsen,Niedersachsen,10.044999999999998
27257,Niedersachsen,Niedersachsen,10.044999999999998
27259,Niedersachsen,Niedersachsen,10.044999999999998
27270,Lower Saxony,Niedersachsen,10.044999999999998
27279,Lower Saxony,Niedersachsen,10.044999999999998
27280,Lower Saxony,Niedersachsen,10.044999999999998
27281,Lower Saxony,Niedersachsen,10.044999999999998
27283,Niedersachsen,Niedersachsen,10.044999999999998
27298,Lower Saxony,Niedersachsen,10.044999999999998
27299,Niedersachsen,Niedersachsen,10.044999999999998
27305,Niedersachsen,Niedersachsen,10.044999999999998
27308,Niedersachsen,Niedersachsen,10.044999999999998
27313,Niedersachsen,Niedersachsen,10.044999999999998
27317,Lower Saxony,Niedersachsen,10.044999999999998
27318,Niedersachsen,Niedersachsen,10.044999999999998
27321,Niedersachsen,Niedersachsen,10.044999999999998
27324,Niedersachsen,Niedersachsen,10.044999999999998
27327,Niedersachsen,Niedersachsen,10.044999999999998
27330,Niedersachsen,Niedersachsen,10.044999999999998
27333,Niedersachsen,Niedersachsen,10.044999999999998
27336,Niedersachsen,Niedersachsen,10.044999999999998
27337,Niedersachsen,Niedersachsen,10.044999999999998
27339,Niedersachsen,Niedersachsen,10.044999999999998
27356,Niedersachsen,Niedersachsen,10.044999999999998
27357,Lower Saxony,Niedersachsen,10.044999999999998
27367,Niedersachsen,Niedersachsen,10.044999999999998
27374,Niedersachsen,Niedersachsen,10.044999999999998
27383,Niedersachsen,Niedersachsen,10.044999999999998
27386,Niedersachsen,Niedersachsen,10.044999999999998
27389,Niedersachsen,Niedersachsen,10.044999999999998
27400,Lower Saxony,Niedersachsen,10.044999999999998
27404,Niedersachsen,Niedersachsen,10.044999999999998
27412,Niedersachsen,Niedersachsen,10.044999999999998
27419,Niedersachsen,Niedersachsen,10.044999999999998
27432,Niedersachsen,Niedersachsen,10.044999999999998
27442,Niedersachsen,Niedersachsen,10.044999999999998
27446,Niedersachsen,Niedersachsen,10.044999999999998
27449,Niedersachsen,Niedersachsen,10.044999999999998
27470,Lower Saxony,Niedersachsen,10.044999999999998
27472,Niedersachsen,Niedersachsen,10.044999999999998
27474,Niedersachsen,Niedersachsen,10.044999999999998
27476,Niedersachsen,Niedersachsen,10.044999999999998
27478,Niedersachsen,Niedersachsen,10.044999999999998
27498,Schleswig-Holstein,Schleswig-Holstein,9.660000000000004
27499,Hamburg,Niedersachsen/Hamburg/Bremen,10.044999999999998
27554,Bremen,Niedersachsen/Hamburg/Bremen,10.044999999999998
27568,Bremen,Niedersachsen/Hamburg/Bremen,10.044999999999998
27570,Bremen,Niedersachsen/Hamburg/Bremen,10.044999999999998
27572,Bremen,Niedersachsen/Hamburg/Bremen,10.044999999999998
27574,Bremen,Niedersachsen/Hamburg/Bremen,10.044999999999998
27576,Bremen,Niedersachsen/Hamburg/Bremen,10.044999999999998
27578,Bremen,Niedersachsen/Hamburg/Bremen,10.044999999999998
27580,Bremen,Niedersachsen/Hamburg/Bremen,10.044999999999998
27607,Niedersachsen,Niedersachsen,10.044999999999998
27612,Niedersachsen,Niedersachsen,10.044999999999998
27616,Niedersachsen,Niedersachsen,10.044999999999998
27619,Niedersachsen,Niedersachsen,10.044999999999998
27624,Niedersachsen,Niedersachsen,10.044999999999998
27628,Niedersachsen,Niedersachsen,10.044999999999998
27637,Niedersachsen,Niedersachsen,10.044999999999998
27638,Niedersachsen,Niedersachsen,10.044999999999998
27639,Niedersachsen,Niedersachsen,10.044999999999998
27709,Lower Saxony,Niedersachsen,10.044999999999998
27711,Niedersachsen,Niedersachsen,10.044999999999998
27721,Niedersachsen,Niedersachsen,10.044999999999998
27726,Niedersachsen,Niedersachsen,10.044999999999998
27729,Niedersachsen,Niedersachsen,10.044999999999998
27747,Lower Saxony,Niedersachsen,10.044999999999998
27749,Niedersachsen,Niedersachsen,10.044999999999998
27751,Niedersachsen,Niedersachsen,10.044999999999998
27753,Niedersachsen,Niedersachsen,10.044999999999998
27755,Niedersachsen,Niedersachsen,10.044999999999998
27777,Niedersachsen,Niedersachsen,10.044999999999998
27793,Niedersachsen,Niedersachsen,10.044999999999998
27798,Niedersachsen,Niedersachsen,10.044999999999998
27801,Niedersachsen,Niedersachsen,10.044999999999998
27804,Niedersachsen,Niedersachsen,10.044999999999998
27809,Niedersachsen,Niedersachsen,10.044999999999998
28100,Bremen,Niedersachsen/Hamburg/Bremen,10.044999999999998
28101,Bremen,Niedersachsen/Hamburg/Bremen,10.044999999999998
28102,Bremen,Niedersachsen/Hamburg/Bremen,10.044999999999998
28103,Bremen,Niedersachsen/Hamburg/Bremen,10.044999999999998
28104,Lower Saxony,Niedersachsen,10.044999999999998
28105,Bremen,Niedersachsen/Hamburg/Bremen,10.044999999999998
28107,Bremen,Niedersachsen/Hamburg/Bremen,10.044999999999998
28111,Bremen,Niedersachsen/Hamburg/Bremen,10.044999999999998
28163,Bremen,Niedersachsen/Hamburg/Bremen,10.044999999999998
28174,Bremen,Niedersachsen/Hamburg/Bremen,10.044999999999998
28177,Bremen,Niedersachsen/Hamburg/Bremen,10.044999999999998
28178,Bremen,Niedersachsen/Hamburg/Bremen,10.044999999999998
28181,Bremen,Niedersachsen/Hamburg/Bremen,10.044999999999998
28182,Lower Saxony,Niedersachsen,10.044999999999998
28183,Bremen,Niedersachsen/Hamburg/Bremen,10.044999999999998
28184,Bremen,Niedersachsen/Hamburg/Bremen,10.044999999999998
28185,Bremen,Niedersachsen/Hamburg/Bremen,10.044999999999998
28187,Bremen,Niedersachsen/Hamburg/Bremen,10.044999999999998
28188,Bremen,Niedersachsen/Hamburg/Bremen,10.044999999999998
28189,Bremen,Niedersachsen/Hamburg/Bremen,10.044999999999998
28190,Bremen,Niedersachsen/Hamburg/Bremen,10.044999999999998
28192,Bremen,Niedersachsen/Hamburg/Bremen,10.044999999999998
28195,Bremen,Niedersachsen/Hamburg/Bremen,10.044999999999998
28197,Bremen,Niedersachsen/Hamburg/Bremen,10.044999999999998
28199,Bremen,Niedersachsen/Hamburg/Bremen,10.044999999999998
28201,Bremen,Niedersachsen/Hamburg/Bremen,10.044999999999998
28203,Bremen,Niedersachsen/Hamburg/Bremen,10.044999999999998
28205,Bremen,Niedersachsen/Hamburg/Bremen,10.044999999999998
28207,Bremen,Niedersachsen/Hamburg/Bremen,10.044999999999998
28209,Bremen,Niedersachsen/Hamburg/Bremen,10.044999999999998
28211,Bremen,Niedersachsen/Hamburg/Bremen,10.044999999999998
28213,Bremen,Niedersachsen/Hamburg/Bremen,10.044999999999998
28215,Bremen,Niedersachsen/Hamburg/Bremen,10.044999999999998
28217,Bremen,Niedersachsen/Hamburg/Bremen,10.044999999999998
28219,Bremen,Niedersachsen/Hamburg/Bremen,10.044999999999998
28237,Bremen,Niedersachsen/Hamburg/Bremen,10.044999999999998
28239,Bremen,Niedersachsen/Hamburg/Bremen,10.044999999999998
28259,Bremen,Niedersachsen/Hamburg/Bremen,10.044999999999998
28275,Bremen,Niedersachsen/Hamburg/Bremen,10.044999999999998
28277,Bremen,Niedersachsen/Hamburg/Bremen,10.044999999999998
28279,Bremen,Niedersachsen/Hamburg/Bremen,10.044999999999998
28305,Bremen,Niedersachsen/Hamburg/Bremen,10.044999999999998
28307,Bremen,Niedersachsen/Hamburg/Bremen,10.044999999999998
28309,Bremen,Niedersachsen/Hamburg/Bremen,10.044999999999998
28323,Bremen,Niedersachsen/Hamburg/Bremen,10.044999999999998
28325,Bremen,Niedersachsen/Hamburg/Bremen,10.044999999999998
28327,Bremen,Niedersachsen/Hamburg/Bremen,10.044999999999998
28329,Bremen,Niedersachsen/Hamburg/Bremen,10.044999999999998
28335,Bremen,Niedersachsen/Hamburg/Bremen,10.044999999999998
28353,Bremen,Niedersachsen/Hamburg/Bremen,10.044999999999998
28355,Bremen,Niedersachsen/Hamburg/Bremen,10.044999999999998
28357,Bremen,Niedersachsen/Hamburg/Bremen,10.044999999999998
28359,Bremen,Niedersachsen/Hamburg/Bremen,10.044999999999998
28363,Bremen,Niedersachsen/Hamburg/Bremen,10.044999999999998
28365,Bremen,Niedersachsen/Hamburg/Bremen,10.044999999999998
28366,Bremen,Niedersachsen/Hamburg/Bremen,10.044999999999998
28375,Bremen,Niedersachsen/Hamburg/Bremen,10.044999999999998
28390,Bremen,Niedersachsen/Hamburg/Bremen,10.044999999999998
28700,Bremen,Niedersachsen/Hamburg/Bremen,10.044999999999998
28717,Bremen,Niedersachsen/Hamburg/Bremen,10.044999999999998
28719,Bremen,Niedersachsen/Hamburg/Bremen,10.044999999999998
28751,Bremen,Niedersachsen/Hamburg/Bremen,10.044999999999998
28755,Bremen,Niedersachsen/Hamburg/Bremen,10.044999999999998
28757,Bremen,Niedersachsen/Hamburg/Bremen,10.044999999999998
28759,Bremen,Niedersachsen/Hamburg/Bremen,10.044999999999998
28777,Bremen,Niedersachsen/Hamburg/Bremen,10.044999999999998
28779,Bremen,Niedersachsen/Hamburg/Bremen,10.044999999999998
28788,Lower Saxony,Niedersachsen,10.044999999999998
28790,Niedersachsen,Niedersachsen,10.044999999999998
28816,Niedersachsen,Niedersachsen,10.044999999999998
28832,Niedersachsen,Niedersachsen,10.044999999999998
28844,Niedersachsen,Niedersachsen,10.044999999999998
28855,Lower Saxony,Niedersachsen,10.044999999999998
28857,Niedersachsen,Niedersachsen,10.044999999999998
28865,Niedersachsen,Niedersachsen,10.044999999999998
28869,Lower Saxony,Niedersachsen,10.044999999999998
28870,Niedersachsen,Niedersachsen,10.044999999999998
28876,Niedersachsen,Niedersachsen,10.044999999999998
28879,Niedersachsen,Niedersachsen,10.044999999999998
29216,Lower Saxony,Niedersachsen,10.044999999999998
29218,Lower Saxony,Niedersachsen,10.044999999999998
29219,Lower Saxony,Niedersachsen,10.044999999999998
29220,Lower Saxony,Niedersachsen,10.044999999999998
29221,Niedersachsen,Niedersachsen,10.044999999999998
29223,Niedersachsen,Niedersachsen,10.044999999999998
29225,Niedersachsen,Niedersachsen,10.044999999999998
29227,Niedersachsen,Niedersachsen,10.044999999999998
29229,Niedersachsen,Niedersachsen,10.044999999999998
29270,Lower Saxony,Niedersachsen,10.044999999999998
29303,Niedersachsen,Niedersachsen,10.044999999999998
29308,Niedersachsen,Niedersachsen,10.044999999999998
29313,Niedersachsen,Niedersachsen,10.044999999999998
29320,Niedersachsen,Niedersachsen,10.044999999999998
29323,Niedersachsen,Niedersachsen,10.044999999999998
29328,Niedersachsen,Niedersachsen,10.044999999999998
29331,Niedersachsen,Niedersachsen,10.044999999999998
29336,Niedersachsen,Niedersachsen,10.044999999999998
29339,Niedersachsen,Niedersachsen,10.044999999999998
29342,Niedersachsen,Niedersachsen,10.044999999999998
29345,Niedersachsen,Niedersachsen,10.044999999999998
29348,Niedersachsen,Niedersachsen,10.044999999999998
29351,Niedersachsen,Niedersachsen,10.044999999999998
29352,Niedersachsen,Niedersachsen,10.044999999999998
29353,Niedersachsen,Niedersachsen,10.044999999999998
29355,Niedersachsen,Niedersachsen,10.044999999999998
29356,Niedersachsen,Niedersachsen,10.044999999999998
29358,Niedersachsen,Niedersachsen,10.044999999999998
29359,Niedersachsen,Niedersachsen,10.044999999999998
29361,Niedersachsen,Niedersachsen,10.044999999999998
29362,Niedersachsen,Niedersachsen,10.044999999999998
29364,Niedersachsen,Niedersachsen,10.044999999999998
29365,Niedersachsen,Niedersachsen,10.044999999999998
29367,Niedersachsen,Niedersachsen,10.044999999999998
29369,Niedersachsen,Niedersachsen,10.044999999999998
29377,Lower Saxony,Niedersachsen,10.044999999999998
29378,Niedersachsen,Niedersachsen,10.044999999999998
29379,Niedersachsen,Niedersachsen,10.044999999999998
29386,Niedersachsen,Niedersachsen,10.044999999999998
29389,Niedersachsen,Niedersachsen,10.044999999999998
29392,Niedersachsen,Niedersachsen,10.044999999999998
29393,Niedersachsen,Niedersachsen,10.044999999999998
29394,Niedersachsen,Niedersachsen,10.044999999999998
29396,Niedersachsen,Niedersachsen,10.044999999999998
29399,Niedersachsen,Niedersachsen,10.044999999999998
29410,Sachsen-Anhalt,Sachsen-Anhalt,10.174999999999997
29413,Sachsen-Anhalt,Sachsen-Anhalt,10.174999999999997
29416,Sachsen-Anhalt,Sachsen-Anhalt,10.174999999999997
29439,Niedersachsen,Niedersachsen,10.044999999999998
29451,Niedersachsen,Niedersachsen,10.044999999999998
29456,Niedersachsen,Niedersachsen,10.044999999999998
29459,Niedersachsen,Niedersachsen,10.044999999999998
29462,Niedersachsen,Niedersachsen,10.044999999999998
29465,Niedersachsen,Niedersachsen,10.044999999999998
29468,Niedersachsen,Niedersachsen,10.044999999999998
29471,Niedersachsen,Niedersachsen,10.044999999999998
29472,Niedersachsen,Niedersachsen,10.044999999999998
29473,Niedersachsen,Niedersachsen,10.044999999999998
29475,Niedersachsen,Niedersachsen,10.044999999999998
29476,Niedersachsen,Niedersachsen,10.044999999999998
29478,Niedersachsen,Niedersachsen,10.044999999999998
29479,Niedersachsen,Niedersachsen,10.044999999999998
29481,Niedersachsen,Niedersachsen,10.044999999999998
29482,Niedersachsen,Niedersachsen,10.044999999999998
29484,Niedersachsen,Niedersachsen,10.044999999999998
29485,Niedersachsen,Niedersachsen,10.044999999999998
29487,Niedersachsen,Niedersachsen,10.044999999999998
29488,Niedersachsen,Niedersachsen,10.044999999999998
29490,Niedersachsen,Niedersachsen,10.044999999999998
29491,Niedersachsen,Niedersachsen,10.044999999999998
29493,Niedersachsen,Niedersachsen,10.044999999999998
29494,Niedersachsen,Niedersachsen,10.044999999999998
29496,Niedersachsen,Niedersachsen,10.044999999999998
29497,Niedersachsen,Niedersachsen,10.044999999999998
29499,Niedersachsen,Niedersachsen,10.044999999999998
29523,Lower Saxony,Niedersachsen,10.044999999999998
29525,Niedersachsen,Niedersachsen,10.044999999999998
29549,Niedersachsen,Niedersachsen,10.044999999999998
29553,Niedersachsen,Niedersachsen,10.044999999999998
29556,Niedersachsen,Niedersachsen,10.044999999999998
29559,Niedersachsen,Niedersachsen,10.044999999999998
29562,Niedersachsen,Niedersachsen,10.044999999999998
29565,Niedersachsen,Niedersachsen,10.044999999999998
29568,Niedersachsen,Niedersachsen,10.044999999999998
29571,Niedersachsen,Niedersachsen,10.044999999999998
29574,Niedersachsen,Niedersachsen,10.044999999999998
29575,Niedersachsen,Niedersachsen,10.044999999999998
29576,Niedersachsen,Niedersachsen,10.044999999999998
29578,Niedersachsen,Niedersachsen,10.044999999999998
29579,Niedersachsen,Niedersachsen,10.044999999999998
29581,Niedersachsen,Niedersachsen,10.044999999999998
29582,Niedersachsen,Niedersachsen,10.044999999999998
29584,Niedersachsen,Niedersachsen,10.044999999999998
29585,Niedersachsen,Niedersachsen,10.044999999999998
29587,Niedersachsen,Niedersachsen,10.044999999999998
29588,Niedersachsen,Niedersachsen,10.044999999999998
29590,Niedersachsen,Niedersachsen,10.044999999999998
29591,Niedersachsen,Niedersachsen,10.044999999999998
29593,Niedersachsen,Niedersachsen,10.044999999999998
29594,Niedersachsen,Niedersachsen,10.044999999999998
29596,Niedersachsen,Niedersachsen,10.044999999999998
29597,Niedersachsen,Niedersachsen,10.044999999999998
29599,Niedersachsen,Niedersachsen,10.044999999999998
29611,Lower Saxony,Niedersachsen,10.044999999999998
29612,Lower Saxony,Niedersachsen,10.044999999999998
29614,Niedersachsen,Niedersachsen,10.044999999999998
29633,Niedersachsen,Niedersachsen,10.044999999999998
29640,Niedersachsen,Niedersachsen,10.044999999999998
29643,Niedersachsen,Niedersachsen,10.044999999999998
29646,Niedersachsen,Niedersachsen,10.044999999999998
29649,Niedersachsen,Niedersachsen,10.044999999999998
29664,Niedersachsen,Niedersachsen,10.044999999999998
29683,Niedersachsen,Niedersachsen,10.044999999999998
29690,Niedersachsen,Niedersachsen,10.044999999999998
29693,Niedersachsen,Niedersachsen,10.044999999999998
29699,Niedersachsen,Niedersachsen,10.044999999999998
30125,Lower Saxony,Niedersachsen,10.044999999999998
30126,Lower Saxony,Niedersachsen,10.044999999999998
30127,Lower Saxony,Niedersachsen,10.044999999999998
30130,Lower Saxony,Niedersachsen,10.044999999999998
30131,Lower Saxony,Niedersachsen,10.044999999999998
30132,Lower Saxony,Niedersachsen,10.044999999999998
30133,Lower Saxony,Niedersachsen,10.044999999999998
30134,Lower Saxony,Niedersachsen,10.044999999999998
30135,Lower Saxony,Niedersachsen,10.044999999999998
30138,Lower Saxony,Niedersachsen,10.044999999999998
30139,Lower Saxony,Niedersachsen,10.044999999999998
30140,Lower Saxony,Niedersachsen,10.044999999999998
30141,Lower Saxony,Niedersachsen,10.044999999999998
30142,Lower Saxony,Niedersachsen,10.044999999999998
30144,Lower Saxony,Niedersachsen,10.044999999999998
30145,Lower Saxony,Niedersachsen,10.044999999999998
30146,Lower Saxony,Niedersachsen,10.044999999999998
30147,Lower Saxony,Niedersachsen,10.044999999999998
30148,Lower Saxony,Niedersachsen,10.044999999999998
30149,Lower Saxony,Niedersachsen,10.044999999999998
30151,Lower Saxony,Niedersachsen,10.044999999999998
30152,Lower Saxony,Niedersachsen,10.044999999999998
30153,Lower Saxony,Niedersachsen,10.044999999999998
30154,Lower Saxony,Niedersachsen,10.044999999999998
30156,Lower Saxony,Niedersachsen,10.044999999999998
30157,Lower Saxony,Niedersachsen,10.044999999999998
30159,Niedersachsen,Niedersachsen,10.044999999999998
30161,Niedersachsen,Niedersachsen,10.044999999999998
30163,Niedersachsen,Niedersachsen,10.044999999999998
30165,Niedersachsen,Niedersachsen,10.044999999999998
30167,Niedersachsen,Niedersachsen,10.044999999999998
30169,Niedersachsen,Niedersachsen,10.044999999999998
30171,Niedersachsen,Niedersachsen,10.044999999999998
30173,Niedersachsen,Niedersachsen,10.044999999999998
30175,Niedersachsen,Niedersachsen,10.044999999999998
30177,Niedersachsen,Niedersachsen,10.044999999999998
30179,Niedersachsen,Niedersachsen,10.044999999999998
30417,Lower Saxony,Niedersachsen,10.044999999999998
30419,Niedersachsen,Niedersachsen,10.044999999999998
30449,Niedersachsen,Niedersachsen,10.044999999999998
30451,Niedersachsen,Niedersachsen,10.044999999999998
30453,Niedersachsen,Niedersachsen,10.044999999999998
30455,Niedersachsen,Niedersachsen,10.044999999999998
30457,Niedersachsen,Niedersachsen,10.044999999999998
30459,Niedersachsen,Niedersachsen,10.044999999999998
30517,Lower Saxony,Niedersachsen,10.044999999999998
30519,Niedersachsen,Niedersachsen,10.044999999999998
30521,Niedersachsen,Niedersachsen,10.044999999999998
30539,Niedersachsen,Niedersachsen,10.044999999999998
30559,Niedersachsen,Niedersachsen,10.044999999999998
30619,Lower Saxony,Niedersachsen,10.044999999999998
30620,Lower Saxony,Niedersachsen,10.044999999999998
30621,Lower Saxony,Niedersachsen,10.044999999999998
30622,Lower Saxony,Niedersachsen,10.044999999999998
30623,Lower Saxony,Niedersachsen,10.044999999999998
30625,Niedersachsen,Niedersachsen,10.044999999999998
30627,Niedersachsen,Niedersachsen,10.044999999999998
30629,Niedersachsen,Niedersachsen,10.044999999999998
30645,Lower Saxony,Niedersachsen,10.044999999999998
30647,Lower Saxony,Niedersachsen,10.044999999999998
30655,Niedersachsen,Niedersachsen,10.044999999999998
30657,Niedersachsen,Niedersachsen,10.044999999999998
30659,Niedersachsen,Niedersachsen,10.044999999999998
30669,Niedersachsen,Niedersachsen,10.044999999999998
30684,Lower Saxony,Niedersachsen,10.044999999999998
30686,Nordrhein-Westfalen,Nordrhein-Westfalen,10.21
30689,Lower Saxony,Niedersachsen,10.044999999999998
30690,Lower Saxony,Niedersachsen,10.044999999999998
30691,Lower Saxony,Niedersachsen,10.044999999999998
30692,Lower Saxony,Niedersachsen,10.044999999999998
30700,Lower Saxony,Niedersachsen,10.044999999999998
30820,Lower Saxony,Niedersachsen,10.044999999999998
30821,Lower Saxony,Niedersachsen,10.044999999999998
30823,Niedersachsen,Niedersachsen,10.044999999999998
30826,Niedersachsen,Niedersachsen,10.044999999999998
30827,Niedersachsen,Niedersachsen,10.044999999999998
30851,Niedersachsen,Niedersachsen,10.044999999999998
30853,Niedersachsen,Niedersachsen,10.044999999999998
30855,Niedersachsen,Niedersachsen,10.044999999999998
30875,Lower Saxony,Niedersachsen,10.044999999999998
30876,Lower Saxony,Niedersachsen,10.044999999999998
30880,Niedersachsen,Niedersachsen,10.044999999999998
30890,Niedersachsen,Niedersachsen,10.044999999999998
30900,Niedersachsen,Niedersachsen,10.044999999999998
30916,Niedersachsen,Niedersachsen,10.044999999999998
30926,Niedersachsen,Niedersachsen,10.044999999999998
30938,Niedersachsen,Niedersachsen,10.044999999999998
30952,Niedersachsen,Niedersachsen,10.044999999999998
30966,Niedersachsen,Niedersachsen,10.044999999999998
30974,Niedersachsen,Niedersachsen,10.044999999999998
30982,Niedersachsen,Niedersachsen,10.044999999999998
30988,Lower Saxony,Niedersachsen,10.044999999999998
30989,Niedersachsen,Niedersachsen,10.044999999999998
31007,Lower Saxony,Niedersachsen,10.044999999999998
31008,Niedersachsen,Niedersachsen,10.044999999999998
31020,Niedersachsen,Niedersachsen,10.044999999999998
31028,Niedersachsen,Niedersachsen,10.044999999999998
31029,Niedersachsen,Niedersachsen,10.044999999999998
31032,Niedersachsen,Niedersachsen,10.044999999999998
31033,Niedersachsen,Niedersachsen,10.044999999999998
31036,Niedersachsen,Niedersachsen,10.044999999999998
31039,Niedersachsen,Niedersachsen,10.044999999999998
31061,Niedersachsen,Niedersachsen,10.044999999999998
31073,Niedersachsen,Niedersachsen,10.044999999999998
31079,Niedersachsen,Niedersachsen,10.044999999999998
31084,Niedersachsen,Niedersachsen,10.044999999999998
31085,Niedersachsen,Niedersachsen,10.044999999999998
31088,Niedersachsen,Niedersachsen,10.044999999999998
31089,Niedersachsen,Niedersachsen,10.044999999999998
31091,Niedersachsen,Niedersachsen,10.044999999999998
31093,Niedersachsen,Niedersachsen,10.044999999999998
31094,Niedersachsen,Niedersachsen,10.044999999999998
31096,Niedersachsen,Niedersachsen,10.044999999999998
31097,Niedersachsen,Niedersachsen,10.044999999999998
31099,Niedersachsen,Niedersachsen,10.044999999999998
31120,Lower Saxony,Niedersachsen,10.044999999999998
31121,Lower Saxony,Niedersachsen,10.044999999999998
31129,Lower Saxony,Niedersachsen,10.044999999999998
31130,Lower Saxony,Niedersachsen,10.044999999999998
31131,Lower Saxony,Niedersachsen,10.044999999999998
31132,Lower Saxony,Niedersachsen,10.044999999999998
31134,Niedersachsen,Niedersachsen,10.044999999999998
31135,Niedersachsen,Niedersachsen,10.044999999999998
31137,Niedersachsen,Niedersachsen,10.044999999999998
31139,Niedersachsen,Niedersachsen,10.044999999999998
31141,Niedersachsen,Niedersachsen,10.044999999999998
31157,Niedersachsen,Niedersachsen,10.044999999999998
31162,Niedersachsen,Niedersachsen,10.044999999999998
31167,Niedersachsen,Niedersachsen,10.044999999999998
31171,Niedersachsen,Niedersachsen,10.044999999999998
31174,Niedersachsen,Niedersachsen,10.044999999999998
31177,Niedersachsen,Niedersachsen,10.044999999999998
31180,Niedersachsen,Niedersachsen,10.044999999999998
31185,Niedersachsen,Niedersachsen,10.044999999999998
31188,Niedersachsen,Niedersachsen,10.044999999999998
31191,Niedersachsen,Niedersachsen,10.044999999999998
31195,Niedersachsen,Niedersachsen,10.044999999999998
31196,Niedersachsen,Niedersachsen,10.044999999999998
31199,Niedersachsen,Niedersachsen,10.044999999999998
31221,Lower Saxony,Niedersachsen,10.044999999999998
31224,Niedersachsen,Niedersachsen,10.044999999999998
31226,Niedersachsen,Niedersachsen,10.044999999999998
31228,Niedersachsen,Niedersachsen,10.044999999999998
31234,Niedersachsen,Niedersachsen,10.044999999999998
31241,Niedersachsen,Niedersachsen,10.044999999999998
31246,Niedersachsen,Niedersachsen,10.044999999999998
31249,Niedersachsen,Niedersachsen,10.044999999999998
31272,Lower Saxony,Niedersachsen,10.044999999999998
31273,Lower Saxony,Niedersachsen,10.044999999999998
31275,Niedersachsen,Niedersachsen,10.044999999999998
31300,Lower Saxony,Niedersachsen,10.044999999999998
31303,Niedersachsen,Niedersachsen,10.044999999999998
31311,Niedersachsen,Niedersachsen,10.044999999999998
31319,Niedersachsen,Niedersachsen,10.044999999999998
31513,Lower Saxony,Niedersachsen,10.044999999999998
31515,Niedersachsen,Niedersachsen,10.044999999999998
31533,Lower Saxony,Niedersachsen,10.044999999999998
31535,Niedersachsen,Niedersachsen,10.044999999999998
31542,Niedersachsen,Niedersachsen,10.044999999999998
31547,Niedersachsen,Niedersachsen,10.044999999999998
31552,Niedersachsen,Niedersachsen,10.044999999999998
31553,Niedersachsen,Niedersachsen,10.044999999999998
31555,Niedersachsen,Niedersachsen,10.044999999999998
31556,Niedersachsen,Niedersachsen,10.044999999999998
31558,Niedersachsen,Niedersachsen,10.044999999999998
31559,Niedersachsen,Niedersachsen,10.044999999999998
31577,Lower Saxony,Niedersachsen,10.044999999999998
31582,Niedersachsen,Niedersachsen,10.044999999999998
31592,Niedersachsen,Niedersachsen,10.044999999999998
31595,Niedersachsen,Niedersachsen,10.044999999999998
31600,Niedersachsen,Niedersachsen,10.044999999999998
31603,Niedersachsen,Niedersachsen,10.044999999999998
31604,Niedersachsen,Niedersachsen,10.044999999999998
31606,Niedersachsen,Niedersachsen,10.044999999999998
31608,Niedersachsen,Niedersachsen,10.044999999999998
31609,Niedersachsen,Niedersachsen,10.044999999999998
31613,Niedersachsen,Niedersachsen,10.044999999999998
31618,Niedersachsen,Niedersachsen,10.044999999999998
31619,Niedersachsen,Niedersachsen,10.044999999999998
31621,Niedersachsen,Niedersachsen,10.044999999999998
31622,Niedersachsen,Niedersachsen,10.044999999999998
31623,Niedersachsen,Niedersachsen,10.044999999999998
31626,Niedersachsen,Niedersachsen,10.044999999999998
31627,Niedersachsen,Niedersachsen,10.044999999999998
31628,Niedersachsen,Niedersachsen,10.044999999999998
31629,Niedersachsen,Niedersachsen,10.044999999999998
31632,Niedersachsen,Niedersachsen,10.044999999999998
31633,Niedersachsen,Niedersachsen,10.044999999999998
31634,Niedersachsen,Niedersachsen,10.044999999999998
31636,Niedersachsen,Niedersachsen,10.044999999999998
31637,Niedersachsen,Niedersachsen,10.044999999999998
31638,Niedersachsen,Niedersachsen,10.044999999999998
31653,Lower Saxony,Niedersachsen,10.044999999999998
31655,Niedersachsen,Niedersachsen,10.044999999999998
31673,Lower Saxony,Niedersachsen,10.044999999999998
31675,Niedersachsen,Niedersachsen,10.044999999999998
31681,Lower Saxony,Niedersachsen,10.044999999999998
31682,Lower Saxony,Niedersachsen,10.044999999999998
31683,Niedersachsen,Niedersachsen,10.044999999999998
31688,Niedersachsen,Niedersachsen,10.044999999999998
31691,Niedersachsen,Niedersachsen,10.044999999999998
31693,Niedersachsen,Niedersachsen,10.044999999999998
31698,Niedersachsen,Niedersachsen,10.044999999999998
31699,Niedersachsen,Niedersachsen,10.044999999999998
31700,Niedersachsen,Niedersachsen,10.044999999999998
31702,Niedersachsen,Niedersachsen,10.044999999999998
31707,Niedersachsen,Niedersachsen,10.044999999999998
31708,Niedersachsen,Niedersachsen,10.044999999999998
31710,Niedersachsen,Niedersachsen,10.044999999999998
31711,Niedersachsen,Niedersachsen,10.044999999999998
31712,Niedersachsen,Niedersachsen,10.044999999999998
31714,Niedersachsen,Niedersachsen,10.044999999999998
31715,Niedersachsen,Niedersachsen,10.044999999999998
31717,Niedersachsen,Niedersachsen,10.044999999999998
31718,Niedersachsen,Niedersachsen,10.044999999999998
31719,Niedersachsen,Niedersachsen,10.044999999999998
31735,Lower Saxony,Niedersachsen,10.044999999999998
31737,Niedersachsen,Niedersachsen,10.044999999999998
31749,Niedersachsen,Niedersachsen,10.044999999999998
31774,Nordrhein-Westfalen,Nordrhein-Westfalen,10.21
31778,Lower Saxony,Niedersachsen,10.044999999999998
31779,Lower Saxony,Niedersachsen,10.044999999999998
31780,Lower Saxony,Niedersachsen,10.044999999999998
31781,Lower Saxony,Niedersachsen,10.044999999999998
31783,Lower Saxony,Niedersachsen,10.044999999999998
31784,Lower Saxony,Niedersachsen,10.044999999999998
31785,Niedersachsen,Niedersachsen,10.044999999999998
31787,Niedersachsen,Niedersachsen,10.044999999999998
31789,Niedersachsen,Niedersachsen,10.044999999999998
31810,Lower Saxony,Niedersachsen,10.044999999999998
31812,Niedersachsen,Niedersachsen,10.044999999999998
31829,Bavaria,Bayern,8.855000000000004
31830,Lower Saxony,Niedersachsen,10.044999999999998
31832,Niedersachsen,Niedersachsen,10.044999999999998
31840,Niedersachsen,Niedersachsen,10.044999999999998
31848,Niedersachsen,Niedersachsen,10.044999999999998
31855,Niedersachsen,Niedersachsen,10.044999999999998
31860,Niedersachsen,Niedersachsen,10.044999999999998
31863,Niedersachsen,Niedersachsen,10.044999999999998
31867,Niedersachsen,Niedersachsen,10.044999999999998
31868,Niedersachsen,Niedersachsen,10.044999999999998
32042,Nordrhein-Westfalen,Nordrhein-Westfalen,10.21
32044,Nordrhein-Westfalen,Nordrhein-Westfalen,10.21
32045,Nordrhein-Westfalen,Nordrhein-Westfalen,10.21
32046,Nordrhein-Westfalen,Nordrhein-Westfalen,10.21
32049,Nordrhein-Westfalen,Nordrhein-Westfalen,10.21
32051,Nordrhein-Westfalen,Nordrhein-Westfalen,10.21
32052,Nordrhein-Westfalen,Nordrhein-Westfalen,10.21
32058,Nordrhein-Westfalen,Nordrhein-Westfalen,10.21
32061,Nordrhein-Westfalen,Nordrhein-Westfalen,10.21
32102,Nordrhein-Westfalen,Nordrhein-Westfalen,10.21
32105,Nordrhein-Westfalen,Nordrhein-Westfalen,10.21
32107,Nordrhein-Westfalen,Nordrhein-Westfalen,10.21
32108,Nordrhein-Westfalen,Nordrhein-Westfalen,10.21
32120,Nordrhein-Westfalen,Nordrhein-Westfalen,10.21
32130,Nordrhein-Westfalen,Nordrhein-Westfalen,10.21
32139,Nordrhein-Westfalen,Nordrhein-Westfalen,10.21
32255,Nordrhein-Westfalen,Nordrhein-Westfalen,10.21
32257,Nordrhein-Westfalen,Nordrhein-Westfalen,10.21
32278,Nordrhein-Westfalen,Nordrhein-Westfalen,10.21
32289,Nordrhein-Westfalen,Nordrhein-Westfalen,10.21
32310,Nordrhein-Westfalen,Nordrhein-Westfalen,10.21
32312,Nordrhein-Westfalen,Nordrhein-Westfalen,10.21
32337,Nordrhein-Westfalen,Nordrhein-Westfalen,10.21
32339,Nordrhein-Westfalen,Nordrhein-Westfalen,10.21
32351,Nordrhein-Westfalen,Nordrhein-Westfalen,10.21
32361,Nordrhein-Westfalen,Nordrhein-Westfalen,10.21
32369,Nordrhein-Westfalen,Nordrhein-Westfalen,10.21
32419,Nordrhein-Westfalen,Nordrhein-Westfalen,10.21
32420,Nordrhein-Westfalen,Nordrhein-Westfalen,10.21
32421,Nordrhein-Westfalen,Nordrhein-Westfalen,10.21
32423,Nordrhein-Westfalen,Nordrhein-Westfalen,10.21
32425,Nordrhein-Westfalen,Nordrhein-Westfalen,10.21
32427,Nordrhein-Westfalen,Nordrhein-Westfalen,10.21
32429,Nordrhein-Westfalen,Nordrhein-Westfalen,10.21
32455,Nordrhein-Westfalen,Nordrhein-Westfalen,10.21
32457,Nordrhein-Westfalen,Nordrhein-Westfalen,10.21
32469,Nordrhein-Westfalen,Nordrhein-Westfalen,10.21
32479,Nordrhein-Westfalen,Nordrhein-Westfalen,10.21
32543,Nordrhein-Westfalen,Nordrhein-Westfalen,10.21
32545,Nordrhein-Westfalen,Nordrhein-Westfalen,10.21
32547,Nordrhein-Westfalen,Nordrhein-Westfalen,10.21
32549,Nordrhein-Westfalen,Nordrhein-Westfalen,10.21
32582,Nordrhein-Westfalen,Nordrhein-Westfalen,10.21
32584,Nordrhein-Westfalen,Nordrhein-Westfalen,10.21
32602,Nordrhein-Westfalen,Nordrhein-Westfalen,10.21
32609,Nordrhein-Westfalen,Nordrhein-Westfalen,10.21
32655,Nordrhein-Westfalen,Nordrhein-Westfalen,10.21
32657,Nordrhein-Westfalen,Nordrhein-Westfalen,10.21
32676,Nordrhein-Westfalen,Nordrhein-Westfalen,10.21
32683,Nordrhein-Westfalen,Nordrhein-Westfalen,10.21
32689,Nordrhein-Westfalen,Nordrhein-Westfalen,10.21
32694,Nordrhein-Westfalen,Nordrhein-Westfalen,10.21
32699,Nordrhein-Westfalen,Nordrhein-Westfalen,10.21
32750,Nordrhein-Westfalen,Nordrhein-Westfalen,10.21
32753,Nordrhein-Westfalen,Nordrhein-Westfalen,10.21
32754,Nordrhein-Westfalen,Nordrhein-Westfalen,10.21
32756,Nordrhein-Westfalen,Nordrhein-Westfalen,10.21
32758,Nordrhein-Westfalen,Nordrhein-Westfalen,10.21
32760,Nordrhein-Westfalen,Nordrhein-Westfalen,10.21
32791,Nordrhein-Westfalen,Nordrhein-Westfalen,10.21
32805,Nordrhein-Westfalen,Nordrhein-Westfalen,10.21
32816,Nordrhein-Westfalen,Nordrhein-Westfalen,10.21
32823,Nordrhein-Westfalen,Nordrhein-Westfalen,10.21
32825,Nordrhein-Westfalen,Nordrhein-Westfalen,10.21
32832,Nordrhein-Westfalen,Nordrhein-Westfalen,10.21
32839,Nordrhein-Westfalen,Nordrhein-Westfalen,10.21
33014,Nordrhein-Westfalen,Nordrhein-Westfalen,10.21
33034,Nordrhein-Westfalen,Nordrhein-Westfalen,10.21
33039,Nordrhein-Westfalen,Nordrhein-Westfalen,10.21
33093,Nordrhein-Westfalen,Nordrhein-Westfalen,10.21
33094,Nordrhein-Westfalen,Nordrhein-Westfalen,10.21
33095,Nordrhein-Westfalen,Nordrhein-Westfalen,10.21
33096,Nordrhein-Westfalen,Nordrhein-Westfalen,10.21
33098,Nordrhein-Westfalen,Nordrhein-Westfalen,10.21
33100,Nordrhein-Westfalen,Nordrhein-Westfalen,10.21
33102,Nordrhein-Westfalen,Nordrhein-Westfalen,10.21
33104,Nordrhein-Westfalen,Nordrhein-Westfalen,10.21
33106,Nordrhein-Westfalen,Nordrhein-Westfalen,10.21
33129,Nordrhein-Westfalen,Nordrhein-Westfalen,10.21
33142,Nordrhein-Westfalen,Nordrhein-Westfalen,10.21
33154,Nordrhein-Westfalen,Nordrhein-Westfalen,10.21
33161,Nordrhein-Westfalen,Nordrhein-Westfalen,10.21
33165,Nordrhein-Westfalen,Nordrhein-Westfalen,10.21
33175,Nordrhein-Westfalen,Nordrhein-Westfalen,10.21
33178,Nordrhein-Westfalen,Nordrhein-Westfalen,10.21
33181,Nordrhein-Westfalen,Nordrhein-Westfalen,10.21
33184,Nordrhein-Westfalen,Nordrhein-Westfalen,10.21
33189,Nordrhein-Westfalen,Nordrhein-Westfalen,10.21
33311,Nordrhein-Westfalen,Nordrhein-Westfalen,10.21
33324,Nordrhein-Westfalen,Nordrhein-Westfalen,10.21
33325,Nordrhein-Westfalen,Nordrhein-Westfalen,10.21
33326,Nordrhein-Westfalen,Nordrhein-Westfalen,10.21
33330,Nordrhein-Westfalen,Nordrhein-Westfalen,10.21
33332,Nordrhein-Westfalen,Nordrhein-Westfalen,10.21
33334,Nordrhein-Westfalen,Nordrhein-Westfalen,10.21
33335,Nordrhein-Westfalen,Nordrhein-Westfalen,10.21
33372,Nordrhein-Westfalen,Nordrhein-Westfalen,10.21
33373,Nordrhein-Westfalen,Nordrhein-Westfalen,10.21
33374,Nordrhein-Westfalen,Nordrhein-Westfalen,10.21
33375,Nordrhein-Westfalen,Nordrhein-Westfalen,10.21
33378,Nordrhein-Westfalen,Nordrhein-Westfalen,10.21
33393,Nordrhein-Westfalen,Nordrhein-Westfalen,10.21
33394,Nordrhein-Westfalen,Nordrhein-Westfalen,10.21
33395,Nordrhein-Westfalen,Nordrhein-Westfalen,10.21
33397,Nordrhein-Westfalen,Nordrhein-Westfalen,10.21
33411,Nordrhein-Westfalen,Nordrhein-Westfalen,10.21
33413,Nordrhein-Westfalen,Nordrhein-Westfalen,10.21
33414,Nordrhein-Westfalen,Nordrhein-Westfalen,10.21
33415,Nordrhein-Westfalen,Nordrhein-Westfalen,10.21
33426,Nordrhein-Westfalen,Nordrhein-Westfalen,10.21
33428,Nordrhein-Westfalen,Nordrhein-Westfalen,10.21
33441,Nordrhein-Westfalen,Nordrhein-Westfalen,10.21
33442,Nordrhein-Westfalen,Nordrhein-Westfalen,10.21
33449,Nordrhein-Westfalen,Nordrhein-Westfalen,10.21
33519,Nordrhein-Westfalen,Nordrhein-Westfalen,10.21
33547,Nordrhein-Westfalen,Nordrhein-Westfalen,10.21
33583,Nordrhein-Westfalen,Nordrhein-Westfalen,10.21
33584,Nordrhein-Westfalen,Nordrhein-Westfalen,10.21
33591,Nordrhein-Westfalen,Nordrhein-Westfalen,10.21
33594,Nordrhein-Westfalen,Nordrhein-Westfalen,10.21
33595,Nordrhein-Westfalen,Nordrhein-Westfalen,10.21
33596,Nordrhein-Westfalen,Nordrhein-Westfalen,10.21
33597,Nordrhein-Westfalen,Nordrhein-Westfalen,10.21
33598,Nordrhein-Westfalen,Nordrhein-Westfalen,10.21
33600,Nordrhein-Westfalen,Nordrhein-Westfalen,10.21
33602,Nordrhein-Westfalen,Nordrhein-Westfalen,10.21
33604,Nordrhein-Westfalen,Nordrhein-Westfalen,10.21
33605,Nordrhein-Westfalen,Nordrhein-Westfalen,10.21
33607,Nordrhein-Westfalen,Nordrhein-Westfalen,10.21
33609,Nordrhein-Westfalen,Nordrhein-Westfalen,10.21
33611,Nordrhein-Westfalen,Nordrhein-Westfalen,10.21
33613,Nordrhein-Westfalen,Nordrhein-Westfalen,10.21
33615,Nordrhein-Westfalen,Nordrhein-Westfalen,10.21
33617,Nordrhein-Westfalen,Nordrhein-Westfalen,10.21
33619,Nordrhein-Westfalen,Nordrhein-Westfalen,10.21
33644,Nordrhein-Westfalen,Nordrhein-Westfalen,10.21
33645,Nordrhein-Westfalen,Nordrhein-Westfalen,10.21
33647,Nordrhein-Westfalen,Nordrhein-Westfalen,10.21
33649,Nordrhein-Westfalen,Nordrhein-Westfalen,10.21
33659,Nordrhein-Westfalen,Nordrhein-Westfalen,10.21
33687,Hamburg,Niedersachsen/Hamburg/Bremen,10.044999999999998
33689,Nordrhein-Westfalen,Nordrhein-Westfalen,10.21
33699,Nordrhein-Westfalen,Nordrhein-Westfalen,10.21
33719,Nordrhein-Westfalen,Nordrhein-Westfalen,10.21
33729,Nordrhein-Westfalen,Nordrhein-Westfalen,10.21
33739,Nordrhein-Westfalen,Nordrhein-Westfalen,10.21
33756,Nordrhein-Westfalen,Nordrhein-Westfalen,10.21
33758,Nordrhein-Westfalen,Nordrhein-Westfalen,10.21
33769,Nordrhein-Westfalen,Nordrhein-Westfalen,10.21
33775,Nordrhein-Westfalen,Nordrhein-Westfalen,10.21
33788,Nordrhein-Westfalen,Nordrhein-Westfalen,10.21
33790,Nordrhein-Westfalen,Nordrhein-Westfalen,10.21
33801,Nordrhein-Westfalen,Nordrhein-Westfalen,10.21
33803,Nordrhein-Westfalen,Nordrhein-Westfalen,10.21
33813,Nordrhein-Westfalen,Nordrhein-Westfalen,10.21
33818,Nordrhein-Westfalen,Nordrhein-Westfalen,10.21
33824,Nordrhein-Westfalen,Nordrhein-Westfalen,10.21
33829,Nordrhein-Westfalen,Nordrhein-Westfalen,10.21
34105,Hessen,Hessen,9.555
34106,Hessen,Hessen,9.555
34108,Hessen,Hessen,9.555
34109,Hessen,Hessen,9.555
34110,Hessen,Hessen,9.555
34111,Hessen,Hessen,9.555
34112,Hessen,Hessen,9.555
34113,Hessen,Hessen,9.555
34114,Hessen,Hessen,9.555
34115,Hessen,Hessen,9.555
34117,Hessen,Hessen,9.555
34119,Hessen,Hessen,9.555
34121,Hessen,Hessen,9.555
34123,Hessen,Hessen,9.555
34125,Hessen,Hessen,9.555
34127,Hessen,Hessen,9.555
34128,Hessen,Hessen,9.555
34130,Hessen,Hessen,9.555
34131,Hessen,Hessen,9.555
34132,Hessen,Hessen,9.555
34134,Hessen,Hessen,9.555
34195,Hessen,Hessen,9.555
34196,Hessen,Hessen,9.555
34197,Hessen,Hessen,9.555
34198,Hessen,Hessen,9.555
34209,Hessen,Hessen,9.555
34212,Hessen,Hessen,9.555
34219,Hessen,Hessen,9.555
34225,Hessen,Hessen,9.555
34233,Hessen,Hessen,9.555
34246,Hessen,Hessen,9.555
34253,Hessen,Hessen,9.555
34260,Hessen,Hessen,9.555
34265,Hessen,Hessen,9.555
34266,Hessen,Hessen,9.555
34270,Hessen,Hessen,9.555
34277,Hessen,Hessen,9.555
34281,Hessen,Hessen,9.555
34286,Hessen,Hessen,9.555
34289,Hessen,Hessen,9.555
34292,Hessen,Hessen,9.555
34295,Hessen,Hessen,9.555
34298,Hessen,Hessen,9.555
34302,Hessen,Hessen,9.555
34305,Hessen,Hessen,9.555
34308,Hessen,Hessen,9.555
34311,Hessen,Hessen,9.555
34314,Hessen,Hessen,9.555
34317,Hessen,Hessen,9.555
34320,Hessen,Hessen,9.555
34323,Hessen,Hessen,9.555
34326,Hessen,Hessen,9.555
34327,Hessen,Hessen,9.555
34329,Hessen,Hessen,9.555
34346,Niedersachsen,Niedersachsen,10.044999999999998
34355,Niedersachsen,Niedersachsen,10.044999999999998
34359,Hessen,Hessen,9.555
34369,Hessen,Hessen,9.555
34376,Hessen,Hessen,9.555
34379,Hessen,Hessen,9.555
34385,Hessen,Hessen,9.555
34388,Hessen,Hessen,9.555
34393,Hessen,Hessen,9.555
34396,Hessen,Hessen,9.555
34399,Hessen,Hessen,9.555
34414,Nordrhein-Westfalen,Nordrhein-Westfalen,10.21
34431,Nordrhein-Westfalen,Nordrhein-Westfalen,10.21
34434,Nordrhein-Westfalen,Nordrhein-Westfalen,10.21
34439,Nordrhein-Westfalen,Nordrhein-Westfalen,10.21
34454,Hessen,Hessen,9.555
34466,Hessen,Hessen,9.555
34471,Hessen,Hessen,9.555
34474,Hessen,Hessen,9.555
34477,Hessen,Hessen,9.555
34479,Hessen,Hessen,9.555
34494,Hessen,Hessen,9.555
34495,Hessen,Hessen,9.555
34497,Hessen,Hessen,9.555
34508,Hessen,Hessen,9.555
34513,Hessen,Hessen,9.555
34516,Hessen,Hessen,9.555
34519,Hessen,Hessen,9.555
34535,Hessen,Hessen,9.555
34537,Hessen,Hessen,9.555
34549,Hessen,Hessen,9.555
34558,Hessen,Hessen,9.555
34560,Hessen,Hessen,9.555
34574,Hessen,Hessen,9.555
34576,Hessen,Hessen,9.555
34582,Hessen,Hessen,9.555
34587,Hessen,Hessen,9.555
34590,Hessen,Hessen,9.555
34593,Hessen,Hessen,9.555
34596,Hessen,Hessen,9.555
34599,Hessen,Hessen,9.555
34613,Hessen,Hessen,9.555
34621,Hessen,Hessen,9.555
34626,Hessen,Hessen,9.555
34628,Hessen,Hessen,9.555
34630,Hessen,Hessen,9.555
34632,Hessen,Hessen,9.555
34633,Hessen,Hessen,9.555
34637,Hessen,Hessen,9.555
34639,Hessen,Hessen,9.555
35031,Hessen,Hessen,9.555
35032,Hessen,Hessen,9.555
35034,Hessen,Hessen,9.555
35035,Hessen,Hessen,9.555
35036,Hessen,Hessen,9.555
35037,Hessen,Hessen,9.555
35039,Hessen,Hessen,9.555
35041,Hessen,Hessen,9.555
35043,Hessen,Hessen,9.555
35066,Hessen,Hessen,9.555
35075,Hessen,Hessen,9.555
35080,Hessen,Hessen,9.555
35083,Hessen,Hessen,9.555
35085,Hessen,Hessen,9.555
35088,Hessen,Hessen,9.555
35091,Hessen,Hessen,9.555
35094,Hessen,Hessen,9.555
35096,Hessen,Hessen,9.555
35099,Hessen,Hessen,9.555
35102,Hessen,Hessen,9.555
35104,Hessen,Hessen,9.555
35107,Hessen,Hessen,9.555
35108,Hessen,Hessen,9.555
35110,Hessen,Hessen,9.555
35112,Hessen,Hessen,9.555
35114,Hessen,Hessen,9.555
35116,Hessen,Hessen,9.555
35117,Hessen,Hessen,9.555
35119,Hessen,Hessen,9.555
35216,Hessen,Hessen,9.555
35232,Hessen,Hessen,9.555
35236,Hessen,Hessen,9.555
35239,Hessen,Hessen,9.555
35260,Hessen,Hessen,9.555
35274,Hessen,Hessen,9.555
35279,Hessen,Hessen,9.555
35282,Hessen,Hessen,9.555
35285,Hessen,Hessen,9.555
35287,Hessen,Hessen,9.555
35288,Hessen,Hessen,9.555
35305,Hessen,Hessen,9.555
35315,Hessen,Hessen,9.555
35321,Hessen,Hessen,9.555
35325,Hessen,Hessen,9.555
35327,Hessen,Hessen,9.555
35329,Hessen,Hessen,9.555
35383,Hessen,Hessen,9.555
35384,Hessen,Hessen,9.555
35385,Hessen,Hessen,9.555
35386,Hessen,Hessen,9.555
35387,Hessen,Hessen,9.555
35388,Hessen,Hessen,9.555
35390,Hessen,Hessen,9.555
35392,Hessen,Hessen,9.555
35394,Hessen,Hessen,9.555
35396,Hessen,Hessen,9.555
35398,Hessen,Hessen,9.555
35402,Hessen,Hessen,9.555
35410,Hessen,Hessen,9.555
35415,Hessen,Hessen,9.555
35418,Hessen,Hessen,9.555
35423,Hessen,Hessen,9.555
35428,Hessen,Hessen,9.555
35435,Hessen,Hessen,9.555
35440,Hessen,Hessen,9.555
35444,Hessen,Hessen,9.555
35447,Hessen,Hessen,9.555
35452,Hessen,Hessen,9.555
35457,Hessen,Hessen,9.555
35460,Hessen,Hessen,9.555
35463,Hessen,Hessen,9.555
35466,Hessen,Hessen,9.555
35469,Hessen,Hessen,9.555
35508,Bavaria,Bayern,8.855000000000004
35509,Hessen,Hessen,9.555
35510,Hessen,Hessen,9.555
35516,Hessen,Hessen,9.555
35519,Hessen,Hessen,9.555
35573,Hessen,Hessen,9.555
35574,Hessen,Hessen,9.555
35576,Hessen,Hessen,9.555
35578,Hessen,Hessen,9.555
35579,Hessen,Hessen,9.555
35580,Hessen,Hessen,9.555
35581,Hessen,Hessen,9.555
35582,Hessen,Hessen,9.555
35583,Hessen,Hessen,9.555
35584,Hessen,Hessen,9.555
35585,Hessen,Hessen,9.555
35586,Hessen,Hessen,9.555
35606,Hessen,Hessen,9.555
35614,Hessen,Hessen,9.555
35619,Hessen,Hessen,9.555
35625,Hessen,Hessen,9.555
35630,Hessen,Hessen,9.555
35633,Hessen,Hessen,9.555
35638,Hessen,Hessen,9.555
35641,Hessen,Hessen,9.555
35644,Hessen,Hessen,9.555
35647,Hessen,Hessen,9.555
35649,Hessen,Hessen,9.555
35683,Hessen,Hessen,9.555
35684,Hessen,Hessen,9.555
35685,Hessen,Hessen,9.555
35686,Hessen,Hessen,9.555
35687,Hessen,Hessen,9.555
35688,Hessen,Hessen,9.555
35689,Hessen,Hessen,9.555
35690,Hessen,Hessen,9.555
35708,Hessen,Hessen,9.555
35713,Hessen,Hessen,9.555
35716,Hessen,Hessen,9.555
35719,Hessen,Hessen,9.555
35745,Hessen,Hessen,9.555
35753,Hessen,Hessen,9.555
35756,Hessen,Hessen,9.555
35759,Hessen,Hessen,9.555
35764,Hessen,Hessen,9.555
35767,Hessen,Hessen,9.555
35768,Hessen,Hessen,9.555
35779,Hessen,Hessen,9.555
35781,Hessen,Hessen,9.555
35789,Hessen,Hessen,9.555
35792,Hessen,Hessen,9.555
35794,Hessen,Hessen,9.555
35796,Hessen,Hessen,9.555
35799,Hessen,Hessen,9.555
36028,Hessen,Hessen,9.555
36030,Hessen,Hessen,9.555
36035,Hessen,Hessen,9.555
36036,Hessen,Hessen,9.555
36037,Hessen,Hessen,9.555
36039,Hessen,Hessen,9.555
36041,Hessen,Hessen,9.555
36043,Hessen,Hessen,9.555
36047,Hessen,Hessen,9.555
36084,Hessen,Hessen,9.555
36085,Hessen,Hessen,9.555
36086,Hessen,Hessen,9.555
36088,Hessen,Hessen,9.555
36093,Hessen,Hessen,9.555
36100,Hessen,Hessen,9.555
36103,Hessen,Hessen,9.555
36110,Hessen,Hessen,9.555
36115,Hessen,Hessen,9.555
36119,Hessen,Hessen,9.555
36124,Hessen,Hessen,9.555
36129,Hessen,Hessen,9.555
36132,Hessen,Hessen,9.555
36137,Hessen,Hessen,9.555
36142,Hessen,Hessen,9.555
36145,Hessen,Hessen,9.555
36148,Hessen,Hessen,9.555
36151,Hessen,Hessen,9.555
36154,Hessen,Hessen,9.555
36157,Hessen,Hessen,9.555
36160,Hessen,Hessen,9.555
36163,Hessen,Hessen,9.555
36166,Hessen,Hessen,9.555
36167,Hessen,Hessen,9.555
36169,Hessen,Hessen,9.555
36179,Hessen,Hessen,9.555
36199,Hessen,Hessen,9.555
36205,Hessen,Hessen,9.555
36208,Hessen,Hessen,9.555
36211,Hessen,Hessen,9.555
36214,Hessen,Hessen,9.555
36217,Hessen,Hessen,9.555
36219,Hessen,Hessen,9.555
36242,Hessen,Hessen,9.555
36244,Hessen,Hessen,9.555
36246,Hessen,Hessen,9.555
36247,Hessen,Hessen,9.555
36248,Hessen,Hessen,9.555
36249,Hessen,Hessen,9.555
36251,Hessen,Hessen,9.555
36266,Hessen,Hessen,9.555
36269,Hessen,Hessen,9.555
36272,Hessen,Hessen,9.555
36275,Hessen,Hessen,9.555
36277,Hessen,Hessen,9.555
36280,Hessen,Hessen,9.555
36282,Hessen,Hessen,9.555
36284,Hessen,Hessen,9.555
36286,Hessen,Hessen,9.555
36287,Hessen,Hessen,9.555
36289,Hessen,Hessen,9.555
36304,Hessen,Hessen,9.555
36318,Hessen,Hessen,9.555
36320,Hessen,Hessen,9.555
36323,Hessen,Hessen,9.555
36325,Hessen,Hessen,9.555
36326,Hessen,Hessen,9.555
36329,Hessen,Hessen,9.555
36338,Hessen,Hessen,9.555
36339,Hessen,Hessen,9.555
36341,Hessen,Hessen,9.555
36355,Hessen,Hessen,9.555
36358,Hessen,Hessen,9.555
36364,Hessen,Hessen,9.555
36367,Hessen,Hessen,9.555
36369,Hessen,Hessen,9.555
36380,Hessen,Hessen,9.555
36381,Hessen,Hessen,9.555
36391,Hessen,Hessen,9.555
36396,Hessen,Hessen,9.555
36399,Hessen,Hessen,9.555
36404,Thüringen,Thueringen,9.075000000000001
36414,Thüringen,Thueringen,9.075000000000001
36419,Thüringen,Thueringen,9.075000000000001
36433,Thüringen,Thueringen,9.075000000000001
36448,Thüringen,Thueringen,9.075000000000001
36452,Thüringen,Thueringen,9.075000000000001
36456,Thüringen,Thueringen,9.075000000000001
36457,Thüringen,Thueringen,9.075000000000001
36460,Thüringen,Thueringen,9.075000000000001
36466,Thüringen,Thueringen,9.075000000000001
36469,Thüringen,Thueringen,9.075000000000001
37069,Lower Saxony,Niedersachsen,10.044999999999998
37070,Lower Saxony,Niedersachsen,10.044999999999998
37073,Niedersachsen,Niedersachsen,10.044999999999998
37075,Niedersachsen,Niedersachsen,10.044999999999998
37077,Niedersachsen,Niedersachsen,10.044999999999998
37079,Niedersachsen,Niedersachsen,10.044999999999998
37081,Niedersachsen,Niedersachsen,10.044999999999998
37083,Niedersachsen,Niedersachsen,10.044999999999998
37085,Niedersachsen,Niedersachsen,10.044999999999998
37096,Lower Saxony,Niedersachsen,10.044999999999998
37097,Lower Saxony,Niedersachsen,10.044999999999998
37099,Lower Saxony,Niedersachsen,10.044999999999998
37100,Lower Saxony,Niedersachsen,10.044999999999998
37115,Niedersachsen,Niedersachsen,10.044999999999998
37120,Niedersachsen,Niedersachsen,10.044999999999998
37124,Niedersachsen,Niedersachsen,10.044999999999998
37127,Niedersachsen,Niedersachsen,10.044999999999998
37130,Niedersachsen,Niedersachsen,10.044999999999998
37133,Niedersachsen,Niedersachsen,10.044999999999998
37136,Niedersachsen,Niedersachsen,10.044999999999998
37139,Niedersachsen,Niedersachsen,10.044999999999998
37154,Niedersachsen,Niedersachsen,10.044999999999998
37170,Niedersachsen,Niedersachsen,10.044999999999998
37176,Niedersachsen,Niedersachsen,10.044999999999998
37181,Niedersachsen,Niedersachsen,10.044999999999998
37186,Niedersachsen,Niedersachsen,10.044999999999998
37191,Niedersachsen,Niedersachsen,10.044999999999998
37194,Niedersachsen,Niedersachsen,10.044999999999998
37197,Niedersachsen,Niedersachsen,10.044999999999998
37199,Niedersachsen,Niedersachsen,10.044999999999998
37213,Hessen,Hessen,9.555
37214,Hessen,Hessen,9.555
37215,Hessen,Hessen,9.555
37216,Hessen,Hessen,9.555
37217,Hessen,Hessen,9.555
37218,Hessen,Hessen,9.555
37235,Hessen,Hessen,9.555
37242,Hessen,Hessen,9.555
37247,Hessen,Hessen,9.555
37249,Hessen,Hessen,9.555
37267,Hessen,Hessen,9.555
37269,Hessen,Hessen,9.555
37276,Hessen,Hessen,9.555
37281,Hessen,Hessen,9.555
37284,Hessen,Hessen,9.555
37287,Hessen,Hessen,9.555
37290,Hessen,Hessen,9.555
37293,Hessen,Hessen,9.555
37296,Hessen,Hessen,9.555
37297,Hessen,Hessen,9.555
37299,Hessen,Hessen,9.555
37308,Thüringen,Thueringen,9.075000000000001
37318,Thüringen,Thueringen,9.075000000000001
37327,Thüringen,Thueringen,9.075000000000001
37339,Thüringen,Thueringen,9.075000000000001
37345,Thüringen,Thueringen,9.075000000000001
37351,Thüringen,Thueringen,9.075000000000001
37355,Thüringen,Thueringen,9.075000000000001
37359,Thüringen,Thueringen,9.075000000000001
37412,Niedersachsen,Niedersachsen,10.044999999999998
37431,Niedersachsen,Niedersachsen,10.044999999999998
37434,Niedersachsen,Niedersachsen,10.044999999999998
37441,Niedersachsen,Niedersachsen,10.044999999999998
37444,Niedersachsen,Niedersachsen,10.044999999999998
37445,Niedersachsen,Niedersachsen,10.044999999999998
37447,Niedersachsen,Niedersachsen,10.044999999999998
37449,Niedersachsen,Niedersachsen,10.044999999999998
37520,Niedersachsen,Niedersachsen,10.044999999999998
37534,Niedersachsen,Niedersachsen,10.044999999999998
37539,Niedersachsen,Niedersachsen,10.044999999999998
37547,Niedersachsen,Niedersachsen,10.044999999999998
37568,Lower Saxony,Niedersachsen,10.044999999999998
37571,Lower Saxony,Niedersachsen,10.044999999999998
37572,Lower Saxony,Niedersachsen,10.044999999999998
37574,Niedersachsen,Niedersachsen,10.044999999999998
37581,Niedersachsen,Niedersachsen,10.044999999999998
37586,Niedersachsen,Niedersachsen,10.044999999999998
37589,Niedersachsen,Niedersachsen,10.044999999999998
37601,Lower Saxony,Niedersachsen,10.044999999999998
37603,Niedersachsen,Niedersachsen,10.044999999999998
37619,Niedersachsen,Niedersachsen,10.044999999999998
37620,Niedersachsen,Niedersachsen,10.044999999999998
37627,Niedersachsen,Niedersachsen,10.044999999999998
37632,Niedersachsen,Niedersachsen,10.044999999999998
37633,Niedersachsen,Niedersachsen,10.044999999999998
37635,Niedersachsen,Niedersachsen,10.044999999999998
37639,Niedersachsen,Niedersachsen,10.044999999999998
37640,Niedersachsen,Niedersachsen,10.044999999999998
37642,Niedersachsen,Niedersachsen,10.044999999999998
37643,Niedersachsen,Niedersachsen,10.044999999999998
37647,Niedersachsen,Niedersachsen,10.044999999999998
37649,Niedersachsen,Niedersachsen,10.044999999999998
37669,Nordrhein-Westfalen,Nordrhein-Westfalen,10.21
37671,Nordrhein-Westfalen,Nordrhein-Westfalen,10.21
37688,Nordrhein-Westfalen,Nordrhein-Westfalen,10.21
37691,Niedersachsen,Niedersachsen,10.044999999999998
37696,Nordrhein-Westfalen,Nordrhein-Westfalen,10.21
37697,Niedersachsen,Niedersachsen,10.044999999999998
37699,Niedersachsen,Niedersachsen,10.044999999999998
38023,Niedersachsen,Niedersachsen,10.044999999999998
38083,Lower Saxony,Niedersachsen,10.044999999999998
38084,Lower Saxony,Niedersachsen,10.044999999999998
38089,Lower Saxony,Niedersachsen,10.044999999999998
38090,Lower Saxony,Niedersachsen,10.044999999999998
38091,Lower Saxony,Niedersachsen,10.044999999999998
38092,Lower Saxony,Niedersachsen,10.044999999999998
38093,Lower Saxony,Niedersachsen,10.044999999999998
38094,Lower Saxony,Niedersachsen,10.044999999999998
38096,Lower Saxony,Niedersachsen,10.044999999999998
38097,Lower Saxony,Niedersachsen,10.044999999999998
38098,Lower Saxony,Niedersachsen,10.044999999999998
38100,Niedersachsen,Niedersachsen,10.044999999999998
38102,Niedersachsen,Niedersachsen,10.044999999999998
38104,Niedersachsen,Niedersachsen,10.044999999999998
38106,Niedersachsen,Niedersachsen,10.044999999999998
38108,Niedersachsen,Niedersachsen,10.044999999999998
38110,Niedersachsen,Niedersachsen,10.044999999999998
38112,Niedersachsen,Niedersachsen,10.044999999999998
38114,Niedersachsen,Niedersachsen,10.044999999999998
38116,Niedersachsen,Niedersachsen,10.044999999999998
38118,Niedersachsen,Niedersachsen,10.044999999999998
38120,Niedersachsen,Niedersachsen,10.044999999999998
38122,Niedersachsen,Niedersachsen,10.044999999999998
38124,Niedersachsen,Niedersachsen,10.044999999999998
38126,Niedersachsen,Niedersachsen,10.044999999999998
38140,Lower Saxony,Niedersachsen,10.044999999999998
38142,Lower Saxony,Niedersachsen,10.044999999999998
38143,Lower Saxony,Niedersachsen,10.044999999999998
38144,Lower Saxony,Niedersachsen,10.044999999999998
38154,Niedersachsen,Niedersachsen,10.044999999999998
38159,Niedersachsen,Niedersachsen,10.044999999999998
38162,Niedersachsen,Niedersachsen,10.044999999999998
38165,Niedersachsen,Niedersachsen,10.044999999999998
38170,Niedersachsen,Niedersachsen,10.044999999999998
38173,Niedersachsen,Niedersachsen,10.044999999999998
38176,Niedersachsen,Niedersachsen,10.044999999999998
38179,Niedersachsen,Niedersachsen,10.044999999999998
38223,Lower Saxony,Niedersachsen,10.044999999999998
38226,Niedersachsen,Niedersachsen,10.044999999999998
38228,Niedersachsen,Niedersachsen,10.044999999999998
38229,Niedersachsen,Niedersachsen,10.044999999999998
38236,Lower Saxony,Niedersachsen,10.044999999999998
38237,Lower Saxony,Niedersachsen,10.044999999999998
38239,Niedersachsen,Niedersachsen,10.044999999999998
38259,Niedersachsen,Niedersachsen,10.044999999999998
38268,Niedersachsen,Niedersachsen,10.044999999999998
38271,Niedersachsen,Niedersachsen,10.044999999999998
38272,Niedersachsen,Niedersachsen,10.044999999999998
38274,Niedersachsen,Niedersachsen,10.044999999999998
38275,Niedersachsen,Niedersachsen,10.044999999999998
38277,Niedersachsen,Niedersachsen,10.044999999999998
38279,Niedersachsen,Niedersachsen,10.044999999999998
38281,Niedersachsen,Niedersachsen,10.044999999999998
38296,Lower Saxony,Niedersachsen,10.044999999999998
38299,Lower Saxony,Niedersachsen,10.044999999999998
38300,Niedersachsen,Niedersachsen,10.044999999999998
38302,Niedersachsen,Niedersachsen,10.044999999999998
38304,Niedersachsen,Niedersachsen,10.044999999999998
38312,Niedersachsen,Niedersachsen,10.044999999999998
38315,Niedersachsen,Niedersachsen,10.044999999999998
38319,Niedersachsen,Niedersachsen,10.044999999999998
38321,Niedersachsen,Niedersachsen,10.044999999999998
38322,Niedersachsen,Niedersachsen,10.044999999999998
38324,Niedersachsen,Niedersachsen,10.044999999999998
38325,Niedersachsen,Niedersachsen,10.044999999999998
38327,Niedersachsen,Niedersachsen,10.044999999999998
38329,Niedersachsen,Niedersachsen,10.044999999999998
38346,Lower Saxony,Niedersachsen,10.044999999999998
38350,Niedersachsen,Niedersachsen,10.044999999999998
38364,Niedersachsen,Niedersachsen,10.044999999999998
38367,Lower Saxony,Niedersachsen,10.044999999999998
38368,Niedersachsen,Niedersachsen,10.044999999999998
38372,Niedersachsen,Niedersachsen,10.044999999999998
38373,Niedersachsen,Niedersachsen,10.044999999999998
38375,Niedersachsen,Niedersachsen,10.044999999999998
38376,Niedersachsen,Niedersachsen,10.044999999999998
38378,Niedersachsen,Niedersachsen,10.044999999999998
38379,Niedersachsen,Niedersachsen,10.044999999999998
38381,Niedersachsen,Niedersachsen,10.044999999999998
38382,Niedersachsen,Niedersachsen,10.044999999999998
38384,Niedersachsen,Niedersachsen,10.044999999999998
38385,Niedersachsen,Niedersachsen,10.044999999999998
38387,Niedersachsen,Niedersachsen,10.044999999999998
38388,Niedersachsen,Niedersachsen,10.044999999999998
38432,Lower Saxony,Niedersachsen,10.044999999999998
38433,Lower Saxony,Niedersachsen,10.044999999999998
38435,Lower Saxony,Niedersachsen,10.044999999999998
38436,Lower Saxony,Niedersachsen,10.044999999999998
38438,Lower Saxony,Niedersachsen,10.044999999999998
38439,Lower Saxony,Niedersachsen,10.044999999999998
38440,Niedersachsen,Niedersachsen,10.044999999999998
38442,Niedersachsen,Niedersachsen,10.044999999999998
38444,Niedersachsen,Niedersachsen,10.044999999999998
38446,Niedersachsen,Niedersachsen,10.044999999999998
38448,Niedersachsen,Niedersachsen,10.044999999999998
38458,Niedersachsen,Niedersachsen,10.044999999999998
38459,Niedersachsen,Niedersachsen,10.044999999999998
38461,Niedersachsen,Niedersachsen,10.044999999999998
38462,Niedersachsen,Niedersachsen,10.044999999999998
38464,Niedersachsen,Niedersachsen,10.044999999999998
38465,Niedersachsen,Niedersachsen,10.044999999999998
38467,Niedersachsen,Niedersachsen,10.044999999999998
38468,Niedersachsen,Niedersachsen,10.044999999999998
38470,Niedersachsen,Niedersachsen,10.044999999999998
38471,Niedersachsen,Niedersachsen,10.044999999999998
38473,Niedersachsen,Niedersachsen,10.044999999999998
38474,Niedersachsen,Niedersachsen,10.044999999999998
38476,Niedersachsen,Niedersachsen,10.044999999999998
38477,Niedersachsen,Niedersachsen,10.044999999999998
38479,Niedersachsen,Niedersachsen,10.044999999999998
38486,Sachsen-Anhalt,Sachsen-Anhalt,10.174999999999997
38489,Sachsen-Anhalt,Sachsen-Anhalt,10.174999999999997
38516,Lower Saxony,Niedersachsen,10.044999999999998
38518,Niedersachsen,Niedersachsen,10.044999999999998
38524,Niedersachsen,Niedersachsen,10.044999999999998
38526,Lower Saxony,Niedersachsen,10.044999999999998
38527,Niedersachsen,Niedersachsen,10.044999999999998
38528,Niedersachsen,Niedersachsen,10.044999999999998
38530,Niedersachsen,Niedersachsen,10.044999999999998
38531,Niedersachsen,Niedersachsen,10.044999999999998
38533,Niedersachsen,Niedersachsen,10.044999999999998
38536,Niedersachsen,Niedersachsen,10.044999999999998
38539,Niedersachsen,Niedersachsen,10.044999999999998
38542,Niedersachsen,Niedersachsen,10.044999999999998
38543,Niedersachsen,Niedersachsen,10.044999999999998
38547,Niedersachsen,Niedersachsen,10.044999999999998
38550,Niedersachsen,Niedersachsen,10.044999999999998
38551,Niedersachsen,Niedersachsen,10.044999999999998
38553,Niedersachsen,Niedersachsen,10.044999999999998
38554,Niedersachsen,Niedersachsen,10.044999999999998
38556,Niedersachsen,Niedersachsen,10.044999999999998
38557,Niedersachsen,Niedersachsen,10.044999999999998
38559,Niedersachsen,Niedersachsen,10.044999999999998
38640,Niedersachsen,Niedersachsen,10.044999999999998
38642,Niedersachsen,Niedersachsen,10.044999999999998
38644,Niedersachsen,Niedersachsen,10.044999999999998
38667,Niedersachsen,Niedersachsen,10.044999999999998
38678,Niedersachsen,Niedersachsen,10.044999999999998
38685,Niedersachsen,Niedersachsen,10.044999999999998
38690,Niedersachsen,Niedersachsen,10.044999999999998
38700,Niedersachsen,Niedersachsen,10.044999999999998
38704,Niedersachsen,Niedersachsen,10.044999999999998
38707,Niedersachsen,Niedersachsen,10.044999999999998
38709,Niedersachsen,Niedersachsen,10.044999999999998
38717,Lower Saxony,Niedersachsen,10.044999999999998
38723,Niedersachsen,Niedersachsen,10.044999999999998
38729,Niedersachsen,Niedersachsen,10.044999999999998
38817,Saxony-Anhalt,Sachsen-Anhalt,10.174999999999997
38820,Sachsen-Anhalt,Sachsen-Anhalt,10.174999999999997
38822,Sachsen-Anhalt,Sachsen-Anhalt,10.174999999999997
38828,Sachsen-Anhalt,Sachsen-Anhalt,10.174999999999997
38829,Sachsen-Anhalt,Sachsen-Anhalt,10.174999999999997
38832,Saxony-Anhalt,Sachsen-Anhalt,10.174999999999997
38835,Sachsen-Anhalt,Sachsen-Anhalt,10.174999999999997
38836,Sachsen-Anhalt,Sachsen-Anhalt,10.174999999999997
38838,Sachsen-Anhalt,Sachsen-Anhalt,10.174999999999997
38845,Saxony-Anhalt,Sachsen-Anhalt,10.174999999999997
38855,Sachsen-Anhalt,Sachsen-Anhalt,10.174999999999997
38871,Sachsen-Anhalt,Sachsen-Anhalt,10.174999999999997
38875,Sachsen-Anhalt,Sachsen-Anhalt,10.174999999999997
38877,Sachsen-Anhalt,Sachsen-Anhalt,10.174999999999997
38879,Sachsen-Anhalt,Sachsen-Anhalt,10.174999999999997
38889,Sachsen-Anhalt,Sachsen-Anhalt,10.174999999999997
38895,Sachsen-Anhalt,Sachsen-Anhalt,10.174999999999997
38899,Sachsen-Anhalt,Sachsen-Anhalt,10.174999999999997
38999,Lower Saxony,Niedersachsen,10.044999999999998
39014,Sachsen-Anhalt,Sachsen-Anhalt,10.174999999999997
39081,Saxony-Anhalt,Sachsen-Anhalt,10.174999999999997
39082,Saxony-Anhalt,Sachsen-Anhalt,10.174999999999997
39083,Saxony-Anhalt,Sachsen-Anhalt,10.174999999999997
39084,Saxony-Anhalt,Sachsen-Anhalt,10.174999999999997
39085,Saxony-Anhalt,Sachsen-Anhalt,10.174999999999997
39087,Saxony-Anhalt,Sachsen-Anhalt,10.174999999999997
39088,Saxony-Anhalt,Sachsen-Anhalt,10.174999999999997
39091,Saxony-Anhalt,Sachsen-Anhalt,10.174999999999997
39092,Saxony-Anhalt,Sachsen-Anhalt,10.174999999999997
39093,Saxony-Anhalt,Sachsen-Anhalt,10.174999999999997
39094,Saxony-Anhalt,Sachsen-Anhalt,10.174999999999997
39097,Saxony-Anhalt,Sachsen-Anhalt,10.174999999999997
39098,Saxony-Anhalt,Sachsen-Anhalt,10.174999999999997
39099,Saxony-Anhalt,Sachsen-Anhalt,10.174999999999997
39104,Sachsen-Anhalt,Sachsen-Anhalt,10.174999999999997
39106,Sachsen-Anhalt,Sachsen-Anhalt,10.174999999999997
39108,Sachsen-Anhalt,Sachsen-Anhalt,10.174999999999997
39110,Sachsen-Anhalt,Sachsen-Anhalt,10.174999999999997
39112,Sachsen-Anhalt,Sachsen-Anhalt,10.174999999999997
39114,Sachsen-Anhalt,Sachsen-Anhalt,10.174999999999997
39116,Sachsen-Anhalt,Sachsen-Anhalt,10.174999999999997
39118,Sachsen-Anhalt,Sachsen-Anhalt,10.174999999999997
39120,Sachsen-Anhalt,Sachsen-Anhalt,10.174999999999997
39122,Sachsen-Anhalt,Sachsen-Anhalt,10.174999999999997
39124,Sachsen-Anhalt,Sachsen-Anhalt,10.174999999999997
39126,Sachsen-Anhalt,Sachsen-Anhalt,10.174999999999997
39128,Sachsen-Anhalt,Sachsen-Anhalt,10.174999999999997
39130,Sachsen-Anhalt,Sachsen-Anhalt,10.174999999999997
39148,Saxony-Anhalt,Sachsen-Anhalt,10.174999999999997
39149,Saxony-Anhalt,Sachsen-Anhalt,10.174999999999997
39157,Saxony-Anhalt,Sachsen-Anhalt,10.174999999999997
39164,Sachsen-Anhalt,Sachsen-Anhalt,10.174999999999997
39167,Sachsen-Anhalt,Sachsen-Anhalt,10.174999999999997
39171,Sachsen-Anhalt,Sachsen-Anhalt,10.174999999999997
39175,Sachsen-Anhalt,Sachsen-Anhalt,10.174999999999997
39178,Saxony-Anhalt,Sachsen-Anhalt,10.174999999999997
39179,Sachsen-Anhalt,Sachsen-Anhalt,10.174999999999997
39217,Sachsen-Anhalt,Sachsen-Anhalt,10.174999999999997
39218,Sachsen-Anhalt,Sachsen-Anhalt,10.174999999999997
39221,Sachsen-Anhalt,Sachsen-Anhalt,10.174999999999997
39240,Sachsen-Anhalt,Sachsen-Anhalt,10.174999999999997
39245,Sachsen-Anhalt,Sachsen-Anhalt,10.174999999999997
39249,Sachsen-Anhalt,Sachsen-Anhalt,10.174999999999997
39258,Saxony-Anhalt,Sachsen-Anhalt,10.174999999999997
39261,Sachsen-Anhalt,Sachsen-Anhalt,10.174999999999997
39264,Sachsen-Anhalt,Sachsen-Anhalt,10.174999999999997
39279,Sachsen-Anhalt,Sachsen-Anhalt,10.174999999999997
39288,Sachsen-Anhalt,Sachsen-Anhalt,10.174999999999997
39291,Sachsen-Anhalt,Sachsen-Anhalt,10.174999999999997
39307,Sachsen-Anhalt,Sachsen-Anhalt,10.174999999999997
39317,Sachsen-Anhalt,Sachsen-Anhalt,10.174999999999997
39319,Sachsen-Anhalt,Sachsen-Anhalt,10.174999999999997
39326,Sachsen-Anhalt,Sachsen-Anhalt,10.174999999999997
39340,Sachsen-Anhalt,Sachsen-Anhalt,10.174999999999997
39343,Sachsen-Anhalt,Sachsen-Anhalt,10.174999999999997
39345,Sachsen-Anhalt,Sachsen-Anhalt,10.174999999999997
39356,Sachsen-Anhalt,Sachsen-Anhalt,10.174999999999997
39359,Sachsen-Anhalt,Sachsen-Anhalt,10.174999999999997
39365,Sachsen-Anhalt,Sachsen-Anhalt,10.174999999999997
39387,Sachsen-Anhalt,Sachsen-Anhalt,10.174999999999997
39393,Sachsen-Anhalt,Sachsen-Anhalt,10.174999999999997
39397,Sachsen-Anhalt,Sachsen-Anhalt,10.174999999999997
39398,Sachsen-Anhalt,Sachsen-Anhalt,10.174999999999997
39400,Saxony-Anhalt,Sachsen-Anhalt,10.174999999999997
39418,Sachsen-Anhalt,Sachsen-Anhalt,10.174999999999997
39434,Sachsen-Anhalt,Sachsen-Anhalt,10.174999999999997
39435,Sachsen-Anhalt,Sachsen-Anhalt,10.174999999999997
39439,Sachsen-Anhalt,Sachsen-Anhalt,10.174999999999997
39443,Sachsen-Anhalt,Sachsen-Anhalt,10.174999999999997
39444,Sachsen-Anhalt,Sachsen-Anhalt,10.174999999999997
39446,Sachsen-Anhalt,Sachsen-Anhalt,10.174999999999997
39448,Sachsen-Anhalt,Sachsen-Anhalt,10.174999999999997
39517,Sachsen-Anhalt,Sachsen-Anhalt,10.174999999999997
39524,Sachsen-Anhalt,Sachsen-Anhalt,10.174999999999997
39539,Sachsen-Anhalt,Sachsen-Anhalt,10.174999999999997
39576,Sachsen-Anhalt,Sachsen-Anhalt,10.174999999999997
39579,Sachsen-Anhalt,Sachsen-Anhalt,10.174999999999997
39590,Sachsen-Anhalt,Sachsen-Anhalt,10.174999999999997
39596,Sachsen-Anhalt,Sachsen-Anhalt,10.174999999999997
39599,Sachsen-Anhalt,Sachsen-Anhalt,10.174999999999997
39606,Sachsen-Anhalt,Sachsen-Anhalt,10.174999999999997
39615,Sachsen-Anhalt,Sachsen-Anhalt,10.174999999999997
39619,Sachsen-Anhalt,Sachsen-Anhalt,10.174999999999997
39624,Sachsen-Anhalt,Sachsen-Anhalt,10.174999999999997
39629,Sachsen-Anhalt,Sachsen-Anhalt,10.174999999999997
39638,Sachsen-Anhalt,Sachsen-Anhalt,10.174999999999997
39646,Sachsen-Anhalt,Sachsen-Anhalt,10.174999999999997
39649,Sachsen-Anhalt,Sachsen-Anhalt,10.174999999999997
40180,Nordrhein-Westfalen,Nordrhein-Westfalen,10.21
40181,Nordrhein-Westfalen,Nordrhein-Westfalen,10.21
40182,Nordrhein-Westfalen,Nordrhein-Westfalen,10.21
40186,Nordrhein-Westfalen,Nordrhein-Westfalen,10.21
40187,Nordrhein-Westfalen,Nordrhein-Westfalen,10.21
40188,Nordrhein-Westfalen,Nordrhein-Westfalen,10.21
40189,Nordrhein-Westfalen,Nordrhein-Westfalen,10.21
40190,Nordrhein-Westfalen,Nordrhein-Westfalen,10.21
40191,Nordrhein-Westfalen,Nordrhein-Westfalen,10.21
40192,Nordrhein-Westfalen,Nordrhein-Westfalen,10.21
40193,Nordrhein-Westfalen,Nordrhein-Westfalen,10.21
40194,Nordrhein-Westfalen,Nordrhein-Westfalen,10.21
40195,Nordrhein-Westfalen,Nordrhein-Westfalen,10.21
40196,Nordrhein-Westfalen,Nordrhein-Westfalen,10.21
40198,Nordrhein-Westfalen,Nordrhein-Westfalen,10.21
40199,Nordrhein-Westfalen,Nordrhein-Westfalen,10.21
40202,Nordrhein-Westfalen,Nordrhein-Westfalen,10.21
40204,Nordrhein-Westfalen,Nordrhein-Westfalen,10.21
40210,Nordrhein-Westfalen,Nordrhein-Westfalen,10.21
40211,Nordrhein-Westfalen,Nordrhein-Westfalen,10.21
40212,Nordrhein-Westfalen,Nordrhein-Westfalen,10.21
40213,Nordrhein-Westfalen,Nordrhein-Westfalen,10.21
40215,Nordrhein-Westfalen,Nordrhein-Westfalen,10.21
40217,Nordrhein-Westfalen,Nordrhein-Westfalen,10.21
40219,Nordrhein-Westfalen,Nordrhein-Westfalen,10.21
40221,Nordrhein-Westfalen,Nordrhein-Westfalen,10.21
40223,Nordrhein-Westfalen,Nordrhein-Westfalen,10.21
40225,Nordrhein-Westfalen,Nordrhein-Westfalen,10.21
40227,Nordrhein-Westfalen,Nordrhein-Westfalen,10.21
40229,Nordrhein-Westfalen,Nordrhein-Westfalen,10.21
40231,Nordrhein-Westfalen,Nordrhein-Westfalen,10.21
40233,Nordrhein-Westfalen,Nordrhein-Westfalen,10.21
40235,Nordrhein-Westfalen,Nordrhein-Westfalen,10.21
40237,Nordrhein-Westfalen,Nordrhein-Westfalen,10.21
40239,Nordrhein-Westfalen,Nordrhein-Westfalen,10.21
40250,Nordrhein-Westfalen,Nordrhein-Westfalen,10.21
40251,Nordrhein-Westfalen,Nordrhein-Westfalen,10.21
40252,Nordrhein-Westfalen,Nordrhein-Westfalen,10.21
40260,Nordrhein-Westfalen,Nordrhein-Westfalen,10.21
40300,Nordrhein-Westfalen,Nordrhein-Westfalen,10.21
40302,Nordrhein-Westfalen,Nordrhein-Westfalen,10.21
40340,Nordrhein-Westfalen,Nordrhein-Westfalen,10.21
40463,Nordrhein-Westfalen,Nordrhein-Westfalen,10.21
40464,Nordrhein-Westfalen,Nordrhein-Westfalen,10.21
40466,Nordrhein-Westfalen,Nordrhein-Westfalen,10.21
40467,Nordrhein-Westfalen,Nordrhein-Westfalen,10.21
40468,Nordrhein-Westfalen,Nordrhein-Westfalen,10.21
40470,Nordrhein-Westfalen,Nordrhein-Westfalen,10.21
40472,Nordrhein-Westfalen,Nordrhein-Westfalen,10.21
40474,Nordrhein-Westfalen,Nordrhein-Westfalen,10.21
40476,Nordrhein-Westfalen,Nordrhein-Westfalen,10.21
40477,Nordrhein-Westfalen,Nordrhein-Westfalen,10.21
40479,Nordrhein-Westfalen,Nordrhein-Westfalen,10.21
40489,Nordrhein-Westfalen,Nordrhein-Westfalen,10.21
40541,Nordrhein-Westfalen,Nordrhein-Westfalen,10.21
40542,Nordrhein-Westfalen,Nordrhein-Westfalen,10.21
40543,Nordrhein-Westfalen,Nordrhein-Westfalen,10.21
40545,Nordrhein-Westfalen,Nordrhein-Westfalen,10.21
40547,Nordrhein-Westfalen,Nordrhein-Westfalen,10.21
40549,Nordrhein-Westfalen,Nordrhein-Westfalen,10.21
40589,Nordrhein-Westfalen,Nordrhein-Westfalen,10.21
40591,Nordrhein-Westfalen,Nordrhein-Westfalen,10.21
40593,Nordrhein-Westfalen,Nordrhein-Westfalen,10.21
40595,Nordrhein-Westfalen,Nordrhein-Westfalen,10.21
40597,Nordrhein-Westfalen,Nordrhein-Westfalen,10.21
40599,Nordrhein-Westfalen,Nordrhein-Westfalen,10.21
40625,Nordrhein-Westfalen,Nordrhein-Westfalen,10.21
40627,Nordrhein-Westfalen,Nordrhein-Westfalen,10.21
40629,Nordrhein-Westfalen,Nordrhein-Westfalen,10.21
40667,Nordrhein-Westfalen,Nordrhein-Westfalen,10.21
40668,Nordrhein-Westfalen,Nordrhein-Westfalen,10.21
40670,Nordrhein-Westfalen,Nordrhein-Westfalen,10.21
40699,Nordrhein-Westfalen,Nordrhein-Westfalen,10.21
40718,Nordrhein-Westfalen,Nordrhein-Westfalen,10.21
40721,Nordrhein-Westfalen,Nordrhein-Westfalen,10.21
40723,Nordrhein-Westfalen,Nordrhein-Westfalen,10.21
40724,Nordrhein-Westfalen,Nordrhein-Westfalen,10.21
40764,Nordrhein-Westfalen,Nordrhein-Westfalen,10.21
40786,Nordrhein-Westfalen,Nordrhein-Westfalen,10.21
40789,Nordrhein-Westfalen,Nordrhein-Westfalen,10.21
40815,Nordrhein-Westfalen,Nordrhein-Westfalen,10.21
40816,Nordrhein-Westfalen,Nordrhein-Westfalen,10.21
40822,Nordrhein-Westfalen,Nordrhein-Westfalen,10.21
40832,Nordrhein-Westfalen,Nordrhein-Westfalen,10.21
40842,Nordrhein-Westfalen,Nordrhein-Westfalen,10.21
40878,Nordrhein-Westfalen,Nordrhein-Westfalen,10.21
40880,Nordrhein-Westfalen,Nordrhein-Westfalen,10.21
40882,Nordrhein-Westfalen,Nordrhein-Westfalen,10.21
40883,Nordrhein-Westfalen,Nordrhein-Westfalen,10.21
40885,Nordrhein-Westfalen,Nordrhein-Westfalen,10.21
41050,Nordrhein-Westfalen,Nordrhein-Westfalen,10.21
41052,Nordrhein-Westfalen,Nordrhein-Westfalen,10.21
41054,Nordrhein-Westfalen,Nordrhein-Westfalen,10.21
41061,Nordrhein-Westfalen,Nordrhein-Westfalen,10.21
41063,Nordrhein-Westfalen,Nordrhein-Westfalen,10.21
41065,Nordrhein-Westfalen,Nordrhein-Westfalen,10.21
41066,Nordrhein-Westfalen,Nordrhein-Westfalen,10.21
41068,Nordrhein-Westfalen,Nordrhein-Westfalen,10.21
41069,Nordrhein-Westfalen,Nordrhein-Westfalen,10.21
41169,Nordrhein-Westfalen,Nordrhein-Westfalen,10.21
41179,Nordrhein-Westfalen,Nordrhein-Westfalen,10.21
41189,Nordrhein-Westfalen,Nordrhein-Westfalen,10.21
41199,Nordrhein-Westfalen,Nordrhein-Westfalen,10.21
41200,Nordrhein-Westfalen,Nordrhein-Westfalen,10.21
41236,Nordrhein-Westfalen,Nordrhein-Westfalen,10.21
41238,Nordrhein-Westfalen,Nordrhein-Westfalen,10.21
41239,Nordrhein-Westfalen,Nordrhein-Westfalen,10.21
41260,Nordrhein-Westfalen,Nordrhein-Westfalen,10.21
41261,Nordrhein-Westfalen,Nordrhein-Westfalen,10.21
41334,Nordrhein-Westfalen,Nordrhein-Westfalen,10.21
41352,Nordrhein-Westfalen,Nordrhein-Westfalen,10.21
41363,Nordrhein-Westfalen,Nordrhein-Westfalen,10.21
41366,Nordrhein-Westfalen,Nordrhein-Westfalen,10.21
41372,Nordrhein-Westfalen,Nordrhein-Westfalen,10.21
41379,Nordrhein-Westfalen,Nordrhein-Westfalen,10.21
41424,Nordrhein-Westfalen,Nordrhein-Westfalen,10.21
41452,Nordrhein-Westfalen,Nordrhein-Westfalen,10.21
41453,Nordrhein-Westfalen,Nordrhein-Westfalen,10.21
41455,Nordrhein-Westfalen,Nordrhein-Westfalen,10.21
41456,Nordrhein-Westfalen,Nordrhein-Westfalen,10.21
41457,Nordrhein-Westfalen,Nordrhein-Westfalen,10.21
41460,Nordrhein-Westfalen,Nordrhein-Westfalen,10.21
41462,Nordrhein-Westfalen,Nordrhein-Westfalen,10.21
41464,Nordrhein-Westfalen,Nordrhein-Westfalen,10.21
41466,Nordrhein-Westfalen,Nordrhein-Westfalen,10.21
41468,Nordrhein-Westfalen,Nordrhein-Westfalen,10.21
41469,Nordrhein-Westfalen,Nordrhein-Westfalen,10.21
41470,Nordrhein-Westfalen,Nordrhein-Westfalen,10.21
41472,Nordrhein-Westfalen,Nordrhein-Westfalen,10.21
41513,Nordrhein-Westfalen,Nordrhein-Westfalen,10.21
41515,Nordrhein-Westfalen,Nordrhein-Westfalen,10.21
41516,Nordrhein-Westfalen,Nordrhein-Westfalen,10.21
41517,Nordrhein-Westfalen,Nordrhein-Westfalen,10.21
41538,Nordrhein-Westfalen,Nordrhein-Westfalen,10.21
41539,Nordrhein-Westfalen,Nordrhein-Westfalen,10.21
41540,Nordrhein-Westfalen,Nordrhein-Westfalen,10.21
41541,Nordrhein-Westfalen,Nordrhein-Westfalen,10.21
41542,Nordrhein-Westfalen,Nordrhein-Westfalen,10.21
41561,Nordrhein-Westfalen,Nordrhein-Westfalen,10.21
41564,Nordrhein-Westfalen,Nordrhein-Westfalen,10.21
41569,Nordrhein-Westfalen,Nordrhein-Westfalen,10.21
41747,Nordrhein-Westfalen,Nordrhein-Westfalen,10.21
41748,Nordrhein-Westfalen,Nordrhein-Westfalen,10.21
41749,Nordrhein-Westfalen,Nordrhein-Westfalen,10.21
41751,Nordrhein-Westfalen,Nordrhein-Westfalen,10.21
41812,Nordrhein-Westfalen,Nordrhein-Westfalen,10.21
41833,Nordrhein-Westfalen,Nordrhein-Westfalen,10.21
41836,Nordrhein-Westfalen,Nordrhein-Westfalen,10.21
41844,Nordrhein-Westfalen,Nordrhein-Westfalen,10.21
41849,Nordrhein-Westfalen,Nordrhein-Westfalen,10.21
42093,Nordrhein-Westfalen,Nordrhein-Westfalen,10.21
42094,Nordrhein-Westfalen,Nordrhein-Westfalen,10.21
42095,Nordrhein-Westfalen,Nordrhein-Westfalen,10.21
42096,Nordrhein-Westfalen,Nordrhein-Westfalen,10.21
42097,Nordrhein-Westfalen,Nordrhein-Westfalen,10.21
42098,Nordrhein-Westfalen,Nordrhein-Westfalen,10.21
42099,Nordrhein-Westfalen,Nordrhein-Westfalen,10.21
42101,Nordrhein-Westfalen,Nordrhein-Westfalen,10.21
42103,Nordrhein-Westfalen,Nordrhein-Westfalen,10.21
42105,Nordrhein-Westfalen,Nordrhein-Westfalen,10.21
42107,Nordrhein-Westfalen,Nordrhein-Westfalen,10.21
42109,Nordrhein-Westfalen,Nordrhein-Westfalen,10.21
42111,Nordrhein-Westfalen,Nordrhein-Westfalen,10.21
42113,Nordrhein-Westfalen,Nordrhein-Westfalen,10.21
42115,Nordrhein-Westfalen,Nordrhein-Westfalen,10.21
42117,Nordrhein-Westfalen,Nordrhein-Westfalen,10.21
42119,Nordrhein-Westfalen,Nordrhein-Westfalen,10.21
42266,Nordrhein-Westfalen,Nordrhein-Westfalen,10.21
42268,Nordrhein-Westfalen,Nordrhein-Westfalen,10.21
42269,Nordrhein-Westfalen,Nordrhein-Westfalen,10.21
42270,Nordrhein-Westfalen,Nordrhein-Westfalen,10.21
42271,Nordrhein-Westfalen,Nordrhein-Westfalen,10.21
42272,Nordrhein-Westfalen,Nordrhein-Westfalen,10.21
42273,Nordrhein-Westfalen,Nordrhein-Westfalen,10.21
42275,Nordrhein-Westfalen,Nordrhein-Westfalen,10.21
42277,Nordrhein-Westfalen,Nordrhein-Westfalen,10.21
42279,Nordrhein-Westfalen,Nordrhein-Westfalen,10.21
42281,Nordrhein-Westfalen,Nordrhein-Westfalen,10.21
42283,Nordrhein-Westfalen,Nordrhein-Westfalen,10.21
42285,Nordrhein-Westfalen,Nordrhein-Westfalen,10.21
42287,Nordrhein-Westfalen,Nordrhein-Westfalen,10.21
42289,Nordrhein-Westfalen,Nordrhein-Westfalen,10.21
42300,Nordrhein-Westfalen,Nordrhein-Westfalen,10.21
42327,Nordrhein-Westfalen,Nordrhein-Westfalen,10.21
42329,Nordrhein-Westfalen,Nordrhein-Westfalen,10.21
42337,Nordrhein-Westfalen,Nordrhein-Westfalen,10.21
42347,Nordrhein-Westfalen,Nordrhein-Westfalen,10.21
42349,Nordrhein-Westfalen,Nordrhein-Westfalen,10.21
42369,Nordrhein-Westfalen,Nordrhein-Westfalen,10.21
42387,Nordrhein-Westfalen,Nordrhein-Westfalen,10.21
42389,Nordrhein-Westfalen,Nordrhein-Westfalen,10.21
42399,Nordrhein-Westfalen,Nordrhein-Westfalen,10.21
42409,Nordrhein-Westfalen,Nordrhein-Westfalen,10.21
42477,Nordrhein-Westfalen,Nordrhein-Westfalen,10.21
42489,Nordrhein-Westfalen,Nordrhein-Westfalen,10.21
42499,Nordrhein-Westfalen,Nordrhein-Westfalen,10.21
42547,Nordrhein-Westfalen,Nordrhein-Westfalen,10.21
42549,Nordrhein-Westfalen,Nordrhein-Westfalen,10.21
42551,Nordrhein-Westfalen,Nordrhein-Westfalen,10.21
42553,Nordrhein-Westfalen,Nordrhein-Westfalen,10.21
42555,Nordrhein-Westfalen,Nordrhein-Westfalen,10.21
42577,Nordrhein-Westfalen,Nordrhein-Westfalen,10.21
42579,Nordrhein-Westfalen,Nordrhein-Westfalen,10.21
42645,Nordrhein-Westfalen,Nordrhein-Westfalen,10.21
42648,Nordrhein-Westfalen,Nordrhein-Westfalen,10.21
42649,Nordrhein-Westfalen,Nordrhein-Westfalen,10.21
42651,Nordrhein-Westfalen,Nordrhein-Westfalen,10.21
42653,Nordrhein-Westfalen,Nordrhein-Westfalen,10.21
42655,Nordrhein-Westfalen,Nordrhein-Westfalen,10.21
42657,Nordrhein-Westfalen,Nordrhein-Westfalen,10.21
42659,Nordrhein-Westfalen,Nordrhein-Westfalen,10.21
42697,Nordrhein-Westfalen,Nordrhein-Westfalen,10.21
42699,Nordrhein-Westfalen,Nordrhein-Westfalen,10.21
42715,Nordrhein-Westfalen,Nordrhein-Westfalen,10.21
42717,Nordrhein-Westfalen,Nordrhein-Westfalen,10.21
42719,Nordrhein-Westfalen,Nordrhein-Westfalen,10.21
42781,Nordrhein-Westfalen,Nordrhein-Westfalen,10.21
42799,Nordrhein-Westfalen,Nordrhein-Westfalen,10.21
42849,Nordrhein-Westfalen,Nordrhein-Westfalen,10.21
42850,Nordrhein-Westfalen,Nordrhein-Westfalen,10.21
42853,Nordrhein-Westfalen,Nordrhein-Westfalen,10.21
42855,Nordrhein-Westfalen,Nordrhein-Westfalen,10.21
42857,Nordrhein-Westfalen,Nordrhein-Westfalen,10.21
42859,Nordrhein-Westfalen,Nordrhein-Westfalen,10.21
42895,Bavaria,Bayern,8.855000000000004
42897,Nordrhein-Westfalen,Nordrhein-Westfalen,10.21
42899,Nordrhein-Westfalen,Nordrhein-Westfalen,10.21
42926,Nordrhein-Westfalen,Nordrhein-Westfalen,10.21
42929,Nordrhein-Westfalen,Nordrhein-Westfalen,10.21
44111,Nordrhein-Westfalen,Nordrhein-Westfalen,10.21
44112,Nordrhein-Westfalen,Nordrhein-Westfalen,10.21
44113,Nordrhein-Westfalen,Nordrhein-Westfalen,10.21
44115,Nordrhein-Westfalen,Nordrhein-Westfalen,10.21
44116,Nordrhein-Westfalen,Nordrhein-Westfalen,10.21
44117,Nordrhein-Westfalen,Nordrhein-Westfalen,10.21
44118,Nordrhein-Westfalen,Nordrhein-Westfalen,10.21
44119,Nordrhein-Westfalen,Nordrhein-Westfalen,10.21
44120,Nordrhein-Westfalen,Nordrhein-Westfalen,10.21
44121,Nordrhein-Westfalen,Nordrhein-Westfalen,10.21
44122,Nordrhein-Westfalen,Nordrhein-Westfalen,10.21
44123,Nordrhein-Westfalen,Nordrhein-Westfalen,10.21
44124,Nordrhein-Westfalen,Nordrhein-Westfalen,10.21
44125,Nordrhein-Westfalen,Nordrhein-Westfalen,10.21
44126,Nordrhein-Westfalen,Nordrhein-Westfalen,10.21
44127,Nordrhein-Westfalen,Nordrhein-Westfalen,10.21
44128,Nordrhein-Westfalen,Nordrhein-Westfalen,10.21
44129,Nordrhein-Westfalen,Nordrhein-Westfalen,10.21
44130,Nordrhein-Westfalen,Nordrhein-Westfalen,10.21
44131,Nordrhein-Westfalen,Nordrhein-Westfalen,10.21
44133,Nordrhein-Westfalen,Nordrhein-Westfalen,10.21
44135,Nordrhein-Westfalen,Nordrhein-Westfalen,10.21
44137,Nordrhein-Westfalen,Nordrhein-Westfalen,10.21
44139,Nordrhein-Westfalen,Nordrhein-Westfalen,10.21
44141,Nordrhein-Westfalen,Nordrhein-Westfalen,10.21
44143,Nordrhein-Westfalen,Nordrhein-Westfalen,10.21
44145,Nordrhein-Westfalen,Nordrhein-Westfalen,10.21
44147,Nordrhein-Westfalen,Nordrhein-Westfalen,10.21
44149,Nordrhein-Westfalen,Nordrhein-Westfalen,10.21
44221,Nordrhein-Westfalen,Nordrhein-Westfalen,10.21
44222,Nordrhein-Westfalen,Nordrhein-Westfalen,10.21
44225,Nordrhein-Westfalen,Nordrhein-Westfalen,10.21
44227,Nordrhein-Westfalen,Nordrhein-Westfalen,10.21
44229,Nordrhein-Westfalen,Nordrhein-Westfalen,10.21
44261,Nordrhein-Westfalen,Nordrhein-Westfalen,10.21
44263,Nordrhein-Westfalen,Nordrhein-Westfalen,10.21
44265,Nordrhein-Westfalen,Nordrhein-Westfalen,10.21
44267,Nordrhein-Westfalen,Nordrhein-Westfalen,10.21
44269,Nordrhein-Westfalen,Nordrhein-Westfalen,10.21
44280,Nordrhein-Westfalen,Nordrhein-Westfalen,10.21
44285,Nordrhein-Westfalen,Nordrhein-Westfalen,10.21
44287,Nordrhein-Westfalen,Nordrhein-Westfalen,10.21
44289,Nordrhein-Westfalen,Nordrhein-Westfalen,10.21
44309,Nordrhein-Westfalen,Nordrhein-Westfalen,10.21
44319,Nordrhein-Westfalen,Nordrhein-Westfalen,10.21
44328,Nordrhein-Westfalen,Nordrhein-Westfalen,10.21
44329,Nordrhein-Westfalen,Nordrhein-Westfalen,10.21
44339,Nordrhein-Westfalen,Nordrhein-Westfalen,10.21
44357,Nordrhein-Westfalen,Nordrhein-Westfalen,10.21
44359,Nordrhein-Westfalen,Nordrhein-Westfalen,10.21
44369,Nordrhein-Westfalen,Nordrhein-Westfalen,10.21
44379,Nordrhein-Westfalen,Nordrhein-Westfalen,10.21
44388,Nordrhein-Westfalen,Nordrhein-Westfalen,10.21
44401,Nordrhein-Westfalen,Nordrhein-Westfalen,10.21
44402,Nordrhein-Westfalen,Nordrhein-Westfalen,10.21
44530,Nordrhein-Westfalen,Nordrhein-Westfalen,10.21
44532,Nordrhein-Westfalen,Nordrhein-Westfalen,10.21
44534,Nordrhein-Westfalen,Nordrhein-Westfalen,10.21
44536,Nordrhein-Westfalen,Nordrhein-Westfalen,10.21
44573,Nordrhein-Westfalen,Nordrhein-Westfalen,10.21
44575,Nordrhein-Westfalen,Nordrhein-Westfalen,10.21
44577,Nordrhein-Westfalen,Nordrhein-Westfalen,10.21
44579,Nordrhein-Westfalen,Nordrhein-Westfalen,10.21
44581,Nordrhein-Westfalen,Nordrhein-Westfalen,10.21
44621,Nordrhein-Westfalen,Nordrhein-Westfalen,10.21
44623,Nordrhein-Westfalen,Nordrhein-Westfalen,10.21
44625,Nordrhein-Westfalen,Nordrhein-Westfalen,10.21
44627,Nordrhein-Westfalen,Nordrhein-Westfalen,10.21
44628,Nordrhein-Westfalen,Nordrhein-Westfalen,10.21
44629,Nordrhein-Westfalen,Nordrhein-Westfalen,10.21
44647,Nordrhein-Westfalen,Nordrhein-Westfalen,10.21
44649,Nordrhein-Westfalen,Nordrhein-Westfalen,10.21
44651,Nordrhein-Westfalen,Nordrhein-Westfalen,10.21
44652,Nordrhein-Westfalen,Nordrhein-Westfalen,10.21
44653,Nordrhein-Westfalen,Nordrhein-Westfalen,10.21
44771,Nordrhein-Westfalen,Nordrhein-Westfalen,10.21
44772,Nordrhein-Westfalen,Nordrhein-Westfalen,10.21
44773,Nordrhein-Westfalen,Nordrhein-Westfalen,10.21
44774,Nordrhein-Westfalen,Nordrhein-Westfalen,10.21
44775,Nordrhein-Westfalen,Nordrhein-Westfalen,10.21
44776,Nordrhein-Westfalen,Nordrhein-Westfalen,10.21
44778,Nordrhein-Westfalen,Nordrhein-Westfalen,10.21
44779,Nordrhein-Westfalen,Nordrhein-Westfalen,10.21
44780,Nordrhein-Westfalen,Nordrhein-Westfalen,10.21
44781,Nordrhein-Westfalen,Nordrhein-Westfalen,10.21
44782,Nordrhein-Westfalen,Nordrhein-Westfalen,10.21
44784,Nordrhein-Westfalen,Nordrhein-Westfalen,10.21
44785,Nordrhein-Westfalen,Nordrhein-Westfalen,10.21
44787,Nordrhein-Westfalen,Nordrhein-Westfalen,10.21
44789,Nordrhein-Westfalen,Nordrhein-Westfalen,10.21
44791,Nordrhein-Westfalen,Nordrhein-Westfalen,10.21
44793,Nordrhein-Westfalen,Nordrhein-Westfalen,10.21
44795,Nordrhein-Westfalen,Nordrhein-Westfalen,10.21
44797,Nordrhein-Westfalen,Nordrhein-Westfalen,10.21
44799,Nordrhein-Westfalen,Nordrhein-Westfalen,10.21
44801,Nordrhein-Westfalen,Nordrhein-Westfalen,10.21
44803,Nordrhein-Westfalen,Nordrhein-Westfalen,10.21
44805,Nordrhein-Westfalen,Nordrhein-Westfalen,10.21
44807,Nordrhein-Westfalen,Nordrhein-Westfalen,10.21
44809,Nordrhein-Westfalen,Nordrhein-Westfalen,10.21
44863,Nordrhein-Westfalen,Nordrhein-Westfalen,10.21
44866,Nordrhein-Westfalen,Nordrhein-Westfalen,10.21
44867,Nordrhein-Westfalen,Nordrhein-Westfalen,10.21
44869,Nordrhein-Westfalen,Nordrhein-Westfalen,10.21
44879,Nordrhein-Westfalen,Nordrhein-Westfalen,10.21
44892,Nordrhein-Westfalen,Nordrhein-Westfalen,10.21
44894,Nordrhein-Westfalen,Nordrhein-Westfalen,10.21
45058,Nordrhein-Westfalen,Nordrhein-Westfalen,10.21
45060,Nordrhein-Westfalen,Nordrhein-Westfalen,10.21
45061,Nordrhein-Westfalen,Nordrhein-Westfalen,10.21
45062,Nordrhein-Westfalen,Nordrhein-Westfalen,10.21
45063,Nordrhein-Westfalen,Nordrhein-Westfalen,10.21
45064,Nordrhein-Westfalen,Nordrhein-Westfalen,10.21
45091,Nordrhein-Westfalen,Nordrhein-Westfalen,10.21
45092,Nordrhein-Westfalen,Nordrhein-Westfalen,10.21
45093,Nordrhein-Westfalen,Nordrhein-Westfalen,10.21
45095,Nordrhein-Westfalen,Nordrhein-Westfalen,10.21
45097,Nordrhein-Westfalen,Nordrhein-Westfalen,10.21
45098,Nordrhein-Westfalen,Nordrhein-Westfalen,10.21
45099,Nordrhein-Westfalen,Nordrhein-Westfalen,10.21
45102,Nordrhein-Westfalen,Nordrhein-Westfalen,10.21
45113,Nordrhein-Westfalen,Nordrhein-Westfalen,10.21
45114,Nordrhein-Westfalen,Nordrhein-Westfalen,10.21
45115,Nordrhein-Westfalen,Nordrhein-Westfalen,10.21
45116,Nordrhein-Westfalen,Nordrhein-Westfalen,10.21
45117,Nordrhein-Westfalen,Nordrhein-Westfalen,10.21
45119,Nordrhein-Westfalen,Nordrhein-Westfalen,10.21
45120,Nordrhein-Westfalen,Nordrhein-Westfalen,10.21
45121,Nordrhein-Westfalen,Nordrhein-Westfalen,10.21
45122,Nordrhein-Westfalen,Nordrhein-Westfalen,10.21
45123,Nordrhein-Westfalen,Nordrhein-Westfalen,10.21
45124,Nordrhein-Westfalen,Nordrhein-Westfalen,10.21
45125,Nordrhein-Westfalen,Nordrhein-Westfalen,10.21
45126,Nordrhein-Westfalen,Nordrhein-Westfalen,10.21
45127,Nordrhein-Westfalen,Nordrhein-Westfalen,10.21
45128,Nordrhein-Westfalen,Nordrhein-Westfalen,10.21
45130,Nordrhein-Westfalen,Nordrhein-Westfalen,10.21
45131,Nordrhein-Westfalen,Nordrhein-Westfalen,10.21
45133,Nordrhein-Westfalen,Nordrhein-Westfalen,10.21
45134,Nordrhein-Westfalen,Nordrhein-Westfalen,10.21
45136,Nordrhein-Westfalen,Nordrhein-Westfalen,10.21
45138,Nordrhein-Westfalen,Nordrhein-Westfalen,10.21
45139,Nordrhein-Westfalen,Nordrhein-Westfalen,10.21
45141,Nordrhein-Westfalen,Nordrhein-Westfalen,10.21
45143,Nordrhein-Westfalen,Nordrhein-Westfalen,10.21
45144,Nordrhein-Westfalen,Nordrhein-Westfalen,10.21
45145,Nordrhein-Westfalen,Nordrhein-Westfalen,10.21
45147,Nordrhein-Westfalen,Nordrhein-Westfalen,10.21
45149,Nordrhein-Westfalen,Nordrhein-Westfalen,10.21
45195,Nordrhein-Westfalen,Nordrhein-Westfalen,10.21
45196,Nordrhein-Westfalen,Nordrhein-Westfalen,10.21
45219,Nordrhein-Westfalen,Nordrhein-Westfalen,10.21
45239,Nordrhein-Westfalen,Nordrhein-Westfalen,10.21
45257,Nordrhein-Westfalen,Nordrhein-Westfalen,10.21
45259,Nordrhein-Westfalen,Nordrhein-Westfalen,10.21
45276,Nordrhein-Westfalen,Nordrhein-Westfalen,10.21
45277,Nordrhein-Westfalen,Nordrhein-Westfalen,10.21
45279,Nordrhein-Westfalen,Nordrhein-Westfalen,10.21
45289,Nordrhein-Westfalen,Nordrhein-Westfalen,10.21
45307,Nordrhein-Westfalen,Nordrhein-Westfalen,10.21
45309,Nordrhein-Westfalen,Nordrhein-Westfalen,10.21
45326,Nordrhein-Westfalen,Nordrhein-Westfalen,10.21
45327,Nordrhein-Westfalen,Nordrhein-Westfalen,10.21
45329,Nordrhein-Westfalen,Nordrhein-Westfalen,10.21
45355,Nordrhein-Westfalen,Nordrhein-Westfalen,10.21
45356,Nordrhein-Westfalen,Nordrhein-Westfalen,10.21
45357,Nordrhein-Westfalen,Nordrhein-Westfalen,10.21
45359,Nordrhein-Westfalen,Nordrhein-Westfalen,10.21
45365,Nordrhein-Westfalen,Nordrhein-Westfalen,10.21
45403,Nordrhein-Westfalen,Nordrhein-Westfalen,10.21
45466,Nordrhein-Westfalen,Nordrhein-Westfalen,10.21
45468,Nordrhein-Westfalen,Nordrhein-Westfalen,10.21
45470,Nordrhein-Westfalen,Nordrhein-Westfalen,10.21
45472,Nordrhein-Westfalen,Nordrhein-Westfalen,10.21
45473,Nordrhein-Westfalen,Nordrhein-Westfalen,10.21
45475,Nordrhein-Westfalen,Nordrhein-Westfalen,10.21
45476,Nordrhein-Westfalen,Nordrhein-Westfalen,10.21
45478,Nordrhein-Westfalen,Nordrhein-Westfalen,10.21
45479,Nordrhein-Westfalen,Nordrhein-Westfalen,10.21
45481,Nordrhein-Westfalen,Nordrhein-Westfalen,10.21
45523,Nordrhein-Westfalen,Nordrhein-Westfalen,10.21
45525,Nordrhein-Westfalen,Nordrhein-Westfalen,10.21
45527,Nordrhein-Westfalen,Nordrhein-Westfalen,10.21
45529,Nordrhein-Westfalen,Nordrhein-Westfalen,10.21
45549,Nordrhein-Westfalen,Nordrhein-Westfalen,10.21
45630,Nordrhein-Westfalen,Nordrhein-Westfalen,10.21
45655,Nordrhein-Westfalen,Nordrhein-Westfalen,10.21
45657,Nordrhein-Westfalen,Nordrhein-Westfalen,10.21
45659,Nordrhein-Westfalen,Nordrhein-Westfalen,10.21
45661,Nordrhein-Westfalen,Nordrhein-Westfalen,10.21
45663,Nordrhein-Westfalen,Nordrhein-Westfalen,10.21
45665,Nordrhein-Westfalen,Nordrhein-Westfalen,10.21
45697,Nordrhein-Westfalen,Nordrhein-Westfalen,10.21
45699,Nordrhein-Westfalen,Nordrhein-Westfalen,10.21
45701,Nordrhein-Westfalen,Nordrhein-Westfalen,10.21
45711,Nordrhein-Westfalen,Nordrhein-Westfalen,10.21
45721,Nordrhein-Westfalen,Nordrhein-Westfalen,10.21
45729,Nordrhein-Westfalen,Nordrhein-Westfalen,10.21
45731,Nordrhein-Westfalen,Nordrhein-Westfalen,10.21
45739,Nordrhein-Westfalen,Nordrhein-Westfalen,10.21
45765,Nordrhein-Westfalen,Nordrhein-Westfalen,10.21
45768,Nordrhein-Westfalen,Nordrhein-Westfalen,10.21
45770,Nordrhein-Westfalen,Nordrhein-Westfalen,10.21
45772,Nordrhein-Westfalen,Nordrhein-Westfalen,10.21
45801,Nordrhein-Westfalen,Nordrhein-Westfalen,10.21
45833,Nordrhein-Westfalen,Nordrhein-Westfalen,10.21
45835,Nordrhein-Westfalen,Nordrhein-Westfalen,10.21
45875,Nordrhein-Westfalen,Nordrhein-Westfalen,10.21
45876,Nordrhein-Westfalen,Nordrhein-Westfalen,10.21
45877,Nordrhein-Westfalen,Nordrhein-Westfalen,10.21
45879,Nordrhein-Westfalen,Nordrhein-Westfalen,10.21
45881,Nordrhein-Westfalen,Nordrhein-Westfalen,10.21
45883,Nordrhein-Westfalen,Nordrhein-Westfalen,10.21
45884,Nordrhein-Westfalen,Nordrhein-Westfalen,10.21
45886,Nordrhein-Westfalen,Nordrhein-Westfalen,10.21
45888,Nordrhein-Westfalen,Nordrhein-Westfalen,10.21
45889,Nordrhein-Westfalen,Nordrhein-Westfalen,10.21
45891,Nordrhein-Westfalen,Nordrhein-Westfalen,10.21
45892,Nordrhein-Westfalen,Nordrhein-Westfalen,10.21
45894,Nordrhein-Westfalen,Nordrhein-Westfalen,10.21
45896,Nordrhein-Westfalen,Nordrhein-Westfalen,10.21
45897,Nordrhein-Westfalen,Nordrhein-Westfalen,10.21
45899,Nordrhein-Westfalen,Nordrhein-Westfalen,10.21
45964,Nordrhein-Westfalen,Nordrhein-Westfalen,10.21
45966,Nordrhein-Westfalen,Nordrhein-Westfalen,10.21
45968,Nordrhein-Westfalen,Nordrhein-Westfalen,10.21
46020,Nordrhein-Westfalen,Nordrhein-Westfalen,10.21
46040,Nordrhein-Westfalen,Nordrhein-Westfalen,10.21
46042,Nordrhein-Westfalen,Nordrhein-Westfalen,10.21
46045,Nordrhein-Westfalen,Nordrhein-Westfalen,10.21
46047,Nordrhein-Westfalen,Nordrhein-Westfalen,10.21
46049,Nordrhein-Westfalen,Nordrhein-Westfalen,10.21
46117,Nordrhein-Westfalen,Nordrhein-Westfalen,10.21
46119,Nordrhein-Westfalen,Nordrhein-Westfalen,10.21
46142,Nordrhein-Westfalen,Nordrhein-Westfalen,10.21
46145,Nordrhein-Westfalen,Nordrhein-Westfalen,10.21
46147,Nordrhein-Westfalen,Nordrhein-Westfalen,10.21
46149,Nordrhein-Westfalen,Nordrhein-Westfalen,10.21
46236,Nordrhein-Westfalen,Nordrhein-Westfalen,10.21
46238,Nordrhein-Westfalen,Nordrhein-Westfalen,10.21
46240,Nordrhein-Westfalen,Nordrhein-Westfalen,10.21
46242,Nordrhein-Westfalen,Nordrhein-Westfalen,10.21
46244,Nordrhein-Westfalen,Nordrhein-Westfalen,10.21
46282,Nordrhein-Westfalen,Nordrhein-Westfalen,10.21
46284,Nordrhein-Westfalen,Nordrhein-Westfalen,10.21
46286,Nordrhein-Westfalen,Nordrhein-Westfalen,10.21
46322,Nordrhein-Westfalen,Nordrhein-Westfalen,10.21
46325,Nordrhein-Westfalen,Nordrhein-Westfalen,10.21
46342,Nordrhein-Westfalen,Nordrhein-Westfalen,10.21
46348,Nordrhein-Westfalen,Nordrhein-Westfalen,10.21
46354,Nordrhein-Westfalen,Nordrhein-Westfalen,10.21
46359,Nordrhein-Westfalen,Nordrhein-Westfalen,10.21
46393,Nordrhein-Westfalen,Nordrhein-Westfalen,10.21
46395,Nordrhein-Westfalen,Nordrhein-Westfalen,10.21
46397,Nordrhein-Westfalen,Nordrhein-Westfalen,10.21
46399,Nordrhein-Westfalen,Nordrhein-Westfalen,10.21
46414,Nordrhein-Westfalen,Nordrhein-Westfalen,10.21
46419,Nordrhein-Westfalen,Nordrhein-Westfalen,10.21
46444,Nordrhein-Westfalen,Nordrhein-Westfalen,10.21
46446,Nordrhein-Westfalen,Nordrhein-Westfalen,10.21
46459,Nordrhein-Westfalen,Nordrhein-Westfalen,10.21
46480,Nordrhein-Westfalen,Nordrhein-Westfalen,10.21
46482,Nordrhein-Westfalen,Nordrhein-Westfalen,10.21
46483,Nordrhein-Westfalen,Nordrhein-Westfalen,10.21
46485,Nordrhein-Westfalen,Nordrhein-Westfalen,10.21
46487,Nordrhein-Westfalen,Nordrhein-Westfalen,10.21
46499,Nordrhein-Westfalen,Nordrhein-Westfalen,10.21
46509,Nordrhein-Westfalen,Nordrhein-Westfalen,10.21
46514,Nordrhein-Westfalen,Nordrhein-Westfalen,10.21
46519,Nordrhein-Westfalen,Nordrhein-Westfalen,10.21
46535,Nordrhein-Westfalen,Nordrhein-Westfalen,10.21
46537,Nordrhein-Westfalen,Nordrhein-Westfalen,10.21
46539,Nordrhein-Westfalen,Nordrhein-Westfalen,10.21
46562,Nordrhein-Westfalen,Nordrhein-Westfalen,10.21
46569,Nordrhein-Westfalen,Nordrhein-Westfalen,10.21
47044,Nordrhein-Westfalen,Nordrhein-Westfalen,10.21
47048,Nordrhein-Westfalen,Nordrhein-Westfalen,10.21
47049,Nordrhein-Westfalen,Nordrhein-Westfalen,10.21
47050,Nordrhein-Westfalen,Nordrhein-Westfalen,10.21
47051,Nordrhein-Westfalen,Nordrhein-Westfalen,10.21
47053,Nordrhein-Westfalen,Nordrhein-Westfalen,10.21
47055,Nordrhein-Westfalen,Nordrhein-Westfalen,10.21
47057,Nordrhein-Westfalen,Nordrhein-Westfalen,10.21
47058,Nordrhein-Westfalen,Nordrhein-Westfalen,10.21
47059,Nordrhein-Westfalen,Nordrhein-Westfalen,10.21
47118,Nordrhein-Westfalen,Nordrhein-Westfalen,10.21
47119,Nordrhein-Westfalen,Nordrhein-Westfalen,10.21
47137,Nordrhein-Westfalen,Nordrhein-Westfalen,10.21
47138,Nordrhein-Westfalen,Nordrhein-Westfalen,10.21
47139,Nordrhein-Westfalen,Nordrhein-Westfalen,10.21
47161,Nordrhein-Westfalen,Nordrhein-Westfalen,10.21
47163,Nordrhein-Westfalen,Nordrhein-Westfalen,10.21
47166,Nordrhein-Westfalen,Nordrhein-Westfalen,10.21
47167,Nordrhein-Westfalen,Nordrhein-Westfalen,10.21
47169,Nordrhein-Westfalen,Nordrhein-Westfalen,10.21
47178,Nordrhein-Westfalen,Nordrhein-Westfalen,10.21
47179,Nordrhein-Westfalen,Nordrhein-Westfalen,10.21
47198,Nordrhein-Westfalen,Nordrhein-Westfalen,10.21
47199,Nordrhein-Westfalen,Nordrhein-Westfalen,10.21
47226,Nordrhein-Westfalen,Nordrhein-Westfalen,10.21
47228,Nordrhein-Westfalen,Nordrhein-Westfalen,10.21
47229,Nordrhein-Westfalen,Nordrhein-Westfalen,10.21
47239,Nordrhein-Westfalen,Nordrhein-Westfalen,10.21
47249,Nordrhein-Westfalen,Nordrhein-Westfalen,10.21
47259,Nordrhein-Westfalen,Nordrhein-Westfalen,10.21
47269,Nordrhein-Westfalen,Nordrhein-Westfalen,10.21
47279,Nordrhein-Westfalen,Nordrhein-Westfalen,10.21
47299,Nordrhein-Westfalen,Nordrhein-Westfalen,10.21
47300,Nordrhein-Westfalen,Nordrhein-Westfalen,10.21
47303,Nordrhein-Westfalen,Nordrhein-Westfalen,10.21
47305,Nordrhein-Westfalen,Nordrhein-Westfalen,10.21
47439,Nordrhein-Westfalen,Nordrhein-Westfalen,10.21
47441,Nordrhein-Westfalen,Nordrhein-Westfalen,10.21
47443,Nordrhein-Westfalen,Nordrhein-Westfalen,10.21
47445,Nordrhein-Westfalen,Nordrhein-Westfalen,10.21
47447,Nordrhein-Westfalen,Nordrhein-Westfalen,10.21
47475,Nordrhein-Westfalen,Nordrhein-Westfalen,10.21
47493,Nordrhein-Westfalen,Nordrhein-Westfalen,10.21
47495,Nordrhein-Westfalen,Nordrhein-Westfalen,10.21
47504,Nordrhein-Westfalen,Nordrhein-Westfalen,10.21
47506,Nordrhein-Westfalen,Nordrhein-Westfalen,10.21
47509,Nordrhein-Westfalen,Nordrhein-Westfalen,10.21
47526,Nordrhein-Westfalen,Nordrhein-Westfalen,10.21
47533,Nordrhein-Westfalen,Nordrhein-Westfalen,10.21
47546,Nordrhein-Westfalen,Nordrhein-Westfalen,10.21
47551,Nordrhein-Westfalen,Nordrhein-Westfalen,10.21
47559,Nordrhein-Westfalen,Nordrhein-Westfalen,10.21
47574,Nordrhein-Westfalen,Nordrhein-Westfalen,10.21
47589,Nordrhein-Westfalen,Nordrhein-Westfalen,10.21
47608,Nordrhein-Westfalen,Nordrhein-Westfalen,10.21
47623,Nordrhein-Westfalen,Nordrhein-Westfalen,10.21
47624,Nordrhein-Westfalen,Nordrhein-Westfalen,10.21
47625,Nordrhein-Westfalen,Nordrhein-Westfalen,10.21
47626,Nordrhein-Westfalen,Nordrhein-Westfalen,10.21
47627,Nordrhein-Westfalen,Nordrhein-Westfalen,10.21
47638,Nordrhein-Westfalen,Nordrhein-Westfalen,10.21
47647,Nordrhein-Westfalen,Nordrhein-Westfalen,10.21
47652,Nordrhein-Westfalen,Nordrhein-Westfalen,10.21
47661,Nordrhein-Westfalen,Nordrhein-Westfalen,10.21
47665,Nordrhein-Westfalen,Nordrhein-Westfalen,10.21
47669,Nordrhein-Westfalen,Nordrhein-Westfalen,10.21
47789,Schleswig-Holstein,Schleswig-Holstein,9.660000000000004
47791,Nordrhein-Westfalen,Nordrhein-Westfalen,10.21
47792,Nordrhein-Westfalen,Nordrhein-Westfalen,10.21
47795,Nordrhein-Westfalen,Nordrhein-Westfalen,10.21
47796,Nordrhein-Westfalen,Nordrhein-Westfalen,10.21
47798,Nordrhein-Westfalen,Nordrhein-Westfalen,10.21
47799,Nordrhein-Westfalen,Nordrhein-Westfalen,10.21
47800,Nordrhein-Westfalen,Nordrhein-Westfalen,10.21
47802,Nordrhein-Westfalen,Nordrhein-Westfalen,10.21
47803,Nordrhein-Westfalen,Nordrhein-Westfalen,10.21
47804,Nordrhein-Westfalen,Nordrhein-Westfalen,10.21
47805,Nordrhein-Westfalen,Nordrhein-Westfalen,10.21
47807,Nordrhein-Westfalen,Nordrhein-Westfalen,10.21
47809,Nordrhein-Westfalen,Nordrhein-Westfalen,10.21
47829,Nordrhein-Westfalen,Nordrhein-Westfalen,10.21
47839,Nordrhein-Westfalen,Nordrhein-Westfalen,10.21
47875,Nordrhein-Westfalen,Nordrhein-Westfalen,10.21
47877,Nordrhein-Westfalen,Nordrhein-Westfalen,10.21
47904,Nordrhein-Westfalen,Nordrhein-Westfalen,10.21
47906,Nordrhein-Westfalen,Nordrhein-Westfalen,10.21
47918,Nordrhein-Westfalen,Nordrhein-Westfalen,10.21
47929,Nordrhein-Westfalen,Nordrhein-Westfalen,10.21
48079,Nordrhein-Westfalen,Nordrhein-Westfalen,10.21
48084,Nordrhein-Westfalen,Nordrhein-Westfalen,10.21
48108,Nordrhein-Westfalen,Nordrhein-Westfalen,10.21
48119,Nordrhein-Westfalen,Nordrhein-Westfalen,10.21
48121,Nordrhein-Westfalen,Nordrhein-Westfalen,10.21
48122,Nordrhein-Westfalen,Nordrhein-Westfalen,10.21
48123,Nordrhein-Westfalen,Nordrhein-Westfalen,10.21
48124,Nordrhein-Westfalen,Nordrhein-Westfalen,10.21
48125,Nordrhein-Westfalen,Nordrhein-Westfalen,10.21
48126,Nordrhein-Westfalen,Nordrhein-Westfalen,10.21
48127,Nordrhein-Westfalen,Nordrhein-Westfalen,10.21
48128,Nordrhein-Westfalen,Nordrhein-Westfalen,10.21
48129,Nordrhein-Westfalen,Nordrhein-Westfalen,10.21
48130,Nordrhein-Westfalen,Nordrhein-Westfalen,10.21
48131,Nordrhein-Westfalen,Nordrhein-Westfalen,10.21
48132,Nordrhein-Westfalen,Nordrhein-Westfalen,10.21
48133,Nordrhein-Westfalen,Nordrhein-Westfalen,10.21
48134,Nordrhein-Westfalen,Nordrhein-Westfalen,10.21
48135,Nordrhein-Westfalen,Nordrhein-Westfalen,10.21
48136,Nordrhein-Westfalen,Nordrhein-Westfalen,10.21
48137,Nordrhein-Westfalen,Nordrhein-Westfalen,10.21
48138,Nordrhein-Westfalen,Nordrhein-Westfalen,10.21
48139,Nordrhein-Westfalen,Nordrhein-Westfalen,10.21
48140,Nordrhein-Westfalen,Nordrhein-Westfalen,10.21
48141,Nordrhein-Westfalen,Nordrhein-Westfalen,10.21
48143,Nordrhein-Westfalen,Nordrhein-Westfalen,10.21
48145,Nordrhein-Westfalen,Nordrhein-Westfalen,10.21
48147,Nordrhein-Westfalen,Nordrhein-Westfalen,10.21
48149,Nordrhein-Westfalen,Nordrhein-Westfalen,10.21
48151,Nordrhein-Westfalen,Nordrhein-Westfalen,10.21
48153,Nordrhein-Westfalen,Nordrhein-Westfalen,10.21
48155,Nordrhein-Westfalen,Nordrhein-Westfalen,10.21
48157,Nordrhein-Westfalen,Nordrhein-Westfalen,10.21
48159,Nordrhein-Westfalen,Nordrhein-Westfalen,10.21
48161,Nordrhein-Westfalen,Nordrhein-Westfalen,10.21
48163,Nordrhein-Westfalen,Nordrhein-Westfalen,10.21
48165,Nordrhein-Westfalen,Nordrhein-Westfalen,10.21
48167,Nordrhein-Westfalen,Nordrhein-Westfalen,10.21
48172,Nordrhein-Westfalen,Nordrhein-Westfalen,10.21
48229,Nordrhein-Westfalen,Nordrhein-Westfalen,10.21
48231,Nordrhein-Westfalen,Nordrhein-Westfalen,10.21
48249,Nordrhein-Westfalen,Nordrhein-Westfalen,10.21
48268,Nordrhein-Westfalen,Nordrhein-Westfalen,10.21
48282,Nordrhein-Westfalen,Nordrhein-Westfalen,10.21
48291,Nordrhein-Westfalen,Nordrhein-Westfalen,10.21
48301,Nordrhein-Westfalen,Nordrhein-Westfalen,10.21
48308,Nordrhein-Westfalen,Nordrhein-Westfalen,10.21
48317,Nordrhein-Westfalen,Nordrhein-Westfalen,10.21
48324,Nordrhein-Westfalen,Nordrhein-Westfalen,10.21
48329,Nordrhein-Westfalen,Nordrhein-Westfalen,10.21
48336,Nordrhein-Westfalen,Nordrhein-Westfalen,10.21
48341,Nordrhein-Westfalen,Nordrhein-Westfalen,10.21
48346,Nordrhein-Westfalen,Nordrhein-Westfalen,10.21
48351,Nordrhein-Westfalen,Nordrhein-Westfalen,10.21
48356,Nordrhein-Westfalen,Nordrhein-Westfalen,10.21
48361,Nordrhein-Westfalen,Nordrhein-Westfalen,10.21
48366,Nordrhein-Westfalen,Nordrhein-Westfalen,10.21
48369,Nordrhein-Westfalen,Nordrhein-Westfalen,10.21
48416,Nordrhein-Westfalen,Nordrhein-Westfalen,10.21
48427,Nordrhein-Westfalen,Nordrhein-Westfalen,10.21
48429,Nordrhein-Westfalen,Nordrhein-Westfalen,10.21
48431,Nordrhein-Westfalen,Nordrhein-Westfalen,10.21
48432,Nordrhein-Westfalen,Nordrhein-Westfalen,10.21
48455,Niedersachsen,Niedersachsen,10.044999999999998
48465,Niedersachsen,Niedersachsen,10.044999999999998
48477,Nordrhein-Westfalen,Nordrhein-Westfalen,10.21
48480,Niedersachsen,Niedersachsen,10.044999999999998
48485,Nordrhein-Westfalen,Nordrhein-Westfalen,10.21
48488,Niedersachsen,Niedersachsen,10.044999999999998
48493,Nordrhein-Westfalen,Nordrhein-Westfalen,10.21
48496,Nordrhein-Westfalen,Nordrhein-Westfalen,10.21
48499,Niedersachsen,Niedersachsen,10.044999999999998
48522,Lower Saxony,Niedersachsen,10.044999999999998
48525,Lower Saxony,Niedersachsen,10.044999999999998
48527,Niedersachsen,Niedersachsen,10.044999999999998
48529,Niedersachsen,Niedersachsen,10.044999999999998
48531,Niedersachsen,Niedersachsen,10.044999999999998
48563,Nordrhein-Westfalen,Nordrhein-Westfalen,10.21
48565,Nordrhein-Westfalen,Nordrhein-Westfalen,10.21
48596,Nordrhein-Westfalen,Nordrhein-Westfalen,10.21
48599,Nordrhein-Westfalen,Nordrhein-Westfalen,10.21
48607,Nordrhein-Westfalen,Nordrhein-Westfalen,10.21
48612,Nordrhein-Westfalen,Nordrhein-Westfalen,10.21
48619,Nordrhein-Westfalen,Nordrhein-Westfalen,10.21
48624,Nordrhein-Westfalen,Nordrhein-Westfalen,10.21
48629,Nordrhein-Westfalen,Nordrhein-Westfalen,10.21
48649,Nordrhein-Westfalen,Nordrhein-Westfalen,10.21
48651,Nordrhein-Westfalen,Nordrhein-Westfalen,10.21
48653,Nordrhein-Westfalen,Nordrhein-Westfalen,10.21
48681,Nordrhein-Westfalen,Nordrhein-Westfalen,10.21
48683,Nordrhein-Westfalen,Nordrhein-Westfalen,10.21
48691,Nordrhein-Westfalen,Nordrhein-Westfalen,10.21
48702,Nordrhein-Westfalen,Nordrhein-Westfalen,10.21
48703,Nordrhein-Westfalen,Nordrhein-Westfalen,10.21
48712,Nordrhein-Westfalen,Nordrhein-Westfalen,10.21
48720,Nordrhein-Westfalen,Nordrhein-Westfalen,10.21
48727,Nordrhein-Westfalen,Nordrhein-Westfalen,10.21
48734,Nordrhein-Westfalen,Nordrhein-Westfalen,10.21
48739,Nordrhein-Westfalen,Nordrhein-Westfalen,10.21
49068,Lower Saxony,Niedersachsen,10.044999999999998
49070,Lower Saxony,Niedersachsen,10.044999999999998
49074,Niedersachsen,Niedersachsen,10.044999999999998
49076,Niedersachsen,Niedersachsen,10.044999999999998
49078,Niedersachsen,Niedersachsen,10.044999999999998
49080,Niedersachsen,Niedersachsen,10.044999999999998
49082,Niedersachsen,Niedersachsen,10.044999999999998
49084,Niedersachsen,Niedersachsen,10.044999999999998
49086,Niedersachsen,Niedersachsen,10.044999999999998
49088,Niedersachsen,Niedersachsen,10.044999999999998
49090,Niedersachsen,Niedersachsen,10.044999999999998
49101,Lower Saxony,Niedersachsen,10.044999999999998
49124,Niedersachsen,Niedersachsen,10.044999999999998
49134,Niedersachsen,Niedersachsen,10.044999999999998
49143,Niedersachsen,Niedersachsen,10.044999999999998
49152,Niedersachsen,Niedersachsen,10.044999999999998
49163,Niedersachsen,Niedersachsen,10.044999999999998
49170,Niedersachsen,Niedersachsen,10.044999999999998
49176,Niedersachsen,Niedersachsen,10.044999999999998
49179,Niedersachsen,Niedersachsen,10.044999999999998
49186,Niedersachsen,Niedersachsen,10.044999999999998
49191,Niedersachsen,Niedersachsen,10.044999999999998
49195,Lower Saxony,Niedersachsen,10.044999999999998
49196,Niedersachsen,Niedersachsen,10.044999999999998
49201,Niedersachsen,Niedersachsen,10.044999999999998
49205,Niedersachsen,Niedersachsen,10.044999999999998
49213,Lower Saxony,Niedersachsen,10.044999999999998
49214,Niedersachsen,Niedersachsen,10.044999999999998
49219,Niedersachsen,Niedersachsen,10.044999999999998
49324,Niedersachsen,Niedersachsen,10.044999999999998
49326,Niedersachsen,Niedersachsen,10.044999999999998
49328,Niedersachsen,Niedersachsen,10.044999999999998
49356,Niedersachsen,Niedersachsen,10.044999999999998
49374,Lower Saxony,Niedersachsen,10.044999999999998
49375,Lower Saxony,Niedersachsen,10.044999999999998
49377,Niedersachsen,Niedersachsen,10.044999999999998
49393,Niedersachsen,Niedersachsen,10.044999999999998
49401,Niedersachsen,Niedersachsen,10.044999999999998
49406,Niedersachsen,Niedersachsen,10.044999999999998
49413,Niedersachsen,Niedersachsen,10.044999999999998
49419,Niedersachsen,Niedersachsen,10.044999999999998
49424,Niedersachsen,Niedersachsen,10.044999999999998
49429,Niedersachsen,Niedersachsen,10.044999999999998
49434,Niedersachsen,Niedersachsen,10.044999999999998
49439,Niedersachsen,Niedersachsen,10.044999999999998
49447,Nordrhein-Westfalen,Nordrhein-Westfalen,10.21
49448,Niedersachsen,Niedersachsen,10.044999999999998
49451,Niedersachsen,Niedersachsen,10.044999999999998
49453,Niedersachsen,Niedersachsen,10.044999999999998
49456,Niedersachsen,Niedersachsen,10.044999999999998
49457,Niedersachsen,Niedersachsen,10.044999999999998
49459,Niedersachsen,Niedersachsen,10.044999999999998
49475,Nordrhein-Westfalen,Nordrhein-Westfalen,10.21
49477,Nordrhein-Westfalen,Nordrhein-Westfalen,10.21
49479,Nordrhein-Westfalen,Nordrhein-Westfalen,10.21
49492,Nordrhein-Westfalen,Nordrhein-Westfalen,10.21
49497,Nordrhein-Westfalen,Nordrhein-Westfalen,10.21
49504,Nordrhein-Westfalen,Nordrhein-Westfalen,10.21
49509,Nordrhein-Westfalen,Nordrhein-Westfalen,10.21
49523,Nordrhein-Westfalen,Nordrhein-Westfalen,10.21
49525,Nordrhein-Westfalen,Nordrhein-Westfalen,10.21
49536,Nordrhein-Westfalen,Nordrhein-Westfalen,10.21
49541,Nordrhein-Westfalen,Nordrhein-Westfalen,10.21
49545,Nordrhein-Westfalen,Nordrhein-Westfalen,10.21
49549,Nordrhein-Westfalen,Nordrhein-Westfalen,10.21
49562,Lower Saxony,Niedersachsen,10.044999999999998
49565,Niedersachsen,Niedersachsen,10.044999999999998
49577,Niedersachsen,Niedersachsen,10.044999999999998
49584,Niedersachsen,Niedersachsen,10.044999999999998
49586,Niedersachsen,Niedersachsen,10.044999999999998
49593,Niedersachsen,Niedersachsen,10.044999999999998
49594,Niedersachsen,Niedersachsen,10.044999999999998
49596,Niedersachsen,Niedersachsen,10.044999999999998
49597,Niedersachsen,Niedersachsen,10.044999999999998
49599,Niedersachsen,Niedersachsen,10.044999999999998
49609,Lower Saxony,Niedersachsen,10.044999999999998
49610,Niedersachsen,Niedersachsen,10.044999999999998
49624,Niedersachsen,Niedersachsen,10.044999999999998
49626,Niedersachsen,Niedersachsen,10.044999999999998
49632,Niedersachsen,Niedersachsen,10.044999999999998
49635,Niedersachsen,Niedersachsen,10.044999999999998
49637,Niedersachsen,Niedersachsen,10.044999999999998
49638,Niedersachsen,Niedersachsen,10.044999999999998
49659,Lower Saxony,Niedersachsen,10.044999999999998
49661,Niedersachsen,Niedersachsen,10.044999999999998
49681,Niedersachsen,Niedersachsen,10.044999999999998
49685,Niedersachsen,Niedersachsen,10.044999999999998
49688,Niedersachsen,Niedersachsen,10.044999999999998
49691,Lower Saxony,Niedersachsen,10.044999999999998
49692,Niedersachsen,Niedersachsen,10.044999999999998
49696,Niedersachsen,Niedersachsen,10.044999999999998
49699,Niedersachsen,Niedersachsen,10.044999999999998
49716,Niedersachsen,Niedersachsen,10.044999999999998
49733,Niedersachsen,Niedersachsen,10.044999999999998
49740,Niedersachsen,Niedersachsen,10.044999999999998
49744,Niedersachsen,Niedersachsen,10.044999999999998
49751,Niedersachsen,Niedersachsen,10.044999999999998
49757,Niedersachsen,Niedersachsen,10.044999999999998
49762,Niedersachsen,Niedersachsen,10.044999999999998
49767,Niedersachsen,Niedersachsen,10.044999999999998
49770,Niedersachsen,Niedersachsen,10.044999999999998
49774,Niedersachsen,Niedersachsen,10.044999999999998
49777,Niedersachsen,Niedersachsen,10.044999999999998
49779,Niedersachsen,Niedersachsen,10.044999999999998
49801,Lower Saxony,Niedersachsen,10.044999999999998
49803,Lower Saxony,Niedersachsen,10.044999999999998
49808,Niedersachsen,Niedersachsen,10.044999999999998
49809,Niedersachsen,Niedersachsen,10.044999999999998
49811,Niedersachsen,Niedersachsen,10.044999999999998
49824,Niedersachsen,Niedersachsen,10.044999999999998
49828,Niedersachsen,Niedersachsen,10.044999999999998
49832,Niedersachsen,Niedersachsen,10.044999999999998
49835,Niedersachsen,Niedersachsen,10.044999999999998
49838,Niedersachsen,Niedersachsen,10.044999999999998
49843,Niedersachsen,Niedersachsen,10.044999999999998
49844,Niedersachsen,Niedersachsen,10.044999999999998
49846,Niedersachsen,Niedersachsen,10.044999999999998
49847,Niedersachsen,Niedersachsen,10.044999999999998
49849,Niedersachsen,Niedersachsen,10.044999999999998
50123,Nordrhein-Westfalen,Nordrhein-Westfalen,10.21
50124,Nordrhein-Westfalen,Nordrhein-Westfalen,10.21
50126,Nordrhein-Westfalen,Nordrhein-Westfalen,10.21
50127,Nordrhein-Westfalen,Nordrhein-Westfalen,10.21
50129,Nordrhein-Westfalen,Nordrhein-Westfalen,10.21
50169,Nordrhein-Westfalen,Nordrhein-Westfalen,10.21
50170,Nordrhein-Westfalen,Nordrhein-Westfalen,10.21
50171,Nordrhein-Westfalen,Nordrhein-Westfalen,10.21
50181,Nordrhein-Westfalen,Nordrhein-Westfalen,10.21
50189,Nordrhein-Westfalen,Nordrhein-Westfalen,10.21
50226,Nordrhein-Westfalen,Nordrhein-Westfalen,10.21
50259,Nordrhein-Westfalen,Nordrhein-Westfalen,10.21
50318,Nordrhein-Westfalen,Nordrhein-Westfalen,10.21
50319,Nordrhein-Westfalen,Nordrhein-Westfalen,10.21
50321,Nordrhein-Westfalen,Nordrhein-Westfalen,10.21
50351,Nordrhein-Westfalen,Nordrhein-Westfalen,10.21
50354,Nordrhein-Westfalen,Nordrhein-Westfalen,10.21
50374,Nordrhein-Westfalen,Nordrhein-Westfalen,10.21
50387,Nordrhein-Westfalen,Nordrhein-Westfalen,10.21
50389,Nordrhein-Westfalen,Nordrhein-Westfalen,10.21
50399,Nordrhein-Westfalen,Nordrhein-Westfalen,10.21
50411,Nordrhein-Westfalen,Nordrhein-Westfalen,10.21
50412,Nordrhein-Westfalen,Nordrhein-Westfalen,10.21
50413,Nordrhein-Westfalen,Nordrhein-Westfalen,10.21
50414,Nordrhein-Westfalen,Nordrhein-Westfalen,10.21
50415,Nordrhein-Westfalen,Nordrhein-Westfalen,10.21
50416,Nordrhein-Westfalen,Nordrhein-Westfalen,10.21
50417,Nordrhein-Westfalen,Nordrhein-Westfalen,10.21
50418,Nordrhein-Westfalen,Nordrhein-Westfalen,10.21
50419,Nordrhein-Westfalen,Nordrhein-Westfalen,10.21
50421,Nordrhein-Westfalen,Nordrhein-Westfalen,10.21
50422,Nordrhein-Westfalen,Nordrhein-Westfalen,10.21
50423,Hamburg,Niedersachsen/Hamburg/Bremen,10.044999999999998
50424,Saarland,Saarland,10.090000000000003
50425,Nordrhein-Westfalen,Nordrhein-Westfalen,10.21
50426,Nordrhein-Westfalen,Nordrhein-Westfalen,10.21
50427,Nordrhein-Westfalen,Nordrhein-Westfalen,10.21
50428,Nordrhein-Westfalen,Nordrhein-Westfalen,10.21
50569,Nordrhein-Westfalen,Nordrhein-Westfalen,10.21
50574,Nordrhein-Westfalen,Nordrhein-Westfalen,10.21
50575,Nordrhein-Westfalen,Nordrhein-Westfalen,10.21
50576,Nordrhein-Westfalen,Nordrhein-Westfalen,10.21
50579,Nordrhein-Westfalen,Nordrhein-Westfalen,10.21
50580,Nordrhein-Westfalen,Nordrhein-Westfalen,10.21
50581,Nordrhein-Westfalen,Nordrhein-Westfalen,10.21
50582,Nordrhein-Westfalen,Nordrhein-Westfalen,10.21
50583,Nordrhein-Westfalen,Nordrhein-Westfalen,10.21
50585,Nordrhein-Westfalen,Nordrhein-Westfalen,10.21
50586,Nordrhein-Westfalen,Nordrhein-Westfalen,10.21
50587,Nordrhein-Westfalen,Nordrhein-Westfalen,10.21
50588,Nordrhein-Westfalen,Nordrhein-Westfalen,10.21
50589,Nordrhein-Westfalen,Nordrhein-Westfalen,10.21
50590,Nordrhein-Westfalen,Nordrhein-Westfalen,10.21
50591,Nordrhein-Westfalen,Nordrhein-Westfalen,10.21
50592,Nordrhein-Westfalen,Nordrhein-Westfalen,10.21
50593,Nordrhein-Westfalen,Nordrhein-Westfalen,10.21
50594,Nordrhein-Westfalen,Nordrhein-Westfalen,10.21
50595,Nordrhein-Westfalen,Nordrhein-Westfalen,10.21
50596,Nordrhein-Westfalen,Nordrhein-Westfalen,10.21
50598,Nordrhein-Westfalen,Nordrhein-Westfalen,10.21
50600,Nordrhein-Westfalen,Nordrhein-Westfalen,10.21
50602,Nordrhein-Westfalen,Nordrhein-Westfalen,10.21
50603,Nordrhein-Westfalen,Nordrhein-Westfalen,10.21
50604,Nordrhein-Westfalen,Nordrhein-Westfalen,10.21
50605,Nordrhein-Westfalen,Nordrhein-Westfalen,10.21
50606,Baden-Württemberg,Baden-Wuerttemberg,9.350000000000001
50607,Nordrhein-Westfalen,Nordrhein-Westfalen,10.21
50657,Nordrhein-Westfalen,Nordrhein-Westfalen,10.21
50658,Nordrhein-Westfalen,Nordrhein-Westfalen,10.21
50661,Nordrhein-Westfalen,Nordrhein-Westfalen,10.21
50662,Nordrhein-Westfalen,Nordrhein-Westfalen,10.21
50663,Nordrhein-Westfalen,Nordrhein-Westfalen,10.21
50664,Nordrhein-Westfalen,Nordrhein-Westfalen,10.21
50667,Nordrhein-Westfalen,Nordrhein-Westfalen,10.21
50668,Nordrhein-Westfalen,Nordrhein-Westfalen,10.21
50670,Nordrhein-Westfalen,Nordrhein-Westfalen,10.21
50672,Nordrhein-Westfalen,Nordrhein-Westfalen,10.21
50674,Nordrhein-Westfalen,Nordrhein-Westfalen,10.21
50676,Nordrhein-Westfalen,Nordrhein-Westfalen,10.21
50677,Nordrhein-Westfalen,Nordrhein-Westfalen,10.21
50678,Nordrhein-Westfalen,Nordrhein-Westfalen,10.21
50679,Nordrhein-Westfalen,Nordrhein-Westfalen,10.21
50725,Nordrhein-Westfalen,Nordrhein-Westfalen,10.21
50726,Nordrhein-Westfalen,Nordrhein-Westfalen,10.21
50727,Nordrhein-Westfalen,Nordrhein-Westfalen,10.21
50728,Nordrhein-Westfalen,Nordrhein-Westfalen,10.21
50729,Nordrhein-Westfalen,Nordrhein-Westfalen,10.21
50730,Nordrhein-Westfalen,Nordrhein-Westfalen,10.21
50733,Nordrhein-Westfalen,Nordrhein-Westfalen,10.21
50735,Nordrhein-Westfalen,Nordrhein-Westfalen,10.21
50737,Nordrhein-Westfalen,Nordrhein-Westfalen,10.21
50739,Nordrhein-Westfalen,Nordrhein-Westfalen,10.21
50765,Nordrhein-Westfalen,Nordrhein-Westfalen,10.21
50767,Nordrhein-Westfalen,Nordrhein-Westfalen,10.21
50769,Nordrhein-Westfalen,Nordrhein-Westfalen,10.21
50819,Nordrhein-Westfalen,Nordrhein-Westfalen,10.21
50820,Nordrhein-Westfalen,Nordrhein-Westfalen,10.21
50823,Nordrhein-Westfalen,Nordrhein-Westfalen,10.21
50825,Nordrhein-Westfalen,Nordrhein-Westfalen,10.21
50827,Nordrhein-Westfalen,Nordrhein-Westfalen,10.21
50829,Nordrhein-Westfalen,Nordrhein-Westfalen,10.21
50855,Nordrhein-Westfalen,Nordrhein-Westfalen,10.21
50858,Nordrhein-Westfalen,Nordrhein-Westfalen,10.21
50859,Nordrhein-Westfalen,Nordrhein-Westfalen,10.21
50919,Nordrhein-Westfalen,Nordrhein-Westfalen,10.21
50922,Nordrhein-Westfalen,Nordrhein-Westfalen,10.21
50924,Nordrhein-Westfalen,Nordrhein-Westfalen,10.21
50925,Nordrhein-Westfalen,Nordrhein-Westfalen,10.21
50926,Nordrhein-Westfalen,Nordrhein-Westfalen,10.21
50927,Nordrhein-Westfalen,Nordrhein-Westfalen,10.21
50928,Nordrhein-Westfalen,Nordrhein-Westfalen,10.21
50931,Nordrhein-Westfalen,Nordrhein-Westfalen,10.21
50933,Nordrhein-Westfalen,Nordrhein-Westfalen,10.21
50935,Nordrhein-Westfalen,Nordrhein-Westfalen,10.21
50937,Nordrhein-Westfalen,Nordrhein-Westfalen,10.21
50939,Nordrhein-Westfalen,Nordrhein-Westfalen,10.21
50960,Nordrhein-Westfalen,Nordrhein-Westfalen,10.21
50962,Nordrhein-Westfalen,Nordrhein-Westfalen,10.21
50963,Nordrhein-Westfalen,Nordrhein-Westfalen,10.21
50964,Nordrhein-Westfalen,Nordrhein-Westfalen,10.21
50965,Nordrhein-Westfalen,Nordrhein-Westfalen,10.21
50966,Nordrhein-Westfalen,Nordrhein-Westfalen,10.21
50968,Nordrhein-Westfalen,Nordrhein-Westfalen,10.21
50969,Nordrhein-Westfalen,Nordrhein-Westfalen,10.21
50996,Nordrhein-Westfalen,Nordrhein-Westfalen,10.21
50997,Nordrhein-Westfalen,Nordrhein-Westfalen,10.21
50999,Nordrhein-Westfalen,Nordrhein-Westfalen,10.21
51057,Nordrhein-Westfalen,Nordrhein-Westfalen,10.21
51058,Nordrhein-Westfalen,Nordrhein-Westfalen,10.21
51059,Nordrhein-Westfalen,Nordrhein-Westfalen,10.21
51061,Nordrhein-Westfalen,Nordrhein-Westfalen,10.21
51063,Nordrhein-Westfalen,Nordrhein-Westfalen,10.21
51065,Nordrhein-Westfalen,Nordrhein-Westfalen,10.21
51067,Nordrhein-Westfalen,Nordrhein-Westfalen,10.21
51069,Nordrhein-Westfalen,Nordrhein-Westfalen,10.21
51101,Nordrhein-Westfalen,Nordrhein-Westfalen,10.21
51103,Nordrhein-Westfalen,Nordrhein-Westfalen,10.21
51105,Nordrhein-Westfalen,Nordrhein-Westfalen,10.21
51107,Nordrhein-Westfalen,Nordrhein-Westfalen,10.21
51109,Nordrhein-Westfalen,Nordrhein-Westfalen,10.21
51139,Nordrhein-Westfalen,Nordrhein-Westfalen,10.21
51140,Nordrhein-Westfalen,Nordrhein-Westfalen,10.21
51141,Nordrhein-Westfalen,Nordrhein-Westfalen,10.21
51143,Nordrhein-Westfalen,Nordrhein-Westfalen,10.21
51145,Nordrhein-Westfalen,Nordrhein-Westfalen,10.21
51147,Nordrhein-Westfalen,Nordrhein-Westfalen,10.21
51149,Nordrhein-Westfalen,Nordrhein-Westfalen,10.21
51169,Nordrhein-Westfalen,Nordrhein-Westfalen,10.21
51170,Nordrhein-Westfalen,Nordrhein-Westfalen,10.21
51171,Nordrhein-Westfalen,Nordrhein-Westfalen,10.21
51172,Nordrhein-Westfalen,Nordrhein-Westfalen,10.21
51173,Nordrhein-Westfalen,Nordrhein-Westfalen,10.21
51174,Nordrhein-Westfalen,Nordrhein-Westfalen,10.21
51175,Nordrhein-Westfalen,Nordrhein-Westfalen,10.21
51178,Nordrhein-Westfalen,Nordrhein-Westfalen,10.21
51221,Nordrhein-Westfalen,Nordrhein-Westfalen,10.21
51222,Nordrhein-Westfalen,Nordrhein-Westfalen,10.21
51365,Nordrhein-Westfalen,Nordrhein-Westfalen,10.21
51366,Nordrhein-Westfalen,Nordrhein-Westfalen,10.21
51367,Nordrhein-Westfalen,Nordrhein-Westfalen,10.21
51369,Nordrhein-Westfalen,Nordrhein-Westfalen,10.21
51370,Nordrhein-Westfalen,Nordrhein-Westfalen,10.21
51371,Nordrhein-Westfalen,Nordrhein-Westfalen,10.21
51373,Nordrhein-Westfalen,Nordrhein-Westfalen,10.21
51375,Nordrhein-Westfalen,Nordrhein-Westfalen,10.21
51377,Nordrhein-Westfalen,Nordrhein-Westfalen,10.21
51379,Nordrhein-Westfalen,Nordrhein-Westfalen,10.21
51381,Nordrhein-Westfalen,Nordrhein-Westfalen,10.21
51399,Nordrhein-Westfalen,Nordrhein-Westfalen,10.21
51424,Nordrhein-Westfalen,Nordrhein-Westfalen,10.21
51425,Nordrhein-Westfalen,Nordrhein-Westfalen,10.21
51427,Nordrhein-Westfalen,Nordrhein-Westfalen,10.21
51429,Nordrhein-Westfalen,Nordrhein-Westfalen,10.21
51462,Nordrhein-Westfalen,Nordrhein-Westfalen,10.21
51463,Nordrhein-Westfalen,Nordrhein-Westfalen,10.21
51465,Nordrhein-Westfalen,Nordrhein-Westfalen,10.21
51467,Nordrhein-Westfalen,Nordrhein-Westfalen,10.21
51469,Nordrhein-Westfalen,Nordrhein-Westfalen,10.21
51489,Nordrhein-Westfalen,Nordrhein-Westfalen,10.21
51491,Nordrhein-Westfalen,Nordrhein-Westfalen,10.21
51503,Nordrhein-Westfalen,Nordrhein-Westfalen,10.21
51515,Nordrhein-Westfalen,Nordrhein-Westfalen,10.21
51519,Nordrhein-Westfalen,Nordrhein-Westfalen,10.21
51545,Nordrhein-Westfalen,Nordrhein-Westfalen,10.21
51570,Nordrhein-Westfalen,Nordrhein-Westfalen,10.21
51578,Nordrhein-Westfalen,Nordrhein-Westfalen,10.21
51580,Nordrhein-Westfalen,Nordrhein-Westfalen,10.21
51588,Nordrhein-Westfalen,Nordrhein-Westfalen,10.21
51597,Nordrhein-Westfalen,Nordrhein-Westfalen,10.21
51598,Rheinland-Pfalz,Rheinland-Pfalz,9.885000000000002
51641,Nordrhein-Westfalen,Nordrhein-Westfalen,10.21
51643,Nordrhein-Westfalen,Nordrhein-Westfalen,10.21
51645,Nordrhein-Westfalen,Nordrhein-Westfalen,10.21
51647,Nordrhein-Westfalen,Nordrhein-Westfalen,10.21
51674,Nordrhein-Westfalen,Nordrhein-Westfalen,10.21
51688,Nordrhein-Westfalen,Nordrhein-Westfalen,10.21
51700,Nordrhein-Westfalen,Nordrhein-Westfalen,10.21
51702,Nordrhein-Westfalen,Nordrhein-Westfalen,10.21
51709,Nordrhein-Westfalen,Nordrhein-Westfalen,10.21
51766,Nordrhein-Westfalen,Nordrhein-Westfalen,10.21
51777,Nordrhein-Westfalen,Nordrhein-Westfalen,10.21
51789,Nordrhein-Westfalen,Nordrhein-Westfalen,10.21
52028,Nordrhein-Westfalen,Nordrhein-Westfalen,10.21
52045,Nordrhein-Westfalen,Nordrhein-Westfalen,10.21
52046,Nordrhein-Westfalen,Nordrhein-Westfalen,10.21
52047,Nordrhein-Westfalen,Nordrhein-Westfalen,10.21
52049,Nordrhein-Westfalen,Nordrhein-Westfalen,10.21
52053,Nordrhein-Westfalen,Nordrhein-Westfalen,10.21
52054,Nordrhein-Westfalen,Nordrhein-Westfalen,10.21
52055,Nordrhein-Westfalen,Nordrhein-Westfalen,10.21
52056,Nordrhein-Westfalen,Nordrhein-Westfalen,10.21
52057,Nordrhein-Westfalen,Nordrhein-Westfalen,10.21
52058,Nordrhein-Westfalen,Nordrhein-Westfalen,10.21
52059,Nordrhein-Westfalen,Nordrhein-Westfalen,10.21
52060,Nordrhein-Westfalen,Nordrhein-Westfalen,10.21
52062,Nordrhein-Westfalen,Nordrhein-Westfalen,10.21
52064,Nordrhein-Westfalen,Nordrhein-Westfalen,10.21
52066,Nordrhein-Westfalen,Nordrhein-Westfalen,10.21
52068,Nordrhein-Westfalen,Nordrhein-Westfalen,10.21
52070,Nordrhein-Westfalen,Nordrhein-Westfalen,10.21
52072,Nordrhein-Westfalen,Nordrhein-Westfalen,10.21
52074,Nordrhein-Westfalen,Nordrhein-Westfalen,10.21
52076,Nordrhein-Westfalen,Nordrhein-Westfalen,10.21
52078,Nordrhein-Westfalen,Nordrhein-Westfalen,10.21
52080,Nordrhein-Westfalen,Nordrhein-Westfalen,10.21
52081,Nordrhein-Westfalen,Nordrhein-Westfalen,10.21
52084,Nordrhein-Westfalen,Nordrhein-Westfalen,10.21
52090,Nordrhein-Westfalen,Nordrhein-Westfalen,10.21
52099,Nordrhein-Westfalen,Nordrhein-Westfalen,10.21
52101,Nordrhein-Westfalen,Nordrhein-Westfalen,10.21
52115,Nordrhein-Westfalen,Nordrhein-Westfalen,10.21
52134,Nordrhein-Westfalen,Nordrhein-Westfalen,10.21
52146,Nordrhein-Westfalen,Nordrhein-Westfalen,10.21
52152,Nordrhein-Westfalen,Nordrhein-Westfalen,10.21
52156,Nordrhein-Westfalen,Nordrhein-Westfalen,10.21
52159,Nordrhein-Westfalen,Nordrhein-Westfalen,10.21
52220,Nordrhein-Westfalen,Nordrhein-Westfalen,10.21
52222,Nordrhein-Westfalen,Nordrhein-Westfalen,10.21
52223,Nordrhein-Westfalen,Nordrhein-Westfalen,10.21
52224,Nordrhein-Westfalen,Nordrhein-Westfalen,10.21
52249,Nordrhein-Westfalen,Nordrhein-Westfalen,10.21
52348,Nordrhein-Westfalen,Nordrhein-Westfalen,10.21
52349,Nordrhein-Westfalen,Nordrhein-Westfalen,10.21
52351,Nordrhein-Westfalen,Nordrhein-Westfalen,10.21
52353,Nordrhein-Westfalen,Nordrhein-Westfalen,10.21
52355,Nordrhein-Westfalen,Nordrhein-Westfalen,10.21
52372,Nordrhein-Westfalen,Nordrhein-Westfalen,10.21
52379,Nordrhein-Westfalen,Nordrhein-Westfalen,10.21
52382,Nordrhein-Westfalen,Nordrhein-Westfalen,10.21
52385,Nordrhein-Westfalen,Nordrhein-Westfalen,10.21
52388,Nordrhein-Westfalen,Nordrhein-Westfalen,10.21
52391,Nordrhein-Westfalen,Nordrhein-Westfalen,10.21
52393,Nordrhein-Westfalen,Nordrhein-Westfalen,10.21
52396,Nordrhein-Westfalen,Nordrhein-Westfalen,10.21
52399,Nordrhein-Westfalen,Nordrhein-Westfalen,10.21
52425,Nordrhein-Westfalen,Nordrhein-Westfalen,10.21
52426,Nordrhein-Westfalen,Nordrhein-Westfalen,10.21
52428,Nordrhein-Westfalen,Nordrhein-Westfalen,10.21
52441,Nordrhein-Westfalen,Nordrhein-Westfalen,10.21
52445,Nordrhein-Westfalen,Nordrhein-Westfalen,10.21
52457,Nordrhein-Westfalen,Nordrhein-Westfalen,10.21
52459,Nordrhein-Westfalen,Nordrhein-Westfalen,10.21
52475,Nordrhein-Westfalen,Nordrhein-Westfalen,10.21
52477,Nordrhein-Westfalen,Nordrhein-Westfalen,10.21
52499,Nordrhein-Westfalen,Nordrhein-Westfalen,10.21
52509,Nordrhein-Westfalen,Nordrhein-Westfalen,10.21
52511,Nordrhein-Westfalen,Nordrhein-Westfalen,10.21
52523,Nordrhein-Westfalen,Nordrhein-Westfalen,10.21
52525,Nordrhein-Westfalen,Nordrhein-Westfalen,10.21
52531,Nordrhein-Westfalen,Nordrhein-Westfalen,10.21
52538,Nordrhein-Westfalen,Nordrhein-Westfalen,10.21
53094,Nordrhein-Westfalen,Nordrhein-Westfalen,10.21
53095,Nordrhein-Westfalen,Nordrhein-Westfalen,10.21
53096,Nordrhein-Westfalen,Nordrhein-Westfalen,10.21
53099,Nordrhein-Westfalen,Nordrhein-Westfalen,10.21
53100,Nordrhein-Westfalen,Nordrhein-Westfalen,10.21
53102,Nordrhein-Westfalen,Nordrhein-Westfalen,10.21
53103,Nordrhein-Westfalen,Nordrhein-Westfalen,10.21
53104,Nordrhein-Westfalen,Nordrhein-Westfalen,10.21
53105,Nordrhein-Westfalen,Nordrhein-Westfalen,10.21
53106,Nordrhein-Westfalen,Nordrhein-Westfalen,10.21
53107,Nordrhein-Westfalen,Nordrhein-Westfalen,10.21
53108,Nordrhein-Westfalen,Nordrhein-Westfalen,10.21
53109,Nordrhein-Westfalen,Nordrhein-Westfalen,10.21
53110,Nordrhein-Westfalen,Nordrhein-Westfalen,10.21
53111,Nordrhein-Westfalen,Nordrhein-Westfalen,10.21
53113,Nordrhein-Westfalen,Nordrhein-Westfalen,10.21
53115,Nordrhein-Westfalen,Nordrhein-Westfalen,10.21
53117,Nordrhein-Westfalen,Nordrhein-Westfalen,10.21
53119,Nordrhein-Westfalen,Nordrhein-Westfalen,10.21
53121,Nordrhein-Westfalen,Nordrhein-Westfalen,10.21
53123,Nordrhein-Westfalen,Nordrhein-Westfalen,10.21
53125,Nordrhein-Westfalen,Nordrhein-Westfalen,10.21
53127,Nordrhein-Westfalen,Nordrhein-Westfalen,10.21
53129,Nordrhein-Westfalen,Nordrhein-Westfalen,10.21
53160,Nordrhein-Westfalen,Nordrhein-Westfalen,10.21
53168,Nordrhein-Westfalen,Nordrhein-Westfalen,10.21
53169,Nordrhein-Westfalen,Nordrhein-Westfalen,10.21
53170,Nordrhein-Westfalen,Nordrhein-Westfalen,10.21
53171,Nordrhein-Westfalen,Nordrhein-Westfalen,10.21
53173,Nordrhein-Westfalen,Nordrhein-Westfalen,10.21
53175,Nordrhein-Westfalen,Nordrhein-Westfalen,10.21
53177,Nordrhein-Westfalen,Nordrhein-Westfalen,10.21
53179,Nordrhein-Westfalen,Nordrhein-Westfalen,10.21
53221,Nordrhein-Westfalen,Nordrhein-Westfalen,10.21
53222,Nordrhein-Westfalen,Nordrhein-Westfalen,10.21
53223,Nordrhein-Westfalen,Nordrhein-Westfalen,10.21
53225,Nordrhein-Westfalen,Nordrhein-Westfalen,10.21
53227,Nordrhein-Westfalen,Nordrhein-Westfalen,10.21
53229,Nordrhein-Westfalen,Nordrhein-Westfalen,10.21
53241,Nordrhein-Westfalen,Nordrhein-Westfalen,10.21
53243,Nordrhein-Westfalen,Nordrhein-Westfalen,10.21
53245,Nordrhein-Westfalen,Nordrhein-Westfalen,10.21
53247,Nordrhein-Westfalen,Nordrhein-Westfalen,10.21
53248,Nordrhein-Westfalen,Nordrhein-Westfalen,10.21
53249,Nordrhein-Westfalen,Nordrhein-Westfalen,10.21
53250,Nordrhein-Westfalen,Nordrhein-Westfalen,10.21
53251,Nordrhein-Westfalen,Nordrhein-Westfalen,10.21
53252,Nordrhein-Westfalen,Nordrhein-Westfalen,10.21
53253,Nordrhein-Westfalen,Nordrhein-Westfalen,10.21
53254,Nordrhein-Westfalen,Nordrhein-Westfalen,10.21
53255,Nordrhein-Westfalen,Nordrhein-Westfalen,10.21
53262,Nordrhein-Westfalen,Nordrhein-Westfalen,10.21
53284,Nordrhein-Westfalen,Nordrhein-Westfalen,10.21
53285,Nordrhein-Westfalen,Nordrhein-Westfalen,10.21
53286,Nordrhein-Westfalen,Nordrhein-Westfalen,10.21
53287,Nordrhein-Westfalen,Nordrhein-Westfalen,10.21
53288,Nordrhein-Westfalen,Nordrhein-Westfalen,10.21
53289,Bavaria,Bayern,8.855000000000004
53330,Nordrhein-Westfalen,Nordrhein-Westfalen,10.21
53332,Nordrhein-Westfalen,Nordrhein-Westfalen,10.21
53338,Nordrhein-Westfalen,Nordrhein-Westfalen,10.21
53340,Nordrhein-Westfalen,Nordrhein-Westfalen,10.21
53343,Nordrhein-Westfalen,Nordrhein-Westfalen,10.21
53347,Nordrhein-Westfalen,Nordrhein-Westfalen,10.21
53357,Nordrhein-Westfalen,Nordrhein-Westfalen,10.21
53359,Nordrhein-Westfalen,Nordrhein-Westfalen,10.21
53423,Rheinland-Pfalz,Rheinland-Pfalz,9.885000000000002
53424,Rheinland-Pfalz,Rheinland-Pfalz,9.885000000000002
53426,Rheinland-Pfalz,Rheinland-Pfalz,9.885000000000002
53455,Rheinland-Pfalz,Rheinland-Pfalz,9.885000000000002
53470,Rheinland-Pfalz,Rheinland-Pfalz,9.885000000000002
53474,Rheinland-Pfalz,Rheinland-Pfalz,9.885000000000002
53489,Rheinland-Pfalz,Rheinland-Pfalz,9.885000000000002
53498,Rheinland-Pfalz,Rheinland-Pfalz,9.885000000000002
53501,Rheinland-Pfalz,Rheinland-Pfalz,9.885000000000002
53505,Rheinland-Pfalz,Rheinland-Pfalz,9.885000000000002
53506,Rheinland-Pfalz,Rheinland-Pfalz,9.885000000000002
53507,Rheinland-Pfalz,Rheinland-Pfalz,9.885000000000002
53508,Rheinland-Pfalz,Rheinland-Pfalz,9.885000000000002
53518,Rheinland-Pfalz,Rheinland-Pfalz,9.885000000000002
53520,Rheinland-Pfalz,Rheinland-Pfalz,9.885000000000002
53533,Rheinland-Pfalz,Rheinland-Pfalz,9.885000000000002
53534,Rheinland-Pfalz,Rheinland-Pfalz,9.885000000000002
53539,Rheinland-Pfalz,Rheinland-Pfalz,9.885000000000002
53545,Rheinland-Pfalz,Rheinland-Pfalz,9.885000000000002
53547,Rheinland-Pfalz,Rheinland-Pfalz,9.885000000000002
53557,Rheinland-Pfalz,Rheinland-Pfalz,9.885000000000002
53560,Rheinland-Pfalz,Rheinland-Pfalz,9.885000000000002
53562,Rheinland-Pfalz,Rheinland-Pfalz,9.885000000000002
53567,Rheinland-Pfalz,Rheinland-Pfalz,9.885000000000002
53572,Rheinland-Pfalz,Rheinland-Pfalz,9.885000000000002
53577,Rheinland-Pfalz,Rheinland-Pfalz,9.885000000000002
53578,Rheinland-Pfalz,Rheinland-Pfalz,9.885000000000002
53579,Rheinland-Pfalz,Rheinland-Pfalz,9.885000000000002
53602,Nordrhein-Westfalen,Nordrhein-Westfalen,10.21
53604,Nordrhein-Westfalen,Nordrhein-Westfalen,10.21
53619,Rheinland-Pfalz,Rheinland-Pfalz,9.885000000000002
53637,Nordrhein-Westfalen,Nordrhein-Westfalen,10.21
53639,Nordrhein-Westfalen,Nordrhein-Westfalen,10.21
53717,Nordrhein-Westfalen,Nordrhein-Westfalen,10.21
53718,Nordrhein-Westfalen,Nordrhein-Westfalen,10.21
53719,Nordrhein-Westfalen,Nordrhein-Westfalen,10.21
53721,Nordrhein-Westfalen,Nordrhein-Westfalen,10.21
53754,Nordrhein-Westfalen,Nordrhein-Westfalen,10.21
53757,Nordrhein-Westfalen,Nordrhein-Westfalen,10.21
53773,Nordrhein-Westfalen,Nordrhein-Westfalen,10.21
53783,Nordrhein-Westfalen,Nordrhein-Westfalen,10.21
53797,Nordrhein-Westfalen,Nordrhein-Westfalen,10.21
53804,Nordrhein-Westfalen,Nordrhein-Westfalen,10.21
53809,Nordrhein-Westfalen,Nordrhein-Westfalen,10.21
53819,Nordrhein-Westfalen,Nordrhein-Westfalen,10.21
53839,Nordrhein-Westfalen,Nordrhein-Westfalen,10.21
53840,Nordrhein-Westfalen,Nordrhein-Westfalen,10.21
53842,Nordrhein-Westfalen,Nordrhein-Westfalen,10.21
53844,Nordrhein-Westfalen,Nordrhein-Westfalen,10.21
53859,Nordrhein-Westfalen,Nordrhein-Westfalen,10.21
53877,Nordrhein-Westfalen,Nordrhein-Westfalen,10.21
53879,Nordrhein-Westfalen,Nordrhein-Westfalen,10.21
53881,Nordrhein-Westfalen,Nordrhein-Westfalen,10.21
53884,Nordrhein-Westfalen,Nordrhein-Westfalen,10.21
53894,Nordrhein-Westfalen,Nordrhein-Westfalen,10.21
53902,Nordrhein-Westfalen,Nordrhein-Westfalen,10.21
53909,Nordrhein-Westfalen,Nordrhein-Westfalen,10.21
53913,Nordrhein-Westfalen,Nordrhein-Westfalen,10.21
53919,Nordrhein-Westfalen,Nordrhein-Westfalen,10.21
53925,Nordrhein-Westfalen,Nordrhein-Westfalen,10.21
53937,Nordrhein-Westfalen,Nordrhein-Westfalen,10.21
53940,Nordrhein-Westfalen,Nordrhein-Westfalen,10.21
53945,Nordrhein-Westfalen,Nordrhein-Westfalen,10.21
53947,Nordrhein-Westfalen,Nordrhein-Westfalen,10.21
53949,Nordrhein-Westfalen,Nordrhein-Westfalen,10.21
54187,Rheinland-Pfalz,Rheinland-Pfalz,9.885000000000002
54189,Rheinland-Pfalz,Rheinland-Pfalz,9.885000000000002
54190,Rheinland-Pfalz,Rheinland-Pfalz,9.885000000000002
54286,Rheinland-Pfalz,Rheinland-Pfalz,9.885000000000002
54287,Rheinland-Pfalz,Rheinland-Pfalz,9.885000000000002
54290,Rheinland-Pfalz,Rheinland-Pfalz,9.885000000000002
54292,Rheinland-Pfalz,Rheinland-Pfalz,9.885000000000002
54293,Rheinland-Pfalz,Rheinland-Pfalz,9.885000000000002
54294,Rheinland-Pfalz,Rheinland-Pfalz,9.885000000000002
54295,Rheinland-Pfalz,Rheinland-Pfalz,9.885000000000002
54296,Rheinland-Pfalz,Rheinland-Pfalz,9.885000000000002
54298,Rheinland-Pfalz,Rheinland-Pfalz,9.885000000000002
54306,Rheinland-Pfalz,Rheinland-Pfalz,9.885000000000002
54308,Rheinland-Pfalz,Rheinland-Pfalz,9.885000000000002
54309,Rheinland-Pfalz,Rheinland-Pfalz,9.885000000000002
54310,Rheinland-Pfalz,Rheinland-Pfalz,9.885000000000002
54311,Rheinland-Pfalz,Rheinland-Pfalz,9.885000000000002
54313,Rheinland-Pfalz,Rheinland-Pfalz,9.885000000000002
54314,Rheinland-Pfalz,Rheinland-Pfalz,9.885000000000002
54316,Rheinland-Pfalz,Rheinland-Pfalz,9.885000000000002
54317,Rheinland-Pfalz,Rheinland-Pfalz,9.885000000000002
54318,Rheinland-Pfalz,Rheinland-Pfalz,9.885000000000002
54320,Rheinland-Pfalz,Rheinland-Pfalz,9.885000000000002
54329,Rheinland-Pfalz,Rheinland-Pfalz,9.885000000000002
54331,Rheinland-Pfalz,Rheinland-Pfalz,9.885000000000002
54332,Rheinland-Pfalz,Rheinland-Pfalz,9.885000000000002
54338,Rheinland-Pfalz,Rheinland-Pfalz,9.885000000000002
54340,Rheinland-Pfalz,Rheinland-Pfalz,9.885000000000002
54341,Rheinland-Pfalz,Rheinland-Pfalz,9.885000000000002
54343,Rheinland-Pfalz,Rheinland-Pfalz,9.885000000000002
54344,Rheinland-Pfalz,Rheinland-Pfalz,9.885000000000002
54346,Rheinland-Pfalz,Rheinland-Pfalz,9.885000000000002
54347,Rheinland-Pfalz,Rheinland-Pfalz,9.885000000000002
54349,Rheinland-Pfalz,Rheinland-Pfalz,9.885000000000002
54411,Rheinland-Pfalz,Rheinland-Pfalz,9.885000000000002
54413,Rheinland-Pfalz,Rheinland-Pfalz,9.885000000000002
54421,Rheinland-Pfalz,Rheinland-Pfalz,9.885000000000002
54422,Rheinland-Pfalz,Rheinland-Pfalz,9.885000000000002
54424,Rheinland-Pfalz,Rheinland-Pfalz,9.885000000000002
54426,Rheinland-Pfalz,Rheinland-Pfalz,9.885000000000002
54427,Rheinland-Pfalz,Rheinland-Pfalz,9.885000000000002
54429,Rheinland-Pfalz,Rheinland-Pfalz,9.885000000000002
54439,Rheinland-Pfalz,Rheinland-Pfalz,9.885000000000002
54441,Rheinland-Pfalz,Rheinland-Pfalz,9.885000000000002
54450,Rheinland-Pfalz,Rheinland-Pfalz,9.885000000000002
54451,Rheinland-Pfalz,Rheinland-Pfalz,9.885000000000002
54453,Rheinland-Pfalz,Rheinland-Pfalz,9.885000000000002
54455,Rheinland-Pfalz,Rheinland-Pfalz,9.885000000000002
54456,Rheinland-Pfalz,Rheinland-Pfalz,9.885000000000002
54457,Rheinland-Pfalz,Rheinland-Pfalz,9.885000000000002
54459,Rheinland-Pfalz,Rheinland-Pfalz,9.885000000000002
54469,Rheinland-Pfalz,Rheinland-Pfalz,9.885000000000002
54470,Rheinland-Pfalz,Rheinland-Pfalz,9.885000000000002
54472,Rheinland-Pfalz,Rheinland-Pfalz,9.885000000000002
54483,Rheinland-Pfalz,Rheinland-Pfalz,9.885000000000002
54484,Rheinland-Pfalz,Rheinland-Pfalz,9.885000000000002
54486,Rheinland-Pfalz,Rheinland-Pfalz,9.885000000000002
54487,Rheinland-Pfalz,Rheinland-Pfalz,9.885000000000002
54492,Rheinland-Pfalz,Rheinland-Pfalz,9.885000000000002
54497,Rheinland-Pfalz,Rheinland-Pfalz,9.885000000000002
54498,Rheinland-Pfalz,Rheinland-Pfalz,9.885000000000002
54516,Rheinland-Pfalz,Rheinland-Pfalz,9.885000000000002
54518,Rheinland-Pfalz,Rheinland-Pfalz,9.885000000000002
54523,Rheinland-Pfalz,Rheinland-Pfalz,9.885000000000002
54524,Rheinland-Pfalz,Rheinland-Pfalz,9.885000000000002
54526,Rheinland-Pfalz,Rheinland-Pfalz,9.885000000000002
54528,Rheinland-Pfalz,Rheinland-Pfalz,9.885000000000002
54529,Rheinland-Pfalz,Rheinland-Pfalz,9.885000000000002
54531,Rheinland-Pfalz,Rheinland-Pfalz,9.885000000000002
54533,Rheinland-Pfalz,Rheinland-Pfalz,9.885000000000002
54534,Rheinland-Pfalz,Rheinland-Pfalz,9.885000000000002
54536,Rheinland-Pfalz,Rheinland-Pfalz,9.885000000000002
54538,Rheinland-Pfalz,Rheinland-Pfalz,9.885000000000002
54539,Rheinland-Pfalz,Rheinland-Pfalz,9.885000000000002
54550,Rheinland-Pfalz,Rheinland-Pfalz,9.885000000000002
54552,Rheinland-Pfalz,Rheinland-Pfalz,9.885000000000002
54558,Rheinland-Pfalz,Rheinland-Pfalz,9.885000000000002
54567,Rheinland-Pfalz,Rheinland-Pfalz,9.885000000000002
54568,Rheinland-Pfalz,Rheinland-Pfalz,9.885000000000002
54570,Rheinland-Pfalz,Rheinland-Pfalz,9.885000000000002
54574,Rheinland-Pfalz,Rheinland-Pfalz,9.885000000000002
54576,Rheinland-Pfalz,Rheinland-Pfalz,9.885000000000002
54578,Rheinland-Pfalz,Rheinland-Pfalz,9.885000000000002
54579,Rheinland-Pfalz,Rheinland-Pfalz,9.885000000000002
54584,Rheinland-Pfalz,Rheinland-Pfalz,9.885000000000002
54585,Rheinland-Pfalz,Rheinland-Pfalz,9.885000000000002
54586,Rheinland-Pfalz,Rheinland-Pfalz,9.885000000000002
54587,Rheinland-Pfalz,Rheinland-Pfalz,9.885000000000002
54589,Rheinland-Pfalz,Rheinland-Pfalz,9.885000000000002
54595,Rheinland-Pfalz,Rheinland-Pfalz,9.885000000000002
54597,Rheinland-Pfalz,Rheinland-Pfalz,9.885000000000002
54608,Rheinland-Pfalz,Rheinland-Pfalz,9.885000000000002
54610,Rheinland-Pfalz,Rheinland-Pfalz,9.885000000000002
54611,Rheinland-Pfalz,Rheinland-Pfalz,9.885000000000002
54612,Rheinland-Pfalz,Rheinland-Pfalz,9.885000000000002
54614,Rheinland-Pfalz,Rheinland-Pfalz,9.885000000000002
54616,Rheinland-Pfalz,Rheinland-Pfalz,9.885000000000002
54617,Rheinland-Pfalz,Rheinland-Pfalz,9.885000000000002
54619,Rheinland-Pfalz,Rheinland-Pfalz,9.885000000000002
54634,Rheinland-Pfalz,Rheinland-Pfalz,9.885000000000002
54636,Rheinland-Pfalz,Rheinland-Pfalz,9.885000000000002
54646,Rheinland-Pfalz,Rheinland-Pfalz,9.885000000000002
54647,Rheinland-Pfalz,Rheinland-Pfalz,9.885000000000002
54649,Rheinland-Pfalz,Rheinland-Pfalz,9.885000000000002
54655,Rheinland-Pfalz,Rheinland-Pfalz,9.885000000000002
54657,Rheinland-Pfalz,Rheinland-Pfalz,9.885000000000002
54662,Rheinland-Pfalz,Rheinland-Pfalz,9.885000000000002
54664,Rheinland-Pfalz,Rheinland-Pfalz,9.885000000000002
54666,Rheinland-Pfalz,Rheinland-Pfalz,9.885000000000002
54668,Rheinland-Pfalz,Rheinland-Pfalz,9.885000000000002
54669,Rheinland-Pfalz,Rheinland-Pfalz,9.885000000000002
54673,Rheinland-Pfalz,Rheinland-Pfalz,9.885000000000002
54675,Rheinland-Pfalz,Rheinland-Pfalz,9.885000000000002
54687,Rheinland-Pfalz,Rheinland-Pfalz,9.885000000000002
54689,Rheinland-Pfalz,Rheinland-Pfalz,9.885000000000002
55097,Rheinland-Pfalz,Rheinland-Pfalz,9.885000000000002
55098,Rheinland-Pfalz,Rheinland-Pfalz,9.885000000000002
55099,Rheinland-Pfalz,Rheinland-Pfalz,9.885000000000002
55100,Rheinland-Pfalz,Rheinland-Pfalz,9.885000000000002
55101,Rheinland-Pfalz,Rheinland-Pfalz,9.885000000000002
55116,Rheinland-Pfalz,Rheinland-Pfalz,9.885000000000002
55118,Rheinland-Pfalz,Rheinland-Pfalz,9.885000000000002
55120,Rheinland-Pfalz,Rheinland-Pfalz,9.885000000000002
55122,Rheinland-Pfalz,Rheinland-Pfalz,9.885000000000002
55124,Rheinland-Pfalz,Rheinland-Pfalz,9.885000000000002
55126,Rheinland-Pfalz,Rheinland-Pfalz,9.885000000000002
55127,Rheinland-Pfalz,Rheinland-Pfalz,9.885000000000002
55128,Rheinland-Pfalz,Rheinland-Pfalz,9.885000000000002
55129,Rheinland-Pfalz,Rheinland-Pfalz,9.885000000000002
55130,Rheinland-Pfalz,Rheinland-Pfalz,9.885000000000002
55131,Rheinland-Pfalz,Rheinland-Pfalz,9.885000000000002
55146,Rheinland-Pfalz,Rheinland-Pfalz,9.885000000000002
55147,Rheinland-Pfalz,Rheinland-Pfalz,9.885000000000002
55148,Rheinland-Pfalz,Rheinland-Pfalz,9.885000000000002
55149,Rheinland-Pfalz,Rheinland-Pfalz,9.885000000000002
55150,Rheinland-Pfalz,Rheinland-Pfalz,9.885000000000002
55218,Rheinland-Pfalz,Rheinland-Pfalz,9.885000000000002
55232,Rheinland-Pfalz,Rheinland-Pfalz,9.885000000000002
55234,Rheinland-Pfalz,Rheinland-Pfalz,9.885000000000002
55237,Rheinland-Pfalz,Rheinland-Pfalz,9.885000000000002
55239,Rheinland-Pfalz,Rheinland-Pfalz,9.885000000000002
55246,Hessen,Hessen,9.555
55252,Hessen,Hessen,9.555
55257,Rheinland-Pfalz,Rheinland-Pfalz,9.885000000000002
55262,Rheinland-Pfalz,Rheinland-Pfalz,9.885000000000002
55263,Rheinland-Pfalz,Rheinland-Pfalz,9.885000000000002
55266,Rheinland-Pfalz,Rheinland-Pfalz,9.885000000000002
55268,Rheinland-Pfalz,Rheinland-Pfalz,9.885000000000002
55270,Rheinland-Pfalz,Rheinland-Pfalz,9.885000000000002
55271,Rheinland-Pfalz,Rheinland-Pfalz,9.885000000000002
55276,Rheinland-Pfalz,Rheinland-Pfalz,9.885000000000002
55278,Rheinland-Pfalz,Rheinland-Pfalz,9.885000000000002
55283,Rheinland-Pfalz,Rheinland-Pfalz,9.885000000000002
55286,Rheinland-Pfalz,Rheinland-Pfalz,9.885000000000002
55288,Rheinland-Pfalz,Rheinland-Pfalz,9.885000000000002
55291,Rheinland-Pfalz,Rheinland-Pfalz,9.885000000000002
55294,Rheinland-Pfalz,Rheinland-Pfalz,9.885000000000002
55296,Rheinland-Pfalz,Rheinland-Pfalz,9.885000000000002
55299,Rheinland-Pfalz,Rheinland-Pfalz,9.885000000000002
55408,Rheinland-Pfalz,Rheinland-Pfalz,9.885000000000002
55409,Rheinland-Pfalz,Rheinland-Pfalz,9.885000000000002
55411,Rheinland-Pfalz,Rheinland-Pfalz,9.885000000000002
55413,Rheinland-Pfalz,Rheinland-Pfalz,9.885000000000002
55422,Rheinland-Pfalz,Rheinland-Pfalz,9.885000000000002
55424,Rheinland-Pfalz,Rheinland-Pfalz,9.885000000000002
55425,Rheinland-Pfalz,Rheinland-Pfalz,9.885000000000002
55430,Rheinland-Pfalz,Rheinland-Pfalz,9.885000000000002
55432,Rheinland-Pfalz,Rheinland-Pfalz,9.885000000000002
55435,Rheinland-Pfalz,Rheinland-Pfalz,9.885000000000002
55437,Rheinland-Pfalz,Rheinland-Pfalz,9.885000000000002
55442,Rheinland-Pfalz,Rheinland-Pfalz,9.885000000000002
55444,Rheinland-Pfalz,Rheinland-Pfalz,9.885000000000002
55450,Rheinland-Pfalz,Rheinland-Pfalz,9.885000000000002
55452,Rheinland-Pfalz,Rheinland-Pfalz,9.885000000000002
55457,Rheinland-Pfalz,Rheinland-Pfalz,9.885000000000002
55459,Rheinland-Pfalz,Rheinland-Pfalz,9.885000000000002
55469,Rheinland-Pfalz,Rheinland-Pfalz,9.885000000000002
55471,Rheinland-Pfalz,Rheinland-Pfalz,9.885000000000002
55481,Rheinland-Pfalz,Rheinland-Pfalz,9.885000000000002
55483,Rheinland-Pfalz,Rheinland-Pfalz,9.885000000000002
55487,Rheinland-Pfalz,Rheinland-Pfalz,9.885000000000002
55490,Rheinland-Pfalz,Rheinland-Pfalz,9.885000000000002
55491,Rheinland-Pfalz,Rheinland-Pfalz,9.885000000000002
55494,Rheinland-Pfalz,Rheinland-Pfalz,9.885000000000002
55496,Rheinland-Pfalz,Rheinland-Pfalz,9.885000000000002
55497,Rheinland-Pfalz,Rheinland-Pfalz,9.885000000000002
55499,Rheinland-Pfalz,Rheinland-Pfalz,9.885000000000002
55538,Rheinland-Pfalz,Rheinland-Pfalz,9.885000000000002
55540,Rheinland-Pfalz,Rheinland-Pfalz,9.885000000000002
55541,Bavaria,Bayern,8.855000000000004
55543,Rheinland-Pfalz,Rheinland-Pfalz,9.885000000000002
55545,Rheinland-Pfalz,Rheinland-Pfalz,9.885000000000002
55546,Rheinland-Pfalz,Rheinland-Pfalz,9.885000000000002
55559,Rheinland-Pfalz,Rheinland-Pfalz,9.885000000000002
55566,Rheinland-Pfalz,Rheinland-Pfalz,9.885000000000002
55568,Rheinland-Pfalz,Rheinland-Pfalz,9.885000000000002
55569,Rheinland-Pfalz,Rheinland-Pfalz,9.885000000000002
55571,Rheinland-Pfalz,Rheinland-Pfalz,9.885000000000002
55576,Rheinland-Pfalz,Rheinland-Pfalz,9.885000000000002
55578,Rheinland-Pfalz,Rheinland-Pfalz,9.885000000000002
55583,Rheinland-Pfalz,Rheinland-Pfalz,9.885000000000002
55585,Rheinland-Pfalz,Rheinland-Pfalz,9.885000000000002
55590,Rheinland-Pfalz,Rheinland-Pfalz,9.885000000000002
55592,Rheinland-Pfalz,Rheinland-Pfalz,9.885000000000002
55593,Rheinland-Pfalz,Rheinland-Pfalz,9.885000000000002
55595,Rheinland-Pfalz,Rheinland-Pfalz,9.885000000000002
55596,Rheinland-Pfalz,Rheinland-Pfalz,9.885000000000002
55597,Rheinland-Pfalz,Rheinland-Pfalz,9.885000000000002
55599,Rheinland-Pfalz,Rheinland-Pfalz,9.885000000000002
55606,Rheinland-Pfalz,Rheinland-Pfalz,9.885000000000002
55608,Rheinland-Pfalz,Rheinland-Pfalz,9.885000000000002
55618,Rheinland-Pfalz,Rheinland-Pfalz,9.885000000000002
55619,Rheinland-Pfalz,Rheinland-Pfalz,9.885000000000002
55621,Rheinland-Pfalz,Rheinland-Pfalz,9.885000000000002
55624,Rheinland-Pfalz,Rheinland-Pfalz,9.885000000000002
55626,Rheinland-Pfalz,Rheinland-Pfalz,9.885000000000002
55627,Rheinland-Pfalz,Rheinland-Pfalz,9.885000000000002
55629,Rheinland-Pfalz,Rheinland-Pfalz,9.885000000000002
55743,Rheinland-Pfalz,Rheinland-Pfalz,9.885000000000002
55756,Rheinland-Pfalz,Rheinland-Pfalz,9.885000000000002
55758,Rheinland-Pfalz,Rheinland-Pfalz,9.885000000000002
55765,Rheinland-Pfalz,Rheinland-Pfalz,9.885000000000002
55767,Rheinland-Pfalz,Rheinland-Pfalz,9.885000000000002
55768,Rheinland-Pfalz,Rheinland-Pfalz,9.885000000000002
55774,Rheinland-Pfalz,Rheinland-Pfalz,9.885000000000002
55776,Rheinland-Pfalz,Rheinland-Pfalz,9.885000000000002
55777,Rheinland-Pfalz,Rheinland-Pfalz,9.885000000000002
55779,Rheinland-Pfalz,Rheinland-Pfalz,9.885000000000002
56037,Rheinland-Pfalz,Rheinland-Pfalz,9.885000000000002
56040,Rheinland-Pfalz,Rheinland-Pfalz,9.885000000000002
56048,Rheinland-Pfalz,Rheinland-Pfalz,9.885000000000002
56053,Rheinland-Pfalz,Rheinland-Pfalz,9.885000000000002
56054,Rheinland-Pfalz,Rheinland-Pfalz,9.885000000000002
56055,Rheinland-Pfalz,Rheinland-Pfalz,9.885000000000002
56056,Rheinland-Pfalz,Rheinland-Pfalz,9.885000000000002
56057,Rheinland-Pfalz,Rheinland-Pfalz,9.885000000000002
56058,Rheinland-Pfalz,Rheinland-Pfalz,9.885000000000002
56059,Rheinland-Pfalz,Rheinland-Pfalz,9.885000000000002
56060,Rheinland-Pfalz,Rheinland-Pfalz,9.885000000000002
56062,Rheinland-Pfalz,Rheinland-Pfalz,9.885000000000002
56063,Rheinland-Pfalz,Rheinland-Pfalz,9.885000000000002
56064,Rheinland-Pfalz,Rheinland-Pfalz,9.885000000000002
56065,Rheinland-Pfalz,Rheinland-Pfalz,9.885000000000002
56066,Rheinland-Pfalz,Rheinland-Pfalz,9.885000000000002
56068,Rheinland-Pfalz,Rheinland-Pfalz,9.885000000000002
56070,Rheinland-Pfalz,Rheinland-Pfalz,9.885000000000002
56072,Rheinland-Pfalz,Rheinland-Pfalz,9.885000000000002
56073,Rheinland-Pfalz,Rheinland-Pfalz,9.885000000000002
56075,Rheinland-Pfalz,Rheinland-Pfalz,9.885000000000002
56076,Rheinland-Pfalz,Rheinland-Pfalz,9.885000000000002
56077,Rheinland-Pfalz,Rheinland-Pfalz,9.885000000000002
56078,Rheinland-Pfalz,Rheinland-Pfalz,9.885000000000002
56079,Rheinland-Pfalz,Rheinland-Pfalz,9.885000000000002
56080,Rheinland-Pfalz,Rheinland-Pfalz,9.885000000000002
56112,Rheinland-Pfalz,Rheinland-Pfalz,9.885000000000002
56128,Rheinland-Pfalz,Rheinland-Pfalz,9.885000000000002
56129,Rheinland-Pfalz,Rheinland-Pfalz,9.885000000000002
56130,Rheinland-Pfalz,Rheinland-Pfalz,9.885000000000002
56132,Rheinland-Pfalz,Rheinland-Pfalz,9.885000000000002
56133,Rheinland-Pfalz,Rheinland-Pfalz,9.885000000000002
56154,Rheinland-Pfalz,Rheinland-Pfalz,9.885000000000002
56170,Rheinland-Pfalz,Rheinland-Pfalz,9.885000000000002
56179,Rheinland-Pfalz,Rheinland-Pfalz,9.885000000000002
56182,Rheinland-Pfalz,Rheinland-Pfalz,9.885000000000002
56191,Rheinland-Pfalz,Rheinland-Pfalz,9.885000000000002
56203,Rheinland-Pfalz,Rheinland-Pfalz,9.885000000000002
56204,Rheinland-Pfalz,Rheinland-Pfalz,9.885000000000002
56206,Rheinland-Pfalz,Rheinland-Pfalz,9.885000000000002
56218,Rheinland-Pfalz,Rheinland-Pfalz,9.885000000000002
56220,Rheinland-Pfalz,Rheinland-Pfalz,9.885000000000002
56235,Rheinland-Pfalz,Rheinland-Pfalz,9.885000000000002
56237,Rheinland-Pfalz,Rheinland-Pfalz,9.885000000000002
56242,Rheinland-Pfalz,Rheinland-Pfalz,9.885000000000002
56244,Rheinland-Pfalz,Rheinland-Pfalz,9.885000000000002
56249,Rheinland-Pfalz,Rheinland-Pfalz,9.885000000000002
56253,Rheinland-Pfalz,Rheinland-Pfalz,9.885000000000002
56254,Rheinland-Pfalz,Rheinland-Pfalz,9.885000000000002
56269,Rheinland-Pfalz,Rheinland-Pfalz,9.885000000000002
56271,Rheinland-Pfalz,Rheinland-Pfalz,9.885000000000002
56276,Rheinland-Pfalz,Rheinland-Pfalz,9.885000000000002
56281,Rheinland-Pfalz,Rheinland-Pfalz,9.885000000000002
56283,Rheinland-Pfalz,Rheinland-Pfalz,9.885000000000002
56288,Rheinland-Pfalz,Rheinland-Pfalz,9.885000000000002
56290,Rheinland-Pfalz,Rheinland-Pfalz,9.885000000000002
56291,Rheinland-Pfalz,Rheinland-Pfalz,9.885000000000002
56294,Rheinland-Pfalz,Rheinland-Pfalz,9.885000000000002
56295,Rheinland-Pfalz,Rheinland-Pfalz,9.885000000000002
56299,Rheinland-Pfalz,Rheinland-Pfalz,9.885000000000002
56305,Rheinland-Pfalz,Rheinland-Pfalz,9.885000000000002
56307,Rheinland-Pfalz,Rheinland-Pfalz,9.885000000000002
56316,Rheinland-Pfalz,Rheinland-Pfalz,9.885000000000002
56317,Rheinland-Pfalz,Rheinland-Pfalz,9.885000000000002
56321,Rheinland-Pfalz,Rheinland-Pfalz,9.885000000000002
56322,Rheinland-Pfalz,Rheinland-Pfalz,9.885000000000002
56323,Rheinland-Pfalz,Rheinland-Pfalz,9.885000000000002
56329,Rheinland-Pfalz,Rheinland-Pfalz,9.885000000000002
56330,Rheinland-Pfalz,Rheinland-Pfalz,9.885000000000002
56332,Rheinland-Pfalz,Rheinland-Pfalz,9.885000000000002
56333,Rheinland-Pfalz,Rheinland-Pfalz,9.885000000000002
56335,Rheinland-Pfalz,Rheinland-Pfalz,9.885000000000002
56337,Rheinland-Pfalz,Rheinland-Pfalz,9.885000000000002
56338,Rheinland-Pfalz,Rheinland-Pfalz,9.885000000000002
56340,Rheinland-Pfalz,Rheinland-Pfalz,9.885000000000002
56341,Rheinland-Pfalz,Rheinland-Pfalz,9.885000000000002
56346,Rheinland-Pfalz,Rheinland-Pfalz,9.885000000000002
56348,Rheinland-Pfalz,Rheinland-Pfalz,9.885000000000002
56349,Rheinland-Pfalz,Rheinland-Pfalz,9.885000000000002
56355,Rheinland-Pfalz,Rheinland-Pfalz,9.885000000000002
56357,Rheinland-Pfalz,Rheinland-Pfalz,9.885000000000002
56368,Rheinland-Pfalz,Rheinland-Pfalz,9.885000000000002
56370,Rheinland-Pfalz,Rheinland-Pfalz,9.885000000000002
56377,Rheinland-Pfalz,Rheinland-Pfalz,9.885000000000002
56379,Rheinland-Pfalz,Rheinland-Pfalz,9.885000000000002
56407,Rheinland-Pfalz,Rheinland-Pfalz,9.885000000000002
56409,Rheinland-Pfalz,Rheinland-Pfalz,9.885000000000002
56410,Rheinland-Pfalz,Rheinland-Pfalz,9.885000000000002
56412,Rheinland-Pfalz,Rheinland-Pfalz,9.885000000000002
56414,Rheinland-Pfalz,Rheinland-Pfalz,9.885000000000002
56422,Rheinland-Pfalz,Rheinland-Pfalz,9.885000000000002
56424,Rheinland-Pfalz,Rheinland-Pfalz,9.885000000000002
56427,Rheinland-Pfalz,Rheinland-Pfalz,9.885000000000002
56428,Rheinland-Pfalz,Rheinland-Pfalz,9.885000000000002
56456,Rheinland-Pfalz,Rheinland-Pfalz,9.885000000000002
56457,Rheinland-Pfalz,Rheinland-Pfalz,9.885000000000002
56459,Rheinland-Pfalz,Rheinland-Pfalz,9.885000000000002
56462,Rheinland-Pfalz,Rheinland-Pfalz,9.885000000000002
56469,Rheinland-Pfalz,Rheinland-Pfalz,9.885000000000002
56470,Rheinland-Pfalz,Rheinland-Pfalz,9.885000000000002
56472,Rheinland-Pfalz,Rheinland-Pfalz,9.885000000000002
56476,Hessen,Hessen,9.555
56477,Rheinland-Pfalz,Rheinland-Pfalz,9.885000000000002
56479,Rheinland-Pfalz,Rheinland-Pfalz,9.885000000000002
56560,Rheinland-Pfalz,Rheinland-Pfalz,9.885000000000002
56562,Rheinland-Pfalz,Rheinland-Pfalz,9.885000000000002
56564,Rheinland-Pfalz,Rheinland-Pfalz,9.885000000000002
56566,Rheinland-Pfalz,Rheinland-Pfalz,9.885000000000002
56567,Rheinland-Pfalz,Rheinland-Pfalz,9.885000000000002
56575,Rheinland-Pfalz,Rheinland-Pfalz,9.885000000000002
56578,Rheinland-Pfalz,Rheinland-Pfalz,9.885000000000002
56579,Rheinland-Pfalz,Rheinland-Pfalz,9.885000000000002
56581,Rheinland-Pfalz,Rheinland-Pfalz,9.885000000000002
56584,Rheinland-Pfalz,Rheinland-Pfalz,9.885000000000002
56587,Rheinland-Pfalz,Rheinland-Pfalz,9.885000000000002
56588,Rheinland-Pfalz,Rheinland-Pfalz,9.885000000000002
56589,Rheinland-Pfalz,Rheinland-Pfalz,9.885000000000002
56593,Rheinland-Pfalz,Rheinland-Pfalz,9.885000000000002
56594,Rheinland-Pfalz,Rheinland-Pfalz,9.885000000000002
56598,Rheinland-Pfalz,Rheinland-Pfalz,9.885000000000002
56599,Rheinland-Pfalz,Rheinland-Pfalz,9.885000000000002
56624,Rheinland-Pfalz,Rheinland-Pfalz,9.885000000000002
56626,Rheinland-Pfalz,Rheinland-Pfalz,9.885000000000002
56630,Rheinland-Pfalz,Rheinland-Pfalz,9.885000000000002
56637,Rheinland-Pfalz,Rheinland-Pfalz,9.885000000000002
56642,Rheinland-Pfalz,Rheinland-Pfalz,9.885000000000002
56645,Rheinland-Pfalz,Rheinland-Pfalz,9.885000000000002
56647,Rheinland-Pfalz,Rheinland-Pfalz,9.885000000000002
56648,Rheinland-Pfalz,Rheinland-Pfalz,9.885000000000002
56651,Rheinland-Pfalz,Rheinland-Pfalz,9.885000000000002
56653,Rheinland-Pfalz,Rheinland-Pfalz,9.885000000000002
56656,Rheinland-Pfalz,Rheinland-Pfalz,9.885000000000002
56659,Rheinland-Pfalz,Rheinland-Pfalz,9.885000000000002
56723,Rheinland-Pfalz,Rheinland-Pfalz,9.885000000000002
56724,Rheinland-Pfalz,Rheinland-Pfalz,9.885000000000002
56725,Rheinland-Pfalz,Rheinland-Pfalz,9.885000000000002
56727,Rheinland-Pfalz,Rheinland-Pfalz,9.885000000000002
56729,Rheinland-Pfalz,Rheinland-Pfalz,9.885000000000002
56736,Rheinland-Pfalz,Rheinland-Pfalz,9.885000000000002
56743,Rheinland-Pfalz,Rheinland-Pfalz,9.885000000000002
56745,Rheinland-Pfalz,Rheinland-Pfalz,9.885000000000002
56746,Rheinland-Pfalz,Rheinland-Pfalz,9.885000000000002
56751,Rheinland-Pfalz,Rheinland-Pfalz,9.885000000000002
56753,Rheinland-Pfalz,Rheinland-Pfalz,9.885000000000002
56754,Rheinland-Pfalz,Rheinland-Pfalz,9.885000000000002
56759,Rheinland-Pfalz,Rheinland-Pfalz,9.885000000000002
56761,Rheinland-Pfalz,Rheinland-Pfalz,9.885000000000002
56766,Rheinland-Pfalz,Rheinland-Pfalz,9.885000000000002
56767,Rheinland-Pfalz,Rheinland-Pfalz,9.885000000000002
56769,Rheinland-Pfalz,Rheinland-Pfalz,9.885000000000002
56812,Rheinland-Pfalz,Rheinland-Pfalz,9.885000000000002
56814,Rheinland-Pfalz,Rheinland-Pfalz,9.885000000000002
56818,Rheinland-Pfalz,Rheinland-Pfalz,9.885000000000002
56820,Rheinland-Pfalz,Rheinland-Pfalz,9.885000000000002
56821,Rheinland-Pfalz,Rheinland-Pfalz,9.885000000000002
56823,Rheinland-Pfalz,Rheinland-Pfalz,9.885000000000002
56825,Rheinland-Pfalz,Rheinland-Pfalz,9.885000000000002
56826,Rheinland-Pfalz,Rheinland-Pfalz,9.885000000000002
56828,Rheinland-Pfalz,Rheinland-Pfalz,9.885000000000002
56829,Rheinland-Pfalz,Rheinland-Pfalz,9.885000000000002
56841,Rheinland-Pfalz,Rheinland-Pfalz,9.885000000000002
56843,Rheinland-Pfalz,Rheinland-Pfalz,9.885000000000002
56850,Rheinland-Pfalz,Rheinland-Pfalz,9.885000000000002
56856,Rheinland-Pfalz,Rheinland-Pfalz,9.885000000000002
56858,Rheinland-Pfalz,Rheinland-Pfalz,9.885000000000002
56859,Rheinland-Pfalz,Rheinland-Pfalz,9.885000000000002
56861,Rheinland-Pfalz,Rheinland-Pfalz,9.885000000000002
56862,Rheinland-Pfalz,Rheinland-Pfalz,9.885000000000002
56864,Rheinland-Pfalz,Rheinland-Pfalz,9.885000000000002
56865,Rheinland-Pfalz,Rheinland-Pfalz,9.885000000000002
56867,Rheinland-Pfalz,Rheinland-Pfalz,9.885000000000002
56869,Rheinland-Pfalz,Rheinland-Pfalz,9.885000000000002
57068,Nordrhein-Westfalen,Nordrhein-Westfalen,10.21
57069,Nordrhein-Westfalen,Nordrhein-Westfalen,10.21
57070,Nordrhein-Westfalen,Nordrhein-Westfalen,10.21
57072,Nordrhein-Westfalen,Nordrhein-Westfalen,10.21
57074,Nordrhein-Westfalen,Nordrhein-Westfalen,10.21
57076,Nordrhein-Westfalen,Nordrhein-Westfalen,10.21
57078,Nordrhein-Westfalen,Nordrhein-Westfalen,10.21
57080,Nordrhein-Westfalen,Nordrhein-Westfalen,10.21
57110,Nordrhein-Westfalen,Nordrhein-Westfalen,10.21
57223,Nordrhein-Westfalen,Nordrhein-Westfalen,10.21
57234,Nordrhein-Westfalen,Nordrhein-Westfalen,10.21
57250,Nordrhein-Westfalen,Nordrhein-Westfalen,10.21
57258,Nordrhein-Westfalen,Nordrhein-Westfalen,10.21
57271,Nordrhein-Westfalen,Nordrhein-Westfalen,10.21
57289,Nordrhein-Westfalen,Nordrhein-Westfalen,10.21
57290,Nordrhein-Westfalen,Nordrhein-Westfalen,10.21
57299,Nordrhein-Westfalen,Nordrhein-Westfalen,10.21
57319,Nordrhein-Westfalen,Nordrhein-Westfalen,10.21
57334,Nordrhein-Westfalen,Nordrhein-Westfalen,10.21
57339,Nordrhein-Westfalen,Nordrhein-Westfalen,10.21
57368,Nordrhein-Westfalen,Nordrhein-Westfalen,10.21
57392,Nordrhein-Westfalen,Nordrhein-Westfalen,10.21
57399,Nordrhein-Westfalen,Nordrhein-Westfalen,10.21
57413,Nordrhein-Westfalen,Nordrhein-Westfalen,10.21
57437,Nordrhein-Westfalen,Nordrhein-Westfalen,10.21
57439,Nordrhein-Westfalen,Nordrhein-Westfalen,10.21
57462,Nordrhein-Westfalen,Nordrhein-Westfalen,10.21
57482,Nordrhein-Westfalen,Nordrhein-Westfalen,10.21
57489,Nordrhein-Westfalen,Nordrhein-Westfalen,10.21
57517,Rheinland-Pfalz,Rheinland-Pfalz,9.885000000000002
57518,Rheinland-Pfalz,Rheinland-Pfalz,9.885000000000002
57520,Rheinland-Pfalz,Rheinland-Pfalz,9.885000000000002
57537,Rheinland-Pfalz,Rheinland-Pfalz,9.885000000000002
57539,Rheinland-Pfalz,Rheinland-Pfalz,9.885000000000002
57548,Rheinland-Pfalz,Rheinland-Pfalz,9.885000000000002
57555,Rheinland-Pfalz,Rheinland-Pfalz,9.885000000000002
57562,Rheinland-Pfalz,Rheinland-Pfalz,9.885000000000002
57567,Rheinland-Pfalz,Rheinland-Pfalz,9.885000000000002
57572,Rheinland-Pfalz,Rheinland-Pfalz,9.885000000000002
57577,Rheinland-Pfalz,Rheinland-Pfalz,9.885000000000002
57578,Rheinland-Pfalz,Rheinland-Pfalz,9.885000000000002
57580,Rheinland-Pfalz,Rheinland-Pfalz,9.885000000000002
57581,Rheinland-Pfalz,Rheinland-Pfalz,9.885000000000002
57583,Rheinland-Pfalz,Rheinland-Pfalz,9.885000000000002
57584,Rheinland-Pfalz,Rheinland-Pfalz,9.885000000000002
57586,Rheinland-Pfalz,Rheinland-Pfalz,9.885000000000002
57587,Rheinland-Pfalz,Rheinland-Pfalz,9.885000000000002
57589,Rheinland-Pfalz,Rheinland-Pfalz,9.885000000000002
57609,Rheinland-Pfalz,Rheinland-Pfalz,9.885000000000002
57610,Rheinland-Pfalz,Rheinland-Pfalz,9.885000000000002
57612,Rheinland-Pfalz,Rheinland-Pfalz,9.885000000000002
57614,Rheinland-Pfalz,Rheinland-Pfalz,9.885000000000002
57626,Rheinland-Pfalz,Rheinland-Pfalz,9.885000000000002
57627,Rheinland-Pfalz,Rheinland-Pfalz,9.885000000000002
57629,Rheinland-Pfalz,Rheinland-Pfalz,9.885000000000002
57632,Rheinland-Pfalz,Rheinland-Pfalz,9.885000000000002
57635,Rheinland-Pfalz,Rheinland-Pfalz,9.885000000000002
57636,Rheinland-Pfalz,Rheinland-Pfalz,9.885000000000002
57638,Rheinland-Pfalz,Rheinland-Pfalz,9.885000000000002
57639,Rheinland-Pfalz,Rheinland-Pfalz,9.885000000000002
57641,Rheinland-Pfalz,Rheinland-Pfalz,9.885000000000002
57642,Rheinland-Pfalz,Rheinland-Pfalz,9.885000000000002
57644,Rheinland-Pfalz,Rheinland-Pfalz,9.885000000000002
57645,Rheinland-Pfalz,Rheinland-Pfalz,9.885000000000002
57647,Rheinland-Pfalz,Rheinland-Pfalz,9.885000000000002
57648,Rheinland-Pfalz,Rheinland-Pfalz,9.885000000000002
58079,Nordrhein-Westfalen,Nordrhein-Westfalen,10.21
58080,Nordrhein-Westfalen,Nordrhein-Westfalen,10.21
58081,Nordrhein-Westfalen,Nordrhein-Westfalen,10.21
58082,Nordrhein-Westfalen,Nordrhein-Westfalen,10.21
58083,Nordrhein-Westfalen,Nordrhein-Westfalen,10.21
58084,Nordrhein-Westfalen,Nordrhein-Westfalen,10.21
58085,Nordrhein-Westfalen,Nordrhein-Westfalen,10.21
58086,Nordrhein-Westfalen,Nordrhein-Westfalen,10.21
58089,Nordrhein-Westfalen,Nordrhein-Westfalen,10.21
58091,Nordrhein-Westfalen,Nordrhein-Westfalen,10.21
58093,Nordrhein-Westfalen,Nordrhein-Westfalen,10.21
58095,Nordrhein-Westfalen,Nordrhein-Westfalen,10.21
58097,Nordrhein-Westfalen,Nordrhein-Westfalen,10.21
58099,Nordrhein-Westfalen,Nordrhein-Westfalen,10.21
58117,Nordrhein-Westfalen,Nordrhein-Westfalen,10.21
58119,Nordrhein-Westfalen,Nordrhein-Westfalen,10.21
58133,Nordrhein-Westfalen,Nordrhein-Westfalen,10.21
58135,Nordrhein-Westfalen,Nordrhein-Westfalen,10.21
58147,Nordrhein-Westfalen,Nordrhein-Westfalen,10.21
58237,Nordrhein-Westfalen,Nordrhein-Westfalen,10.21
58239,Nordrhein-Westfalen,Nordrhein-Westfalen,10.21
58256,Nordrhein-Westfalen,Nordrhein-Westfalen,10.21
58283,Nordrhein-Westfalen,Nordrhein-Westfalen,10.21
58285,Nordrhein-Westfalen,Nordrhein-Westfalen,10.21
58292,Nordrhein-Westfalen,Nordrhein-Westfalen,10.21
58298,Nordrhein-Westfalen,Nordrhein-Westfalen,10.21
58300,Nordrhein-Westfalen,Nordrhein-Westfalen,10.21
58311,Nordrhein-Westfalen,Nordrhein-Westfalen,10.21
58313,Nordrhein-Westfalen,Nordrhein-Westfalen,10.21
58330,Nordrhein-Westfalen,Nordrhein-Westfalen,10.21
58332,Nordrhein-Westfalen,Nordrhein-Westfalen,10.21
58339,Nordrhein-Westfalen,Nordrhein-Westfalen,10.21
58448,Nordrhein-Westfalen,Nordrhein-Westfalen,10.21
58449,Nordrhein-Westfalen,Nordrhein-Westfalen,10.21
58452,Nordrhein-Westfalen,Nordrhein-Westfalen,10.21
58453,Nordrhein-Westfalen,Nordrhein-Westfalen,10.21
58454,Nordrhein-Westfalen,Nordrhein-Westfalen,10.21
58455,Nordrhein-Westfalen,Nordrhein-Westfalen,10.21
58456,Nordrhein-Westfalen,Nordrhein-Westfalen,10.21
58505,Nordrhein-Westfalen,Nordrhein-Westfalen,10.21
58507,Nordrhein-Westfalen,Nordrhein-Westfalen,10.21
58509,Nordrhein-Westfalen,Nordrhein-Westfalen,10.21
58511,Nordrhein-Westfalen,Nordrhein-Westfalen,10.21
58513,Nordrhein-Westfalen,Nordrhein-Westfalen,10.21
58515,Nordrhein-Westfalen,Nordrhein-Westfalen,10.21
58540,Nordrhein-Westfalen,Nordrhein-Westfalen,10.21
58553,Nordrhein-Westfalen,Nordrhein-Westfalen,10.21
58566,Nordrhein-Westfalen,Nordrhein-Westfalen,10.21
58579,Nordrhein-Westfalen,Nordrhein-Westfalen,10.21
58603,Nordrhein-Westfalen,Nordrhein-Westfalen,10.21
58634,Nordrhein-Westfalen,Nordrhein-Westfalen,10.21
58636,Nordrhein-Westfalen,Nordrhein-Westfalen,10.21
58638,Nordrhein-Westfalen,Nordrhein-Westfalen,10.21
58640,Nordrhein-Westfalen,Nordrhein-Westfalen,10.21
58642,Nordrhein-Westfalen,Nordrhein-Westfalen,10.21
58644,Nordrhein-Westfalen,Nordrhein-Westfalen,10.21
58675,Nordrhein-Westfalen,Nordrhein-Westfalen,10.21
58706,Nordrhein-Westfalen,Nordrhein-Westfalen,10.21
58708,Nordrhein-Westfalen,Nordrhein-Westfalen,10.21
58710,Nordrhein-Westfalen,Nordrhein-Westfalen,10.21
58730,Nordrhein-Westfalen,Nordrhein-Westfalen,10.21
58739,Nordrhein-Westfalen,Nordrhein-Westfalen,10.21
58762,Nordrhein-Westfalen,Nordrhein-Westfalen,10.21
58769,Nordrhein-Westfalen,Nordrhein-Westfalen,10.21
58791,Nordrhein-Westfalen,Nordrhein-Westfalen,10.21
58802,Nordrhein-Westfalen,Nordrhein-Westfalen,10.21
58809,Nordrhein-Westfalen,Nordrhein-Westfalen,10.21
58840,Nordrhein-Westfalen,Nordrhein-Westfalen,10.21
58849,Nordrhein-Westfalen,Nordrhein-Westfalen,10.21
59056,Nordrhein-Westfalen,Nordrhein-Westfalen,10.21
59057,Nordrhein-Westfalen,Nordrhein-Westfalen,10.21
59059,Nordrhein-Westfalen,Nordrhein-Westfalen,10.21
59060,Nordrhein-Westfalen,Nordrhein-Westfalen,10.21
59061,Nordrhein-Westfalen,Nordrhein-Westfalen,10.21
59062,Nordrhein-Westfalen,Nordrhein-Westfalen,10.21
59063,Nordrhein-Westfalen,Nordrhein-Westfalen,10.21
59065,Nordrhein-Westfalen,Nordrhein-Westfalen,10.21
59067,Nordrhein-Westfalen,Nordrhein-Westfalen,10.21
59069,Nordrhein-Westfalen,Nordrhein-Westfalen,10.21
59071,Nordrhein-Westfalen,Nordrhein-Westfalen,10.21
59073,Nordrhein-Westfalen,Nordrhein-Westfalen,10.21
59075,Nordrhein-Westfalen,Nordrhein-Westfalen,10.21
59077,Nordrhein-Westfalen,Nordrhein-Westfalen,10.21
59089,Nordrhein-Westfalen,Nordrhein-Westfalen,10.21
59090,Nordrhein-Westfalen,Nordrhein-Westfalen,10.21
59172,Nordrhein-Westfalen,Nordrhein-Westfalen,10.21
59174,Nordrhein-Westfalen,Nordrhein-Westfalen,10.21
59192,Nordrhein-Westfalen,Nordrhein-Westfalen,10.21
59199,Nordrhein-Westfalen,Nordrhein-Westfalen,10.21
59215,Nordrhein-Westfalen,Nordrhein-Westfalen,10.21
59225,Nordrhein-Westfalen,Nordrhein-Westfalen,10.21
59227,Nordrhein-Westfalen,Nordrhein-Westfalen,10.21
59229,Nordrhein-Westfalen,Nordrhein-Westfalen,10.21
59267,Nordrhein-Westfalen,Nordrhein-Westfalen,10.21
59269,Nordrhein-Westfalen,Nordrhein-Westfalen,10.21
59299,Nordrhein-Westfalen,Nordrhein-Westfalen,10.21
59302,Nordrhein-Westfalen,Nordrhein-Westfalen,10.21
59320,Nordrhein-Westfalen,Nordrhein-Westfalen,10.21
59329,Nordrhein-Westfalen,Nordrhein-Westfalen,10.21
59348,Nordrhein-Westfalen,Nordrhein-Westfalen,10.21
59366,Nordrhein-Westfalen,Nordrhein-Westfalen,10.21
59368,Nordrhein-Westfalen,Nordrhein-Westfalen,10.21
59379,Nordrhein-Westfalen,Nordrhein-Westfalen,10.21
59385,Nordrhein-Westfalen,Nordrhein-Westfalen,10.21
59387,Nordrhein-Westfalen,Nordrhein-Westfalen,10.21
59394,Nordrhein-Westfalen,Nordrhein-Westfalen,10.21
59399,Nordrhein-Westfalen,Nordrhein-Westfalen,10.21
59423,Nordrhein-Westfalen,Nordrhein-Westfalen,10.21
59425,Nordrhein-Westfalen,Nordrhein-Westfalen,10.21
59427,Nordrhein-Westfalen,Nordrhein-Westfalen,10.21
59438,Nordrhein-Westfalen,Nordrhein-Westfalen,10.21
59439,Nordrhein-Westfalen,Nordrhein-Westfalen,10.21
59455,Nordrhein-Westfalen,Nordrhein-Westfalen,10.21
59457,Nordrhein-Westfalen,Nordrhein-Westfalen,10.21
59469,Nordrhein-Westfalen,Nordrhein-Westfalen,10.21
59490,Nordrhein-Westfalen,Nordrhein-Westfalen,10.21
59491,Nordrhein-Westfalen,Nordrhein-Westfalen,10.21
59494,Nordrhein-Westfalen,Nordrhein-Westfalen,10.21
59495,Nordrhein-Westfalen,Nordrhein-Westfalen,10.21
59505,Nordrhein-Westfalen,Nordrhein-Westfalen,10.21
59510,Nordrhein-Westfalen,Nordrhein-Westfalen,10.21
59514,Nordrhein-Westfalen,Nordrhein-Westfalen,10.21
59519,Nordrhein-Westfalen,Nordrhein-Westfalen,10.21
59552,Nordrhein-Westfalen,Nordrhein-Westfalen,10.21
59553,Nordrhein-Westfalen,Nordrhein-Westfalen,10.21
59555,Nordrhein-Westfalen,Nordrhein-Westfalen,10.21
59556,Nordrhein-Westfalen,Nordrhein-Westfalen,10.21
59557,Nordrhein-Westfalen,Nordrhein-Westfalen,10.21
59558,Nordrhein-Westfalen,Nordrhein-Westfalen,10.21
59578,Nordrhein-Westfalen,Nordrhein-Westfalen,10.21
59581,Nordrhein-Westfalen,Nordrhein-Westfalen,10.21
59590,Nordrhein-Westfalen,Nordrhein-Westfalen,10.21
59597,Nordrhein-Westfalen,Nordrhein-Westfalen,10.21
59602,Nordrhein-Westfalen,Nordrhein-Westfalen,10.21
59609,Nordrhein-Westfalen,Nordrhein-Westfalen,10.21
59753,Nordrhein-Westfalen,Nordrhein-Westfalen,10.21
59755,Nordrhein-Westfalen,Nordrhein-Westfalen,10.21
59757,Nordrhein-Westfalen,Nordrhein-Westfalen,10.21
59759,Nordrhein-Westfalen,Nordrhein-Westfalen,10.21
59817,Nordrhein-Westfalen,Nordrhein-Westfalen,10.21
59818,Nordrhein-Westfalen,Nordrhein-Westfalen,10.21
59821,Nordrhein-Westfalen,Nordrhein-Westfalen,10.21
59823,Nordrhein-Westfalen,Nordrhein-Westfalen,10.21
59844,Nordrhein-Westfalen,Nordrhein-Westfalen,10.21
59846,Nordrhein-Westfalen,Nordrhein-Westfalen,10.21
59870,Nordrhein-Westfalen,Nordrhein-Westfalen,10.21
59872,Nordrhein-Westfalen,Nordrhein-Westfalen,10.21
59889,Nordrhein-Westfalen,Nordrhein-Westfalen,10.21
59909,Nordrhein-Westfalen,Nordrhein-Westfalen,10.21
59929,Nordrhein-Westfalen,Nordrhein-Westfalen,10.21
59939,Nordrhein-Westfalen,Nordrhein-Westfalen,10.21
59955,Nordrhein-Westfalen,Nordrhein-Westfalen,10.21
59964,Nordrhein-Westfalen,Nordrhein-Westfalen,10.21
59969,Hessen,Hessen,9.555
60060,Hessen,Hessen,9.555
60185,Hessen,Hessen,9.555
60222,Hessen,Hessen,9.555
60223,Hessen,Hessen,9.555
60252,Hessen,Hessen,9.555
60254,Hessen,Hessen,9.555
60255,Hessen,Hessen,9.555
60256,Hessen,Hessen,9.555
60257,Hessen,Hessen,9.555
60259,Hessen,Hessen,9.555
60261,Hessen,Hessen,9.555
60262,Hessen,Hessen,9.555
60263,Hessen,Hessen,9.555
60264,Hessen,Hessen,9.555
60265,Hessen,Hessen,9.555
60267,Hessen,Hessen,9.555
60270,Hessen,Hessen,9.555
60274,Hessen,Hessen,9.555
60275,Hessen,Hessen,9.555
60276,Hessen,Hessen,9.555
60277,Hessen,Hessen,9.555
60278,Hessen,Hessen,9.555
60279,Hessen,Hessen,9.555
60280,Hessen,Hessen,9.555
60281,Hessen,Hessen,9.555
60282,Hessen,Hessen,9.555
60284,Hessen,Hessen,9.555
60285,Hessen,Hessen,9.555
60286,Hessen,Hessen,9.555
60287,Hessen,Hessen,9.555
60289,Hessen,Hessen,9.555
60290,Hessen,Hessen,9.555
60291,Hessen,Hessen,9.555
60296,Hessen,Hessen,9.555
60297,Hessen,Hessen,9.555
60298,Hessen,Hessen,9.555
60300,Hessen,Hessen,9.555
60301,Hessen,Hessen,9.555
60304,Hessen,Hessen,9.555
60305,Hessen,Hessen,9.555
60306,Hessen,Hessen,9.555
60307,Hessen,Hessen,9.555
60308,Hessen,Hessen,9.555
60309,Hessen,Hessen,9.555
60310,Hessen,Hessen,9.555
60311,Hessen,Hessen,9.555
60313,Hessen,Hessen,9.555
60314,Hessen,Hessen,9.555
60316,Hessen,Hessen,9.555
60318,Hessen,Hessen,9.555
60320,Hessen,Hessen,9.555
60322,Hessen,Hessen,9.555
60323,Hessen,Hessen,9.555
60325,Hessen,Hessen,9.555
60326,Hessen,Hessen,9.555
60327,Hessen,Hessen,9.555
60329,Hessen,Hessen,9.555
60377,Hessen,Hessen,9.555
60379,Hessen,Hessen,9.555
60380,Hessen,Hessen,9.555
60382,Hessen,Hessen,9.555
60385,Hessen,Hessen,9.555
60386,Hessen,Hessen,9.555
60388,Hessen,Hessen,9.555
60389,Hessen,Hessen,9.555
60422,Hessen,Hessen,9.555
60423,Hessen,Hessen,9.555
60424,Hessen,Hessen,9.555
60428,Hessen,Hessen,9.555
60429,Hessen,Hessen,9.555
60431,Hessen,Hessen,9.555
60433,Hessen,Hessen,9.555
60435,Hessen,Hessen,9.555
60437,Hessen,Hessen,9.555
60438,Hessen,Hessen,9.555
60439,Hessen,Hessen,9.555
60482,Hessen,Hessen,9.555
60484,Hessen,Hessen,9.555
60485,Hessen,Hessen,9.555
60486,Hessen,Hessen,9.555
60487,Hessen,Hessen,9.555
60488,Hessen,Hessen,9.555
60489,Hessen,Hessen,9.555
60490,Hessen,Hessen,9.555
60519,Hessen,Hessen,9.555
60521,Hessen,Hessen,9.555
60523,Hessen,Hessen,9.555
60524,Hessen,Hessen,9.555
60525,Hessen,Hessen,9.555
60528,Hessen,Hessen,9.555
60529,Hessen,Hessen,9.555
60544,Hessen,Hessen,9.555
60546,Hessen,Hessen,9.555
60547,Hessen,Hessen,9.555
60549,Hessen,Hessen,9.555
60589,Hessen,Hessen,9.555
60590,Hessen,Hessen,9.555
60591,Hessen,Hessen,9.555
60594,Hessen,Hessen,9.555
60596,Hessen,Hessen,9.555
60598,Hessen,Hessen,9.555
60599,Hessen,Hessen,9.555
60600,Hessen,Hessen,9.555
60607,Hessen,Hessen,9.555
60608,Hessen,Hessen,9.555
60609,Hessen,Hessen,9.555
60610,Hessen,Hessen,9.555
60611,Hessen,Hessen,9.555
60612,Hessen,Hessen,9.555
60613,Hessen,Hessen,9.555
60614,Hessen,Hessen,9.555
60615,Hessen,Hessen,9.555
60620,Hessen,Hessen,9.555
60621,Hessen,Hessen,9.555
60622,Hessen,Hessen,9.555
60623,Hessen,Hessen,9.555
60624,Hessen,Hessen,9.555
60625,Hessen,Hessen,9.555
60626,Hessen,Hessen,9.555
60627,Hessen,Hessen,9.555
60628,Hessen,Hessen,9.555
60629,Hessen,Hessen,9.555
60630,Hessen,Hessen,9.555
60631,Hessen,Hessen,9.555
60632,Hessen,Hessen,9.555
60633,Hessen,Hessen,9.555
60634,Hessen,Hessen,9.555
60637,Hessen,Hessen,9.555
60638,Hessen,Hessen,9.555
60639,Hessen,Hessen,9.555
60640,Hessen,Hessen,9.555
60643,Hessen,Hessen,9.555
60644,Hessen,Hessen,9.555
60645,Hessen,Hessen,9.555
60647,Land Berlin,Brandenburg/Berlin,10.165
60651,Nordrhein-Westfalen,Nordrhein-Westfalen,10.21
60652,Nordrhein-Westfalen,Nordrhein-Westfalen,10.21
60699,Hessen,Hessen,9.555
61116,Hessen,Hessen,9.555
61118,Hessen,Hessen,9.555
61130,Hessen,Hessen,9.555
61137,Hessen,Hessen,9.555
61138,Hessen,Hessen,9.555
61167,Hessen,Hessen,9.555
61169,Hessen,Hessen,9.555
61182,Hessen,Hessen,9.555
61184,Hessen,Hessen,9.555
61191,Hessen,Hessen,9.555
61194,Hessen,Hessen,9.555
61197,Hessen,Hessen,9.555
61200,Hessen,Hessen,9.555
61203,Hessen,Hessen,9.555
61206,Hessen,Hessen,9.555
61209,Hessen,Hessen,9.555
61229,Hessen,Hessen,9.555
61231,Hessen,Hessen,9.555
61239,Hessen,Hessen,9.555
61250,Hessen,Hessen,9.555
61267,Hessen,Hessen,9.555
61273,Hessen,Hessen,9.555
61276,Hessen,Hessen,9.555
61279,Hessen,Hessen,9.555
61300,Hessen,Hessen,9.555
61341,Hessen,Hessen,9.555
61342,Hessen,Hessen,9.555
61343,Hessen,Hessen,9.555
61344,Hessen,Hessen,9.555
61345,Hessen,Hessen,9.555
61346,Hessen,Hessen,9.555
61348,Hessen,Hessen,9.555
61350,Hessen,Hessen,9.555
61352,Hessen,Hessen,9.555
61378,Hessen,Hessen,9.555
61381,Hessen,Hessen,9.555
61389,Hessen,Hessen,9.555
61434,Hessen,Hessen,9.555
61435,Hessen,Hessen,9.555
61437,Hessen,Hessen,9.555
61440,Hessen,Hessen,9.555
61449,Hessen,Hessen,9.555
61462,Hessen,Hessen,9.555
61474,Hessen,Hessen,9.555
61476,Hessen,Hessen,9.555
61479,Hessen,Hessen,9.555
63057,Hessen,Hessen,9.555
63059,Hessen,Hessen,9.555
63060,Hessen,Hessen,9.555
63061,Hessen,Hessen,9.555
63063,Hessen,Hessen,9.555
63064,Hessen,Hessen,9.555
63065,Hessen,Hessen,9.555
63067,Hessen,Hessen,9.555
63069,Hessen,Hessen,9.555
63071,Hessen,Hessen,9.555
63073,Hessen,Hessen,9.555
63075,Hessen,Hessen,9.555
63106,Hessen,Hessen,9.555
63110,Hessen,Hessen,9.555
63126,Hessen,Hessen,9.555
63128,Hessen,Hessen,9.555
63147,Hessen,Hessen,9.555
63150,Hessen,Hessen,9.555
63165,Hessen,Hessen,9.555
63177,Hessen,Hessen,9.555
63179,Hessen,Hessen,9.555
63222,Hessen,Hessen,9.555
63223,Hessen,Hessen,9.555
63225,Hessen,Hessen,9.555
63256,Hessen,Hessen,9.555
63257,Hessen,Hessen,9.555
63258,Hessen,Hessen,9.555
63259,Hessen,Hessen,9.555
63263,Hessen,Hessen,9.555
63299,Hessen,Hessen,9.555
63303,Hessen,Hessen,9.555
63317,Hessen,Hessen,9.555
63318,Hessen,Hessen,9.555
63322,Hessen,Hessen,9.555
63328,Hessen,Hessen,9.555
63329,Hessen,Hessen,9.555
63405,Hessen,Hessen,9.555
63438,Hessen,Hessen,9.555
63441,Hessen,Hessen,9.555
63442,Hessen,Hessen,9.555
63443,Hessen,Hessen,9.555
63446,Hessen,Hessen,9.555
63447,Hessen,Hessen,9.555
63450,Hessen,Hessen,9.555
63452,Hessen,Hessen,9.555
63454,Hessen,Hessen,9.555
63456,Hessen,Hessen,9.555
63457,Hessen,Hessen,9.555
63475,Baden-Württemberg,Baden-Wuerttemberg,9.350000000000001
63477,Hessen,Hessen,9.555
63486,Hessen,Hessen,9.555
63499,Hessen,Hessen,9.555
63500,Hessen,Hessen,9.555
63505,Hessen,Hessen,9.555
63512,Hessen,Hessen,9.555
63517,Hessen,Hessen,9.555
63526,Hessen,Hessen,9.555
63532,Hessen,Hessen,9.555
63533,Hessen,Hessen,9.555
63538,Hessen,Hessen,9.555
63543,Hessen,Hessen,9.555
63546,Hessen,Hessen,9.555
63549,Hessen,Hessen,9.555
63569,Hessen,Hessen,9.555
63571,Hessen,Hessen,9.555
63579,Hessen,Hessen,9.555
63584,Hessen,Hessen,9.555
63589,Hessen,Hessen,9.555
63594,Hessen,Hessen,9.555
63599,Hessen,Hessen,9.555
63607,Hessen,Hessen,9.555
63619,Hessen,Hessen,9.555
63628,Hessen,Hessen,9.555
63633,Hessen,Hessen,9.555
63636,Hessen,Hessen,9.555
63637,Hessen,Hessen,9.555
63639,Hessen,Hessen,9.555
63652,Hessen,Hessen,9.555
63654,Hessen,Hessen,9.555
63667,Hessen,Hessen,9.555
63674,Hessen,Hessen,9.555
63679,Hessen,Hessen,9.555
63683,Hessen,Hessen,9.555
63688,Hessen,Hessen,9.555
63691,Hessen,Hessen,9.555
63694,Hessen,Hessen,9.555
63695,Hessen,Hessen,9.555
63697,Hessen,Hessen,9.555
63699,Hessen,Hessen,9.555
63715,Bavaria,Bayern,8.855000000000004
63735,Bavaria,Bayern,8.855000000000004
63736,Bavaria,Bayern,8.855000000000004
63739,Bayern,Bayern,8.855000000000004
63741,Bayern,Bayern,8.855000000000004
63743,Bayern,Bayern,8.855000000000004
63754,Bavaria,Bayern,8.855000000000004
63755,Bayern,Bayern,8.855000000000004
63762,Bayern,Bayern,8.855000000000004
63768,Bayern,Bayern,8.855000000000004
63773,Bayern,Bayern,8.855000000000004
63776,Bayern,Bayern,8.855000000000004
63784,Bavaria,Bayern,8.855000000000004
63785,Bayern,Bayern,8.855000000000004
63791,Bayern,Bayern,8.855000000000004
63796,Bayern,Bayern,8.855000000000004
63801,Bayern,Bayern,8.855000000000004
63806,Bavaria,Bayern,8.855000000000004
63808,Bayern,Bayern,8.855000000000004
63811,Bayern,Bayern,8.855000000000004
63814,Bayern,Bayern,8.855000000000004
63820,Bayern,Bayern,8.855000000000004
63825,Bayern,Bayern,8.855000000000004
63826,Bayern,Bayern,8.855000000000004
63828,Bayern,Bayern,8.855000000000004
63829,Bayern,Bayern,8.855000000000004
63831,Bayern,Bayern,8.855000000000004
63834,Bayern,Bayern,8.855000000000004
63839,Bayern,Bayern,8.855000000000004
63840,Bayern,Bayern,8.855000000000004
63843,Bayern,Bayern,8.855000000000004
63846,Bayern,Bayern,8.855000000000004
63849,Bayern,Bayern,8.855000000000004
63853,Bayern,Bayern,8.855000000000004
63856,Bayern,Bayern,8.855000000000004
63857,Bayern,Bayern,8.855000000000004
63860,Bayern,Bayern,8.855000000000004
63863,Bayern,Bayern,8.855000000000004
63864,Bayern,Bayern,8.855000000000004
63867,Bayern,Bayern,8.855000000000004
63868,Bayern,Bayern,8.855000000000004
63869,Bayern,Bayern,8.855000000000004
63871,Bayern,Bayern,8.855000000000004
63872,Bayern,Bayern,8.855000000000004
63874,Bayern,Bayern,8.855000000000004
63875,Bayern,Bayern,8.855000000000004
63877,Bayern,Bayern,8.855000000000004
63879,Bayern,Bayern,8.855000000000004
63897,Bayern,Bayern,8.855000000000004
63906,Bayern,Bayern,8.855000000000004
63911,Bayern,Bayern,8.855000000000004
63916,Bayern,Bayern,8.855000000000004
63920,Bayern,Bayern,8.855000000000004
63924,Bayern,Bayern,8.855000000000004
63925,Bayern,Bayern,8.855000000000004
63927,Bayern,Bayern,8.855000000000004
63928,Bayern,Bayern,8.855000000000004
63930,Bayern,Bayern,8.855000000000004
63931,Bayern,Bayern,8.855000000000004
63933,Bayern,Bayern,8.855000000000004
63934,Bayern,Bayern,8.855000000000004
63936,Bayern,Bayern,8.855000000000004
63937,Bayern,Bayern,8.855000000000004
63939,Bayern,Bayern,8.855000000000004
64271,Hessen,Hessen,9.555
64272,Hessen,Hessen,9.555
64273,Hessen,Hessen,9.555
64275,Hessen,Hessen,9.555
64276,Hessen,Hessen,9.555
64277,Hessen,Hessen,9.555
64278,Hessen,Hessen,9.555
64279,Hessen,Hessen,9.555
64280,Hessen,Hessen,9.555
64283,Hessen,Hessen,9.555
64285,Hessen,Hessen,9.555
64287,Hessen,Hessen,9.555
64289,Hessen,Hessen,9.555
64291,Hessen,Hessen,9.555
64293,Hessen,Hessen,9.555
64295,Hessen,Hessen,9.555
64297,Hessen,Hessen,9.555
64304,Hessen,Hessen,9.555
64305,Hessen,Hessen,9.555
64306,Hessen,Hessen,9.555
64307,Hessen,Hessen,9.555
64308,Hessen,Hessen,9.555
64319,Hessen,Hessen,9.555
64331,Hessen,Hessen,9.555
64342,Hessen,Hessen,9.555
64346,Hessen,Hessen,9.555
64347,Hessen,Hessen,9.555
64354,Hessen,Hessen,9.555
64367,Hessen,Hessen,9.555
64372,Hessen,Hessen,9.555
64380,Hessen,Hessen,9.555
64385,Hessen,Hessen,9.555
64390,Hessen,Hessen,9.555
64395,Hessen,Hessen,9.555
64397,Hessen,Hessen,9.555
64401,Hessen,Hessen,9.555
64404,Hessen,Hessen,9.555
64405,Hessen,Hessen,9.555
64407,Hessen,Hessen,9.555
64409,Hessen,Hessen,9.555
64517,Hessen,Hessen,9.555
64518,Baden-Württemberg,Baden-Wuerttemberg,9.350000000000001
64520,Hessen,Hessen,9.555
64521,Hessen,Hessen,9.555
64542,Hessen,Hessen,9.555
64543,Hessen,Hessen,9.555
64545,Hessen,Hessen,9.555
64546,Hessen,Hessen,9.555
64560,Hessen,Hessen,9.555
64569,Hessen,Hessen,9.555
64572,Hessen,Hessen,9.555
64579,Hessen,Hessen,9.555
64584,Hessen,Hessen,9.555
64589,Hessen,Hessen,9.555
64623,Hessen,Hessen,9.555
64624,Hessen,Hessen,9.555
64625,Hessen,Hessen,9.555
64646,Hessen,Hessen,9.555
64653,Hessen,Hessen,9.555
64658,Hessen,Hessen,9.555
64665,Hessen,Hessen,9.555
64668,Hessen,Hessen,9.555
64673,Hessen,Hessen,9.555
64678,Hessen,Hessen,9.555
64683,Hessen,Hessen,9.555
64686,Hessen,Hessen,9.555
64689,Hessen,Hessen,9.555
64711,Hessen,Hessen,9.555
64720,Hessen,Hessen,9.555
64732,Hessen,Hessen,9.555
64738,Hessen,Hessen,9.555
64739,Hessen,Hessen,9.555
64743,Hessen,Hessen,9.555
64747,Hessen,Hessen,9.555
64750,Hessen,Hessen,9.555
64753,Hessen,Hessen,9.555
64754,Hessen,Hessen,9.555
64756,Hessen,Hessen,9.555
64757,Hessen,Hessen,9.555
64807,Hessen,Hessen,9.555
64823,Hessen,Hessen,9.555
64832,Hessen,Hessen,9.555
64839,Hessen,Hessen,9.555
64846,Hessen,Hessen,9.555
64850,Hessen,Hessen,9.555
64853,Hessen,Hessen,9.555
64859,Hessen,Hessen,9.555
65164,Nordrhein-Westfalen,Nordrhein-Westfalen,10.21
65166,Hessen,Hessen,9.555
65169,Hessen,Hessen,9.555
65170,Hessen,Hessen,9.555
65171,Hessen,Hessen,9.555
65172,Hessen,Hessen,9.555
65173,Hessen,Hessen,9.555
65174,Hessen,Hessen,9.555
65175,Hessen,Hessen,9.555
65176,Hessen,Hessen,9.555
65177,Hessen,Hessen,9.555
65178,Hessen,Hessen,9.555
65179,Hessen,Hessen,9.555
65180,Hessen,Hessen,9.555
65181,Hessen,Hessen,9.555
65182,Hessen,Hessen,9.555
65183,Hessen,Hessen,9.555
65185,Hessen,Hessen,9.555
65187,Hessen,Hessen,9.555
65189,Hessen,Hessen,9.555
65191,Hessen,Hessen,9.555
65193,Hessen,Hessen,9.555
65195,Hessen,Hessen,9.555
65197,Hessen,Hessen,9.555
65199,Hessen,Hessen,9.555
65201,Hessen,Hessen,9.555
65203,Hessen,Hessen,9.555
65205,Hessen,Hessen,9.555
65207,Hessen,Hessen,9.555
65209,Hessen,Hessen,9.555
65212,Hessen,Hessen,9.555
65215,Hessen,Hessen,9.555
65216,Hessen,Hessen,9.555
65218,Hessen,Hessen,9.555
65219,Hessen,Hessen,9.555
65220,Hessen,Hessen,9.555
65221,Hessen,Hessen,9.555
65222,Hessen,Hessen,9.555
65223,Hessen,Hessen,9.555
65224,Hessen,Hessen,9.555
65232,Hessen,Hessen,9.555
65239,Hessen,Hessen,9.555
65307,Hessen,Hessen,9.555
65321,Hessen,Hessen,9.555
65326,Hessen,Hessen,9.555
65329,Hessen,Hessen,9.555
65341,Hessen,Hessen,9.555
65343,Hessen,Hessen,9.555
65344,Hessen,Hessen,9.555
65345,Hessen,Hessen,9.555
65346,Hessen,Hessen,9.555
65347,Hessen,Hessen,9.555
65366,Hessen,Hessen,9.555
65375,Hessen,Hessen,9.555
65385,Hessen,Hessen,9.555
65388,Hessen,Hessen,9.555
65391,Hessen,Hessen,9.555
65396,Hessen,Hessen,9.555
65399,Hessen,Hessen,9.555
65423,Hessen,Hessen,9.555
65424,Hessen,Hessen,9.555
65428,Hessen,Hessen,9.555
65438,Hessen,Hessen,9.555
65439,Hessen,Hessen,9.555
65450,Hessen,Hessen,9.555
65451,Hessen,Hessen,9.555
65462,Hessen,Hessen,9.555
65468,Hessen,Hessen,9.555
65473,Hessen,Hessen,9.555
65474,Hessen,Hessen,9.555
65479,Hessen,Hessen,9.555
65509,Hessen,Hessen,9.555
65510,Hessen,Hessen,9.555
65520,Hessen,Hessen,9.555
65527,Hessen,Hessen,9.555
65529,Hessen,Hessen,9.555
65546,Hessen,Hessen,9.555
65547,Hessen,Hessen,9.555
65549,Hessen,Hessen,9.555
65550,Hessen,Hessen,9.555
65551,Hessen,Hessen,9.555
65552,Hessen,Hessen,9.555
65553,Hessen,Hessen,9.555
65554,Hessen,Hessen,9.555
65555,Hessen,Hessen,9.555
65556,Hessen,Hessen,9.555
65558,Rheinland-Pfalz,Rheinland-Pfalz,9.885000000000002
65580,Rheinland-Pfalz,Rheinland-Pfalz,9.885000000000002
65582,Rheinland-Pfalz,Rheinland-Pfalz,9.885000000000002
65589,Hessen,Hessen,9.555
65594,Hessen,Hessen,9.555
65597,Hessen,Hessen,9.555
65599,Hessen,Hessen,9.555
65604,Hessen,Hessen,9.555
65606,Hessen,Hessen,9.555
65611,Hessen,Hessen,9.555
65614,Hessen,Hessen,9.555
65617,Hessen,Hessen,9.555
65618,Hessen,Hessen,9.555
65620,Hessen,Hessen,9.555
65623,Rheinland-Pfalz,Rheinland-Pfalz,9.885000000000002
65624,Rheinland-Pfalz,Rheinland-Pfalz,9.885000000000002
65626,Rheinland-Pfalz,Rheinland-Pfalz,9.885000000000002
65627,Hessen,Hessen,9.555
65629,Rheinland-Pfalz,Rheinland-Pfalz,9.885000000000002
65717,Hessen,Hessen,9.555
65719,Hessen,Hessen,9.555
65754,Hessen,Hessen,9.555
65755,Hessen,Hessen,9.555
65756,Hessen,Hessen,9.555
65757,Hessen,Hessen,9.555
65758,Hessen,Hessen,9.555
65760,Hessen,Hessen,9.555
65779,Hessen,Hessen,9.555
65784,Hessen,Hessen,9.555
65795,Hessen,Hessen,9.555
65810,Hessen,Hessen,9.555
65812,Hessen,Hessen,9.555
65817,Hessen,Hessen,9.555
65823,Hessen,Hessen,9.555
65824,Hessen,Hessen,9.555
65830,Hessen,Hessen,9.555
65835,Hessen,Hessen,9.555
65840,Hessen,Hessen,9.555
65842,Hessen,Hessen,9.555
65843,Hessen,Hessen,9.555
65844,Hessen,Hessen,9.555
65925,Hessen,Hessen,9.555
65927,Hessen,Hessen,9.555
65929,Hessen,Hessen,9.555
65931,Hessen,Hessen,9.555
65933,Hessen,Hessen,9.555
65934,Hessen,Hessen,9.555
65936,Hessen,Hessen,9.555
66087,Saarland,Saarland,10.090000000000003
66088,Saarland,Saarland,10.090000000000003
66090,Saarland,Saarland,10.090000000000003
66094,Saarland,Saarland,10.090000000000003
66097,Saarland,Saarland,10.090000000000003
66098,Saarland,Saarland,10.090000000000003
66099,Saarland,Saarland,10.090000000000003
66100,Saarland,Saarland,10.090000000000003
66101,Saarland,Saarland,10.090000000000003
66102,Saarland,Saarland,10.090000000000003
66103,Saarland,Saarland,10.090000000000003
66104,Saarland,Saarland,10.090000000000003
66106,Saarland,Saarland,10.090000000000003
66108,Saarland,Saarland,10.090000000000003
66109,Saarland,Saarland,10.090000000000003
66111,Saarland,Saarland,10.090000000000003
66113,Saarland,Saarland,10.090000000000003
66115,Saarland,Saarland,10.090000000000003
66117,Saarland,Saarland,10.090000000000003
66119,Saarland,Saarland,10.090000000000003
66121,Saarland,Saarland,10.090000000000003
66123,Saarland,Saarland,10.090000000000003
66125,Saarland,Saarland,10.090000000000003
66126,Saarland,Saarland,10.090000000000003
66127,Saarland,Saarland,10.090000000000003
66128,Saarland,Saarland,10.090000000000003
66129,Saarland,Saarland,10.090000000000003
66130,Saarland,Saarland,10.090000000000003
66131,Saarland,Saarland,10.090000000000003
66132,Saarland,Saarland,10.090000000000003
66133,Saarland,Saarland,10.090000000000003
66150,Saarland,Saarland,10.090000000000003
66265,Saarland,Saarland,10.090000000000003
66271,Saarland,Saarland,10.090000000000003
66280,Saarland,Saarland,10.090000000000003
66287,Saarland,Saarland,10.090000000000003
66292,Saarland,Saarland,10.090000000000003
66299,Saarland,Saarland,10.090000000000003
66330,Saarland,Saarland,10.090000000000003
66333,Saarland,Saarland,10.090000000000003
66346,Saarland,Saarland,10.090000000000003
66352,Saarland,Saarland,10.090000000000003
66359,Saarland,Saarland,10.090000000000003
66386,Saarland,Saarland,10.090000000000003
66399,Saarland,Saarland,10.090000000000003
66421,Saarland,Saarland,10.090000000000003
66424,Saarland,Saarland,10.090000000000003
66440,Saarland,Saarland,10.090000000000003
66450,Saarland,Saarland,10.090000000000003
66453,Saarland,Saarland,10.090000000000003
66458,Saarland,Saarland,10.090000000000003
66459,Saarland,Saarland,10.090000000000003
66482,Rheinland-Pfalz,Rheinland-Pfalz,9.885000000000002
66484,Rheinland-Pfalz,Rheinland-Pfalz,9.885000000000002
66497,Rheinland-Pfalz,Rheinland-Pfalz,9.885000000000002
66500,Rheinland-Pfalz,Rheinland-Pfalz,9.885000000000002
66501,Rheinland-Pfalz,Rheinland-Pfalz,9.885000000000002
66503,Rheinland-Pfalz,Rheinland-Pfalz,9.885000000000002
66504,Rheinland-Pfalz,Rheinland-Pfalz,9.885000000000002
66506,Rheinland-Pfalz,Rheinland-Pfalz,9.885000000000002
66507,Rheinland-Pfalz,Rheinland-Pfalz,9.885000000000002
66509,Rheinland-Pfalz,Rheinland-Pfalz,9.885000000000002
66538,Saarland,Saarland,10.090000000000003
66539,Saarland,Saarland,10.090000000000003
66540,Saarland,Saarland,10.090000000000003
66557,Saarland,Saarland,10.090000000000003
66564,Saarland,Saarland,10.090000000000003
66571,Saarland,Saarland,10.090000000000003
66578,Saarland,Saarland,10.090000000000003
66583,Saarland,Saarland,10.090000000000003
66589,Saarland,Saarland,10.090000000000003
66606,Saarland,Saarland,10.090000000000003
66620,Saarland,Saarland,10.090000000000003
66625,Saarland,Saarland,10.090000000000003
66629,Saarland,Saarland,10.090000000000003
66636,Saarland,Saarland,10.090000000000003
66640,Saarland,Saarland,10.090000000000003
66646,Saarland,Saarland,10.090000000000003
66649,Saarland,Saarland,10.090000000000003
66661,Saarland,Saarland,10.090000000000003
66663,Saarland,Saarland,10.090000000000003
66679,Saarland,Saarland,10.090000000000003
66687,Saarland,Saarland,10.090000000000003
66693,Saarland,Saarland,10.090000000000003
66701,Saarland,Saarland,10.090000000000003
66706,Saarland,Saarland,10.090000000000003
66709,Saarland,Saarland,10.090000000000003
66738,Saarland,Saarland,10.090000000000003
66740,Saarland,Saarland,10.090000000000003
66763,Saarland,Saarland,10.090000000000003
66773,Saarland,Saarland,10.090000000000003
66780,Saarland,Saarland,10.090000000000003
66787,Saarland,Saarland,10.090000000000003
66793,Saarland,Saarland,10.090000000000003
66798,Saarland,Saarland,10.090000000000003
66802,Saarland,Saarland,10.090000000000003
66806,Saarland,Saarland,10.090000000000003
66809,Saarland,Saarland,10.090000000000003
66822,Saarland,Saarland,10.090000000000003
66839,Saarland,Saarland,10.090000000000003
66849,Rheinland-Pfalz,Rheinland-Pfalz,9.885000000000002
66851,Rheinland-Pfalz,Rheinland-Pfalz,9.885000000000002
66862,Rheinland-Pfalz,Rheinland-Pfalz,9.885000000000002
66869,Rheinland-Pfalz,Rheinland-Pfalz,9.885000000000002
66871,Rheinland-Pfalz,Rheinland-Pfalz,9.885000000000002
66877,Rheinland-Pfalz,Rheinland-Pfalz,9.885000000000002
66879,Rheinland-Pfalz,Rheinland-Pfalz,9.885000000000002
66882,Rheinland-Pfalz,Rheinland-Pfalz,9.885000000000002
66885,Rheinland-Pfalz,Rheinland-Pfalz,9.885000000000002
66887,Rheinland-Pfalz,Rheinland-Pfalz,9.885000000000002
66892,Rheinland-Pfalz,Rheinland-Pfalz,9.885000000000002
66894,Rheinland-Pfalz,Rheinland-Pfalz,9.885000000000002
66901,Rheinland-Pfalz,Rheinland-Pfalz,9.885000000000002
66903,Rheinland-Pfalz,Rheinland-Pfalz,9.885000000000002
66904,Rheinland-Pfalz,Rheinland-Pfalz,9.885000000000002
66907,Rheinland-Pfalz,Rheinland-Pfalz,9.885000000000002
66909,Rheinland-Pfalz,Rheinland-Pfalz,9.885000000000002
66914,Rheinland-Pfalz,Rheinland-Pfalz,9.885000000000002
66916,Rheinland-Pfalz,Rheinland-Pfalz,9.885000000000002
66917,Rheinland-Pfalz,Rheinland-Pfalz,9.885000000000002
66919,Rheinland-Pfalz,Rheinland-Pfalz,9.885000000000002
66950,Rheinland-Pfalz,Rheinland-Pfalz,9.885000000000002
66951,Rheinland-Pfalz,Rheinland-Pfalz,9.885000000000002
66953,Rheinland-Pfalz,Rheinland-Pfalz,9.885000000000002
66954,Rheinland-Pfalz,Rheinland-Pfalz,9.885000000000002
66955,Rheinland-Pfalz,Rheinland-Pfalz,9.885000000000002
66957,Rheinland-Pfalz,Rheinland-Pfalz,9.885000000000002
66969,Rheinland-Pfalz,Rheinland-Pfalz,9.885000000000002
66976,Rheinland-Pfalz,Rheinland-Pfalz,9.885000000000002
66978,Rheinland-Pfalz,Rheinland-Pfalz,9.885000000000002
66981,Rheinland-Pfalz,Rheinland-Pfalz,9.885000000000002
66986,Rheinland-Pfalz,Rheinland-Pfalz,9.885000000000002
66987,Rheinland-Pfalz,Rheinland-Pfalz,9.885000000000002
66989,Rheinland-Pfalz,Rheinland-Pfalz,9.885000000000002
66994,Rheinland-Pfalz,Rheinland-Pfalz,9.885000000000002
66996,Rheinland-Pfalz,Rheinland-Pfalz,9.885000000000002
66999,Rheinland-Pfalz,Rheinland-Pfalz,9.885000000000002
67055,Rheinland-Pfalz,Rheinland-Pfalz,9.885000000000002
67056,Rheinland-Pfalz,Rheinland-Pfalz,9.885000000000002
67057,Rheinland-Pfalz,Rheinland-Pfalz,9.885000000000002
67059,Rheinland-Pfalz,Rheinland-Pfalz,9.885000000000002
67061,Rheinland-Pfalz,Rheinland-Pfalz,9.885000000000002
67063,Rheinland-Pfalz,Rheinland-Pfalz,9.885000000000002
67065,Rheinland-Pfalz,Rheinland-Pfalz,9.885000000000002
67067,Rheinland-Pfalz,Rheinland-Pfalz,9.885000000000002
67069,Rheinland-Pfalz,Rheinland-Pfalz,9.885000000000002
67071,Rheinland-Pfalz,Rheinland-Pfalz,9.885000000000002
67075,Rheinland-Pfalz,Rheinland-Pfalz,9.885000000000002
67076,Rheinland-Pfalz,Rheinland-Pfalz,9.885000000000002
67077,Rheinland-Pfalz,Rheinland-Pfalz,9.885000000000002
67078,Rheinland-Pfalz,Rheinland-Pfalz,9.885000000000002
67082,Rheinland-Pfalz,Rheinland-Pfalz,9.885000000000002
67098,Rheinland-Pfalz,Rheinland-Pfalz,9.885000000000002
67105,Rheinland-Pfalz,Rheinland-Pfalz,9.885000000000002
67112,Rheinland-Pfalz,Rheinland-Pfalz,9.885000000000002
67117,Rheinland-Pfalz,Rheinland-Pfalz,9.885000000000002
67122,Rheinland-Pfalz,Rheinland-Pfalz,9.885000000000002
67125,Rheinland-Pfalz,Rheinland-Pfalz,9.885000000000002
67126,Rheinland-Pfalz,Rheinland-Pfalz,9.885000000000002
67127,Rheinland-Pfalz,Rheinland-Pfalz,9.885000000000002
67133,Rheinland-Pfalz,Rheinland-Pfalz,9.885000000000002
67134,Rheinland-Pfalz,Rheinland-Pfalz,9.885000000000002
67136,Rheinland-Pfalz,Rheinland-Pfalz,9.885000000000002
67141,Rheinland-Pfalz,Rheinland-Pfalz,9.885000000000002
67146,Rheinland-Pfalz,Rheinland-Pfalz,9.885000000000002
67147,Rheinland-Pfalz,Rheinland-Pfalz,9.885000000000002
67149,Rheinland-Pfalz,Rheinland-Pfalz,9.885000000000002
67150,Rheinland-Pfalz,Rheinland-Pfalz,9.885000000000002
67152,Rheinland-Pfalz,Rheinland-Pfalz,9.885000000000002
67157,Rheinland-Pfalz,Rheinland-Pfalz,9.885000000000002
67158,Rheinland-Pfalz,Rheinland-Pfalz,9.885000000000002
67159,Rheinland-Pfalz,Rheinland-Pfalz,9.885000000000002
67161,Rheinland-Pfalz,Rheinland-Pfalz,9.885000000000002
67165,Rheinland-Pfalz,Rheinland-Pfalz,9.885000000000002
67166,Rheinland-Pfalz,Rheinland-Pfalz,9.885000000000002
67167,Rheinland-Pfalz,Rheinland-Pfalz,9.885000000000002
67169,Rheinland-Pfalz,Rheinland-Pfalz,9.885000000000002
67225,Rheinland-Pfalz,Rheinland-Pfalz,9.885000000000002
67227,Rheinland-Pfalz,Rheinland-Pfalz,9.885000000000002
67229,Rheinland-Pfalz,Rheinland-Pfalz,9.885000000000002
67240,Rheinland-Pfalz,Rheinland-Pfalz,9.885000000000002
67245,Rheinland-Pfalz,Rheinland-Pfalz,9.885000000000002
67246,Rheinland-Pfalz,Rheinland-Pfalz,9.885000000000002
67251,Rheinland-Pfalz,Rheinland-Pfalz,9.885000000000002
67256,Rheinland-Pfalz,Rheinland-Pfalz,9.885000000000002
67258,Rheinland-Pfalz,Rheinland-Pfalz,9.885000000000002
67259,Rheinland-Pfalz,Rheinland-Pfalz,9.885000000000002
67269,Rheinland-Pfalz,Rheinland-Pfalz,9.885000000000002
67271,Rheinland-Pfalz,Rheinland-Pfalz,9.885000000000002
67273,Rheinland-Pfalz,Rheinland-Pfalz,9.885000000000002
67278,Rheinland-Pfalz,Rheinland-Pfalz,9.885000000000002
67280,Rheinland-Pfalz,Rheinland-Pfalz,9.885000000000002
67281,Rheinland-Pfalz,Rheinland-Pfalz,9.885000000000002
67283,Rheinland-Pfalz,Rheinland-Pfalz,9.885000000000002
67292,Rheinland-Pfalz,Rheinland-Pfalz,9.885000000000002
67294,Rheinland-Pfalz,Rheinland-Pfalz,9.885000000000002
67295,Rheinland-Pfalz,Rheinland-Pfalz,9.885000000000002
67297,Rheinland-Pfalz,Rheinland-Pfalz,9.885000000000002
67304,Rheinland-Pfalz,Rheinland-Pfalz,9.885000000000002
67305,Rheinland-Pfalz,Rheinland-Pfalz,9.885000000000002
67307,Rheinland-Pfalz,Rheinland-Pfalz,9.885000000000002
67308,Rheinland-Pfalz,Rheinland-Pfalz,9.885000000000002
67310,Rheinland-Pfalz,Rheinland-Pfalz,9.885000000000002
67311,Rheinland-Pfalz,Rheinland-Pfalz,9.885000000000002
67316,Rheinland-Pfalz,Rheinland-Pfalz,9.885000000000002
67317,Rheinland-Pfalz,Rheinland-Pfalz,9.885000000000002
67319,Rheinland-Pfalz,Rheinland-Pfalz,9.885000000000002
67340,Rheinland-Pfalz,Rheinland-Pfalz,9.885000000000002
67342,Rheinland-Pfalz,Rheinland-Pfalz,9.885000000000002
67343,Rheinland-Pfalz,Rheinland-Pfalz,9.885000000000002
67346,Rheinland-Pfalz,Rheinland-Pfalz,9.885000000000002
67354,Rheinland-Pfalz,Rheinland-Pfalz,9.885000000000002
67360,Rheinland-Pfalz,Rheinland-Pfalz,9.885000000000002
67361,Rheinland-Pfalz,Rheinland-Pfalz,9.885000000000002
67363,Rheinland-Pfalz,Rheinland-Pfalz,9.885000000000002
67365,Rheinland-Pfalz,Rheinland-Pfalz,9.885000000000002
67366,Rheinland-Pfalz,Rheinland-Pfalz,9.885000000000002
67368,Rheinland-Pfalz,Rheinland-Pfalz,9.885000000000002
67373,Rheinland-Pfalz,Rheinland-Pfalz,9.885000000000002
67374,Rheinland-Pfalz,Rheinland-Pfalz,9.885000000000002
67376,Rheinland-Pfalz,Rheinland-Pfalz,9.885000000000002
67377,Rheinland-Pfalz,Rheinland-Pfalz,9.885000000000002
67378,Rheinland-Pfalz,Rheinland-Pfalz,9.885000000000002
67429,Rheinland-Pfalz,Rheinland-Pfalz,9.885000000000002
67433,Rheinland-Pfalz,Rheinland-Pfalz,9.885000000000002
67434,Rheinland-Pfalz,Rheinland-Pfalz,9.885000000000002
67435,Rheinland-Pfalz,Rheinland-Pfalz,9.885000000000002
67454,Rheinland-Pfalz,Rheinland-Pfalz,9.885000000000002
67459,Rheinland-Pfalz,Rheinland-Pfalz,9.885000000000002
67466,Rheinland-Pfalz,Rheinland-Pfalz,9.885000000000002
67468,Rheinland-Pfalz,Rheinland-Pfalz,9.885000000000002
67471,Rheinland-Pfalz,Rheinland-Pfalz,9.885000000000002
67472,Rheinland-Pfalz,Rheinland-Pfalz,9.885000000000002
67473,Rheinland-Pfalz,Rheinland-Pfalz,9.885000000000002
67475,Rheinland-Pfalz,Rheinland-Pfalz,9.885000000000002
67480,Rheinland-Pfalz,Rheinland-Pfalz,9.885000000000002
67482,Rheinland-Pfalz,Rheinland-Pfalz,9.885000000000002
67483,Rheinland-Pfalz,Rheinland-Pfalz,9.885000000000002
67487,Rheinland-Pfalz,Rheinland-Pfalz,9.885000000000002
67489,Rheinland-Pfalz,Rheinland-Pfalz,9.885000000000002
67545,Rheinland-Pfalz,Rheinland-Pfalz,9.885000000000002
67547,Rheinland-Pfalz,Rheinland-Pfalz,9.885000000000002
67549,Rheinland-Pfalz,Rheinland-Pfalz,9.885000000000002
67550,Rheinland-Pfalz,Rheinland-Pfalz,9.885000000000002
67551,Rheinland-Pfalz,Rheinland-Pfalz,9.885000000000002
67574,Rheinland-Pfalz,Rheinland-Pfalz,9.885000000000002
67575,Rheinland-Pfalz,Rheinland-Pfalz,9.885000000000002
67577,Rheinland-Pfalz,Rheinland-Pfalz,9.885000000000002
67578,Rheinland-Pfalz,Rheinland-Pfalz,9.885000000000002
67580,Rheinland-Pfalz,Rheinland-Pfalz,9.885000000000002
67582,Rheinland-Pfalz,Rheinland-Pfalz,9.885000000000002
67583,Rheinland-Pfalz,Rheinland-Pfalz,9.885000000000002
67585,Rheinland-Pfalz,Rheinland-Pfalz,9.885000000000002
67586,Rheinland-Pfalz,Rheinland-Pfalz,9.885000000000002
67587,Rheinland-Pfalz,Rheinland-Pfalz,9.885000000000002
67590,Rheinland-Pfalz,Rheinland-Pfalz,9.885000000000002
67591,Rheinland-Pfalz,Rheinland-Pfalz,9.885000000000002
67592,Rheinland-Pfalz,Rheinland-Pfalz,9.885000000000002
67593,Rheinland-Pfalz,Rheinland-Pfalz,9.885000000000002
67595,Rheinland-Pfalz,Rheinland-Pfalz,9.885000000000002
67596,Rheinland-Pfalz,Rheinland-Pfalz,9.885000000000002
67598,Rheinland-Pfalz,Rheinland-Pfalz,9.885000000000002
67599,Rheinland-Pfalz,Rheinland-Pfalz,9.885000000000002
67650,Rheinland-Pfalz,Rheinland-Pfalz,9.885000000000002
67653,Rheinland-Pfalz,Rheinland-Pfalz,9.885000000000002
67655,Rheinland-Pfalz,Rheinland-Pfalz,9.885000000000002
67657,Rheinland-Pfalz,Rheinland-Pfalz,9.885000000000002
67659,Rheinland-Pfalz,Rheinland-Pfalz,9.885000000000002
67661,Rheinland-Pfalz,Rheinland-Pfalz,9.885000000000002
67663,Rheinland-Pfalz,Rheinland-Pfalz,9.885000000000002
67677,Rheinland-Pfalz,Rheinland-Pfalz,9.885000000000002
67678,Rheinland-Pfalz,Rheinland-Pfalz,9.885000000000002
67680,Rheinland-Pfalz,Rheinland-Pfalz,9.885000000000002
67681,Rheinland-Pfalz,Rheinland-Pfalz,9.885000000000002
67685,Rheinland-Pfalz,Rheinland-Pfalz,9.885000000000002
67686,Rheinland-Pfalz,Rheinland-Pfalz,9.885000000000002
67688,Rheinland-Pfalz,Rheinland-Pfalz,9.885000000000002
67691,Rheinland-Pfalz,Rheinland-Pfalz,9.885000000000002
67693,Rheinland-Pfalz,Rheinland-Pfalz,9.885000000000002
67697,Rheinland-Pfalz,Rheinland-Pfalz,9.885000000000002
67699,Rheinland-Pfalz,Rheinland-Pfalz,9.885000000000002
67700,Rheinland-Pfalz,Rheinland-Pfalz,9.885000000000002
67701,Rheinland-Pfalz,Rheinland-Pfalz,9.885000000000002
67705,Rheinland-Pfalz,Rheinland-Pfalz,9.885000000000002
67706,Rheinland-Pfalz,Rheinland-Pfalz,9.885000000000002
67707,Rheinland-Pfalz,Rheinland-Pfalz,9.885000000000002
67714,Rheinland-Pfalz,Rheinland-Pfalz,9.885000000000002
67715,Rheinland-Pfalz,Rheinland-Pfalz,9.885000000000002
67716,Rheinland-Pfalz,Rheinland-Pfalz,9.885000000000002
67718,Rheinland-Pfalz,Rheinland-Pfalz,9.885000000000002
67722,Rheinland-Pfalz,Rheinland-Pfalz,9.885000000000002
67724,Rheinland-Pfalz,Rheinland-Pfalz,9.885000000000002
67725,Rheinland-Pfalz,Rheinland-Pfalz,9.885000000000002
67727,Rheinland-Pfalz,Rheinland-Pfalz,9.885000000000002
67728,Rheinland-Pfalz,Rheinland-Pfalz,9.885000000000002
67729,Rheinland-Pfalz,Rheinland-Pfalz,9.885000000000002
67731,Rheinland-Pfalz,Rheinland-Pfalz,9.885000000000002
67732,Rheinland-Pfalz,Rheinland-Pfalz,9.885000000000002
67734,Rheinland-Pfalz,Rheinland-Pfalz,9.885000000000002
67735,Rheinland-Pfalz,Rheinland-Pfalz,9.885000000000002
67737,Rheinland-Pfalz,Rheinland-Pfalz,9.885000000000002
67742,Rheinland-Pfalz,Rheinland-Pfalz,9.885000000000002
67744,Rheinland-Pfalz,Rheinland-Pfalz,9.885000000000002
67745,Rheinland-Pfalz,Rheinland-Pfalz,9.885000000000002
67746,Rheinland-Pfalz,Rheinland-Pfalz,9.885000000000002
67748,Rheinland-Pfalz,Rheinland-Pfalz,9.885000000000002
67749,Rheinland-Pfalz,Rheinland-Pfalz,9.885000000000002
67752,Rheinland-Pfalz,Rheinland-Pfalz,9.885000000000002
67753,Rheinland-Pfalz,Rheinland-Pfalz,9.885000000000002
67754,Rheinland-Pfalz,Rheinland-Pfalz,9.885000000000002
67756,Rheinland-Pfalz,Rheinland-Pfalz,9.885000000000002
67757,Rheinland-Pfalz,Rheinland-Pfalz,9.885000000000002
67759,Rheinland-Pfalz,Rheinland-Pfalz,9.885000000000002
67806,Rheinland-Pfalz,Rheinland-Pfalz,9.885000000000002
67808,Rheinland-Pfalz,Rheinland-Pfalz,9.885000000000002
67811,Rheinland-Pfalz,Rheinland-Pfalz,9.885000000000002
67813,Rheinland-Pfalz,Rheinland-Pfalz,9.885000000000002
67814,Rheinland-Pfalz,Rheinland-Pfalz,9.885000000000002
67816,Rheinland-Pfalz,Rheinland-Pfalz,9.885000000000002
67817,Rheinland-Pfalz,Rheinland-Pfalz,9.885000000000002
67819,Rheinland-Pfalz,Rheinland-Pfalz,9.885000000000002
67821,Rheinland-Pfalz,Rheinland-Pfalz,9.885000000000002
67822,Rheinland-Pfalz,Rheinland-Pfalz,9.885000000000002
67823,Rheinland-Pfalz,Rheinland-Pfalz,9.885000000000002
67824,Rheinland-Pfalz,Rheinland-Pfalz,9.885000000000002
67826,Rheinland-Pfalz,Rheinland-Pfalz,9.885000000000002
67827,Rheinland-Pfalz,Rheinland-Pfalz,9.885000000000002
67829,Rheinland-Pfalz,Rheinland-Pfalz,9.885000000000002
68051,Baden-Württemberg,Baden-Wuerttemberg,9.350000000000001
68112,Baden-Württemberg,Baden-Wuerttemberg,9.350000000000001
68122,Baden-Württemberg,Baden-Wuerttemberg,9.350000000000001
68123,Baden-Württemberg,Baden-Wuerttemberg,9.350000000000001
68124,Baden-Württemberg,Baden-Wuerttemberg,9.350000000000001
68126,Baden-Württemberg,Baden-Wuerttemberg,9.350000000000001
68127,Baden-Württemberg,Baden-Wuerttemberg,9.350000000000001
68128,Baden-Württemberg,Baden-Wuerttemberg,9.350000000000001
68130,Baden-Württemberg,Baden-Wuerttemberg,9.350000000000001
68131,Baden-Württemberg,Baden-Wuerttemberg,9.350000000000001
68132,Baden-Württemberg,Baden-Wuerttemberg,9.350000000000001
68133,Baden-Württemberg,Baden-Wuerttemberg,9.350000000000001
68134,Baden-Württemberg,Baden-Wuerttemberg,9.350000000000001
68135,Baden-Württemberg,Baden-Wuerttemberg,9.350000000000001
68136,Baden-Württemberg,Baden-Wuerttemberg,9.350000000000001
68138,Baden-Württemberg,Baden-Wuerttemberg,9.350000000000001
68139,Baden-Württemberg,Baden-Wuerttemberg,9.350000000000001
68140,Baden-Württemberg,Baden-Wuerttemberg,9.350000000000001
68141,Baden-Württemberg,Baden-Wuerttemberg,9.350000000000001
68142,Baden-Württemberg,Baden-Wuerttemberg,9.350000000000001
68143,Baden-Württemberg,Baden-Wuerttemberg,9.350000000000001
68144,Baden-Württemberg,Baden-Wuerttemberg,9.350000000000001
68145,Baden-Württemberg,Baden-Wuerttemberg,9.350000000000001
68146,Baden-Württemberg,Baden-Wuerttemberg,9.350000000000001
68147,Baden-Württemberg,Baden-Wuerttemberg,9.350000000000001
68148,Baden-Württemberg,Baden-Wuerttemberg,9.350000000000001
68149,Baden-Württemberg,Baden-Wuerttemberg,9.350000000000001
68150,Baden-Württemberg,Baden-Wuerttemberg,9.350000000000001
68151,Baden-Württemberg,Baden-Wuerttemberg,9.350000000000001
68156,Baden-Württemberg,Baden-Wuerttemberg,9.350000000000001
68159,Baden-Württemberg,Baden-Wuerttemberg,9.350000000000001
68161,Baden-Württemberg,Baden-Wuerttemberg,9.350000000000001
68163,Baden-Württemberg,Baden-Wuerttemberg,9.350000000000001
68165,Baden-Württemberg,Baden-Wuerttemberg,9.350000000000001
68167,Baden-Württemberg,Baden-Wuerttemberg,9.350000000000001
68169,Baden-Württemberg,Baden-Wuerttemberg,9.350000000000001
68197,Baden-Württemberg,Baden-Wuerttemberg,9.350000000000001
68199,Baden-Württemberg,Baden-Wuerttemberg,9.350000000000001
68219,Baden-Württemberg,Baden-Wuerttemberg,9.350000000000001
68229,Baden-Württemberg,Baden-Wuerttemberg,9.350000000000001
68239,Baden-Württemberg,Baden-Wuerttemberg,9.350000000000001
68259,Baden-Württemberg,Baden-Wuerttemberg,9.350000000000001
68298,Baden-Württemberg,Baden-Wuerttemberg,9.350000000000001
68299,Baden-Württemberg,Baden-Wuerttemberg,9.350000000000001
68300,Baden-Württemberg,Baden-Wuerttemberg,9.350000000000001
68301,Baden-Württemberg,Baden-Wuerttemberg,9.350000000000001
68302,Baden-Württemberg,Baden-Wuerttemberg,9.350000000000001
68305,Baden-Württemberg,Baden-Wuerttemberg,9.350000000000001
68307,Baden-Württemberg,Baden-Wuerttemberg,9.350000000000001
68309,Baden-Württemberg,Baden-Wuerttemberg,9.350000000000001
68517,Hessen,Hessen,9.555
68519,Hessen,Hessen,9.555
68526,Baden-Württemberg,Baden-Wuerttemberg,9.350000000000001
68535,Baden-Württemberg,Baden-Wuerttemberg,9.350000000000001
68542,Baden-Württemberg,Baden-Wuerttemberg,9.350000000000001
68549,Baden-Württemberg,Baden-Wuerttemberg,9.350000000000001
68619,Hessen,Hessen,9.555
68623,Hessen,Hessen,9.555
68642,Hessen,Hessen,9.555
68647,Hessen,Hessen,9.555
68649,Hessen,Hessen,9.555
68721,Baden-Württemberg,Baden-Wuerttemberg,9.350000000000001
68723,Baden-Württemberg,Baden-Wuerttemberg,9.350000000000001
68753,Baden-Württemberg,Baden-Wuerttemberg,9.350000000000001
68764,Baden-Württemberg,Baden-Wuerttemberg,9.350000000000001
68766,Baden-Württemberg,Baden-Wuerttemberg,9.350000000000001
68775,Baden-Württemberg,Baden-Wuerttemberg,9.350000000000001
68782,Baden-Württemberg,Baden-Wuerttemberg,9.350000000000001
68789,Baden-Württemberg,Baden-Wuerttemberg,9.350000000000001
68794,Baden-Württemberg,Baden-Wuerttemberg,9.350000000000001
68799,Baden-Württemberg,Baden-Wuerttemberg,9.350000000000001
68804,Baden-Württemberg,Baden-Wuerttemberg,9.350000000000001
68809,Baden-Württemberg,Baden-Wuerttemberg,9.350000000000001
69108,Baden-Württemberg,Baden-Wuerttemberg,9.350000000000001
69110,Baden-Württemberg,Baden-Wuerttemberg,9.350000000000001
69111,Baden-Württemberg,Baden-Wuerttemberg,9.350000000000001
69112,Baden-Württemberg,Baden-Wuerttemberg,9.350000000000001
69113,Baden-Württemberg,Baden-Wuerttemberg,9.350000000000001
69115,Baden-Württemberg,Baden-Wuerttemberg,9.350000000000001
69117,Baden-Württemberg,Baden-Wuerttemberg,9.350000000000001
69118,Baden-Württemberg,Baden-Wuerttemberg,9.350000000000001
69120,Baden-Württemberg,Baden-Wuerttemberg,9.350000000000001
69121,Baden-Württemberg,Baden-Wuerttemberg,9.350000000000001
69123,Baden-Württemberg,Baden-Wuerttemberg,9.350000000000001
69124,Baden-Württemberg,Baden-Wuerttemberg,9.350000000000001
69126,Baden-Württemberg,Baden-Wuerttemberg,9.350000000000001
69151,Baden-Württemberg,Baden-Wuerttemberg,9.350000000000001
69159,Baden-Württemberg,Baden-Wuerttemberg,9.350000000000001
69168,Baden-Württemberg,Baden-Wuerttemberg,9.350000000000001
69181,Baden-Württemberg,Baden-Wuerttemberg,9.350000000000001
69189,Baden-Württemberg,Baden-Wuerttemberg,9.350000000000001
69190,Baden-Württemberg,Baden-Wuerttemberg,9.350000000000001
69198,Baden-Württemberg,Baden-Wuerttemberg,9.350000000000001
69207,Baden-Württemberg,Baden-Wuerttemberg,9.350000000000001
69214,Baden-Württemberg,Baden-Wuerttemberg,9.350000000000001
69221,Baden-Württemberg,Baden-Wuerttemberg,9.350000000000001
69226,Baden-Württemberg,Baden-Wuerttemberg,9.350000000000001
69231,Baden-Württemberg,Baden-Wuerttemberg,9.350000000000001
69234,Baden-Württemberg,Baden-Wuerttemberg,9.350000000000001
69239,Hessen,Hessen,9.555
69242,Baden-Württemberg,Baden-Wuerttemberg,9.350000000000001
69245,Baden-Württemberg,Baden-Wuerttemberg,9.350000000000001
69250,Baden-Württemberg,Baden-Wuerttemberg,9.350000000000001
69251,Baden-Württemberg,Baden-Wuerttemberg,9.350000000000001
69253,Baden-Württemberg,Baden-Wuerttemberg,9.350000000000001
69254,Baden-Württemberg,Baden-Wuerttemberg,9.350000000000001
69256,Baden-Württemberg,Baden-Wuerttemberg,9.350000000000001
69257,Baden-Württemberg,Baden-Wuerttemberg,9.350000000000001
69259,Baden-Württemberg,Baden-Wuerttemberg,9.350000000000001
69412,Baden-Württemberg,Baden-Wuerttemberg,9.350000000000001
69427,Baden-Württemberg,Baden-Wuerttemberg,9.350000000000001
69429,Baden-Württemberg,Baden-Wuerttemberg,9.350000000000001
69434,Baden-Württemberg,Baden-Wuerttemberg,9.350000000000001
69436,Baden-Württemberg,Baden-Wuerttemberg,9.350000000000001
69437,Baden-Württemberg,Baden-Wuerttemberg,9.350000000000001
69439,Baden-Württemberg,Baden-Wuerttemberg,9.350000000000001
69465,Baden-Württemberg,Baden-Wuerttemberg,9.350000000000001
69469,Baden-Württemberg,Baden-Wuerttemberg,9.350000000000001
69483,Hessen,Hessen,9.555
69488,Hessen,Hessen,9.555
69493,Baden-Württemberg,Baden-Wuerttemberg,9.350000000000001
69502,Baden-Württemberg,Baden-Wuerttemberg,9.350000000000001
69509,Hessen,Hessen,9.555
69514,Baden-Württemberg,Baden-Wuerttemberg,9.350000000000001
69517,Hessen,Hessen,9.555
69518,Hessen,Hessen,9.555
70131,Baden-Württemberg,Baden-Wuerttemberg,9.350000000000001
70134,Baden-Württemberg,Baden-Wuerttemberg,9.350000000000001
70135,Baden-Württemberg,Baden-Wuerttemberg,9.350000000000001
70136,Baden-Württemberg,Baden-Wuerttemberg,9.350000000000001
70137,Baden-Württemberg,Baden-Wuerttemberg,9.350000000000001
70138,Baden-Württemberg,Baden-Wuerttemberg,9.350000000000001
70139,Baden-Württemberg,Baden-Wuerttemberg,9.350000000000001
70140,Baden-Württemberg,Baden-Wuerttemberg,9.350000000000001
70141,Baden-Württemberg,Baden-Wuerttemberg,9.350000000000001
70143,Baden-Württemberg,Baden-Wuerttemberg,9.350000000000001
70144,Baden-Württemberg,Baden-Wuerttemberg,9.350000000000001
70145,Baden-Württemberg,Baden-Wuerttemberg,9.350000000000001
70146,Baden-Württemberg,Baden-Wuerttemberg,9.350000000000001
70148,Baden-Württemberg,Baden-Wuerttemberg,9.350000000000001
70149,Baden-Württemberg,Baden-Wuerttemberg,9.350000000000001
70150,Baden-Württemberg,Baden-Wuerttemberg,9.350000000000001
70151,Baden-Württemberg,Baden-Wuerttemberg,9.350000000000001
70152,Baden-Württemberg,Baden-Wuerttemberg,9.350000000000001
70153,Baden-Württemberg,Baden-Wuerttemberg,9.350000000000001
70154,Baden-Württemberg,Baden-Wuerttemberg,9.350000000000001
70155,Baden-Württemberg,Baden-Wuerttemberg,9.350000000000001
70158,Baden-Württemberg,Baden-Wuerttemberg,9.350000000000001
70161,Baden-Württemberg,Baden-Wuerttemberg,9.350000000000001
70162,Baden-Württemberg,Baden-Wuerttemberg,9.350000000000001
70166,Baden-Württemberg,Baden-Wuerttemberg,9.350000000000001
70167,Baden-Württemberg,Baden-Wuerttemberg,9.350000000000001
70168,Baden-Württemberg,Baden-Wuerttemberg,9.350000000000001
70171,Baden-Württemberg,Baden-Wuerttemberg,9.350000000000001
70173,Baden-Württemberg,Baden-Wuerttemberg,9.350000000000001
70174,Baden-Württemberg,Baden-Wuerttemberg,9.350000000000001
70176,Baden-Württemberg,Baden-Wuerttemberg,9.350000000000001
70178,Baden-Württemberg,Baden-Wuerttemberg,9.350000000000001
70180,Baden-Württemberg,Baden-Wuerttemberg,9.350000000000001
70182,Baden-Württemberg,Baden-Wuerttemberg,9.350000000000001
70184,Baden-Württemberg,Baden-Wuerttemberg,9.350000000000001
70186,Baden-Württemberg,Baden-Wuerttemberg,9.350000000000001
70188,Baden-Württemberg,Baden-Wuerttemberg,9.350000000000001
70190,Baden-Württemberg,Baden-Wuerttemberg,9.350000000000001
70191,Baden-Württemberg,Baden-Wuerttemberg,9.350000000000001
70192,Baden-Württemberg,Baden-Wuerttemberg,9.350000000000001
70193,Baden-Württemberg,Baden-Wuerttemberg,9.350000000000001
70195,Baden-Württemberg,Baden-Wuerttemberg,9.350000000000001
70197,Baden-Württemberg,Baden-Wuerttemberg,9.350000000000001
70199,Baden-Württemberg,Baden-Wuerttemberg,9.350000000000001
70320,Baden-Württemberg,Baden-Wuerttemberg,9.350000000000001
70322,Baden-Württemberg,Baden-Wuerttemberg,9.350000000000001
70323,Baden-Württemberg,Baden-Wuerttemberg,9.350000000000001
70324,Baden-Württemberg,Baden-Wuerttemberg,9.350000000000001
70327,Baden-Württemberg,Baden-Wuerttemberg,9.350000000000001
70329,Baden-Württemberg,Baden-Wuerttemberg,9.350000000000001
70345,Baden-Württemberg,Baden-Wuerttemberg,9.350000000000001
70363,Baden-Württemberg,Baden-Wuerttemberg,9.350000000000001
70365,Baden-Württemberg,Baden-Wuerttemberg,9.350000000000001
70366,Baden-Württemberg,Baden-Wuerttemberg,9.350000000000001
70367,Baden-Württemberg,Baden-Wuerttemberg,9.350000000000001
70369,Baden-Württemberg,Baden-Wuerttemberg,9.350000000000001
70372,Baden-Württemberg,Baden-Wuerttemberg,9.350000000000001
70374,Baden-Württemberg,Baden-Wuerttemberg,9.350000000000001
70376,Baden-Württemberg,Baden-Wuerttemberg,9.350000000000001
70378,Baden-Württemberg,Baden-Wuerttemberg,9.350000000000001
70429,Baden-Württemberg,Baden-Wuerttemberg,9.350000000000001
70431,Baden-Württemberg,Baden-Wuerttemberg,9.350000000000001
70432,Baden-Württemberg,Baden-Wuerttemberg,9.350000000000001
70435,Baden-Württemberg,Baden-Wuerttemberg,9.350000000000001
70437,Baden-Württemberg,Baden-Wuerttemberg,9.350000000000001
70439,Baden-Württemberg,Baden-Wuerttemberg,9.350000000000001
70464,Baden-Württemberg,Baden-Wuerttemberg,9.350000000000001
70465,Baden-Württemberg,Baden-Wuerttemberg,9.350000000000001
70466,Baden-Württemberg,Baden-Wuerttemberg,9.350000000000001
70467,Baden-Württemberg,Baden-Wuerttemberg,9.350000000000001
70469,Baden-Württemberg,Baden-Wuerttemberg,9.350000000000001
70494,Baden-Württemberg,Baden-Wuerttemberg,9.350000000000001
70496,Baden-Württemberg,Baden-Wuerttemberg,9.350000000000001
70499,Baden-Württemberg,Baden-Wuerttemberg,9.350000000000001
70537,Baden-Württemberg,Baden-Wuerttemberg,9.350000000000001
70538,Baden-Württemberg,Baden-Wuerttemberg,9.350000000000001
70539,Baden-Württemberg,Baden-Wuerttemberg,9.350000000000001
70545,Baden-Württemberg,Baden-Wuerttemberg,9.350000000000001
70546,Baden-Württemberg,Baden-Wuerttemberg,9.350000000000001
70547,Baden-Württemberg,Baden-Wuerttemberg,9.350000000000001
70549,Baden-Württemberg,Baden-Wuerttemberg,9.350000000000001
70550,Baden-Württemberg,Baden-Wuerttemberg,9.350000000000001
70551,Baden-Württemberg,Baden-Wuerttemberg,9.350000000000001
70552,Baden-Württemberg,Baden-Wuerttemberg,9.350000000000001
70556,Baden-Württemberg,Baden-Wuerttemberg,9.350000000000001
70560,Baden-Württemberg,Baden-Wuerttemberg,9.350000000000001
70563,Baden-Württemberg,Baden-Wuerttemberg,9.350000000000001
70565,Baden-Württemberg,Baden-Wuerttemberg,9.350000000000001
70567,Baden-Württemberg,Baden-Wuerttemberg,9.350000000000001
70569,Baden-Württemberg,Baden-Wuerttemberg,9.350000000000001
70593,Baden-Württemberg,Baden-Wuerttemberg,9.350000000000001
70594,Baden-Württemberg,Baden-Wuerttemberg,9.350000000000001
70597,Baden-Württemberg,Baden-Wuerttemberg,9.350000000000001
70599,Baden-Württemberg,Baden-Wuerttemberg,9.350000000000001
70619,Baden-Württemberg,Baden-Wuerttemberg,9.350000000000001
70627,Baden-Württemberg,Baden-Wuerttemberg,9.350000000000001
70628,Baden-Württemberg,Baden-Wuerttemberg,9.350000000000001
70629,Baden-Württemberg,Baden-Wuerttemberg,9.350000000000001
70637,Baden-Württemberg,Baden-Wuerttemberg,9.350000000000001
70640,Baden-Württemberg,Baden-Wuerttemberg,9.350000000000001
70644,Baden-Württemberg,Baden-Wuerttemberg,9.350000000000001
70730,Baden-Württemberg,Baden-Wuerttemberg,9.350000000000001
70731,Baden-Württemberg,Baden-Wuerttemberg,9.350000000000001
70732,Baden-Württemberg,Baden-Wuerttemberg,9.350000000000001
70734,Baden-Württemberg,Baden-Wuerttemberg,9.350000000000001
70736,Baden-Württemberg,Baden-Wuerttemberg,9.350000000000001
70764,Baden-Württemberg,Baden-Wuerttemberg,9.350000000000001
70765,Baden-Württemberg,Baden-Wuerttemberg,9.350000000000001
70766,Baden-Württemberg,Baden-Wuerttemberg,9.350000000000001
70767,Baden-Württemberg,Baden-Wuerttemberg,9.350000000000001
70768,Baden-Württemberg,Baden-Wuerttemberg,9.350000000000001
70769,Baden-Württemberg,Baden-Wuerttemberg,9.350000000000001
70771,Baden-Württemberg,Baden-Wuerttemberg,9.350000000000001
70788,Baden-Württemberg,Baden-Wuerttemberg,9.350000000000001
70790,Baden-Württemberg,Baden-Wuerttemberg,9.350000000000001
70791,Baden-Württemberg,Baden-Wuerttemberg,9.350000000000001
70792,Baden-Württemberg,Baden-Wuerttemberg,9.350000000000001
70794,Baden-Württemberg,Baden-Wuerttemberg,9.350000000000001
70801,Baden-Württemberg,Baden-Wuerttemberg,9.350000000000001
70803,Baden-Württemberg,Baden-Wuerttemberg,9.350000000000001
70804,Baden-Württemberg,Baden-Wuerttemberg,9.350000000000001
70806,Baden-Württemberg,Baden-Wuerttemberg,9.350000000000001
70821,Baden-Württemberg,Baden-Wuerttemberg,9.350000000000001
70822,Baden-Württemberg,Baden-Wuerttemberg,9.350000000000001
70825,Baden-Württemberg,Baden-Wuerttemberg,9.350000000000001
70836,Baden-Württemberg,Baden-Wuerttemberg,9.350000000000001
70839,Baden-Württemberg,Baden-Wuerttemberg,9.350000000000001
71028,Baden-Württemberg,Baden-Wuerttemberg,9.350000000000001
71029,Baden-Württemberg,Baden-Wuerttemberg,9.350000000000001
71032,Baden-Württemberg,Baden-Wuerttemberg,9.350000000000001
71034,Baden-Württemberg,Baden-Wuerttemberg,9.350000000000001
71058,Baden-Württemberg,Baden-Wuerttemberg,9.350000000000001
71060,Baden-Württemberg,Baden-Wuerttemberg,9.350000000000001
71063,Baden-Württemberg,Baden-Wuerttemberg,9.350000000000001
71065,Baden-Württemberg,Baden-Wuerttemberg,9.350000000000001
71067,Baden-Württemberg,Baden-Wuerttemberg,9.350000000000001
71069,Baden-Württemberg,Baden-Wuerttemberg,9.350000000000001
71083,Baden-Württemberg,Baden-Wuerttemberg,9.350000000000001
71087,Baden-Württemberg,Baden-Wuerttemberg,9.350000000000001
71088,Baden-Württemberg,Baden-Wuerttemberg,9.350000000000001
71093,Baden-Württemberg,Baden-Wuerttemberg,9.350000000000001
71101,Baden-Württemberg,Baden-Wuerttemberg,9.350000000000001
71106,Baden-Württemberg,Baden-Wuerttemberg,9.350000000000001
71111,Baden-Württemberg,Baden-Wuerttemberg,9.350000000000001
71116,Baden-Württemberg,Baden-Wuerttemberg,9.350000000000001
71120,Baden-Württemberg,Baden-Wuerttemberg,9.350000000000001
71125,Baden-Württemberg,Baden-Wuerttemberg,9.350000000000001
71126,Baden-Württemberg,Baden-Wuerttemberg,9.350000000000001
71131,Baden-Württemberg,Baden-Wuerttemberg,9.350000000000001
71134,Baden-Württemberg,Baden-Wuerttemberg,9.350000000000001
71137,Baden-Württemberg,Baden-Wuerttemberg,9.350000000000001
71139,Baden-Württemberg,Baden-Wuerttemberg,9.350000000000001
71144,Baden-Württemberg,Baden-Wuerttemberg,9.350000000000001
71148,Baden-Württemberg,Baden-Wuerttemberg,9.350000000000001
71149,Baden-Württemberg,Baden-Wuerttemberg,9.350000000000001
71154,Baden-Württemberg,Baden-Wuerttemberg,9.350000000000001
71155,Baden-Württemberg,Baden-Wuerttemberg,9.350000000000001
71157,Baden-Württemberg,Baden-Wuerttemberg,9.350000000000001
71159,Baden-Württemberg,Baden-Wuerttemberg,9.350000000000001
71226,Baden-Württemberg,Baden-Wuerttemberg,9.350000000000001
71229,Baden-Württemberg,Baden-Wuerttemberg,9.350000000000001
71252,Baden-Württemberg,Baden-Wuerttemberg,9.350000000000001
71254,Baden-Württemberg,Baden-Wuerttemberg,9.350000000000001
71261,Baden-Württemberg,Baden-Wuerttemberg,9.350000000000001
71263,Baden-Württemberg,Baden-Wuerttemberg,9.350000000000001
71272,Baden-Württemberg,Baden-Wuerttemberg,9.350000000000001
71277,Baden-Württemberg,Baden-Wuerttemberg,9.350000000000001
71282,Baden-Württemberg,Baden-Wuerttemberg,9.350000000000001
71287,Baden-Württemberg,Baden-Wuerttemberg,9.350000000000001
71292,Baden-Württemberg,Baden-Wuerttemberg,9.350000000000001
71296,Baden-Württemberg,Baden-Wuerttemberg,9.350000000000001
71297,Baden-Württemberg,Baden-Wuerttemberg,9.350000000000001
71299,Baden-Württemberg,Baden-Wuerttemberg,9.350000000000001
71327,Baden-Württemberg,Baden-Wuerttemberg,9.350000000000001
71328,Baden-Württemberg,Baden-Wuerttemberg,9.350000000000001
71332,Baden-Württemberg,Baden-Wuerttemberg,9.350000000000001
71334,Baden-Württemberg,Baden-Wuerttemberg,9.350000000000001
71336,Baden-Württemberg,Baden-Wuerttemberg,9.350000000000001
71361,Baden-Württemberg,Baden-Wuerttemberg,9.350000000000001
71364,Baden-Württemberg,Baden-Wuerttemberg,9.350000000000001
71384,Baden-Württemberg,Baden-Wuerttemberg,9.350000000000001
71394,Baden-Württemberg,Baden-Wuerttemberg,9.350000000000001
71397,Baden-Württemberg,Baden-Wuerttemberg,9.350000000000001
71404,Baden-Württemberg,Baden-Wuerttemberg,9.350000000000001
71409,Baden-Württemberg,Baden-Wuerttemberg,9.350000000000001
71520,Baden-Württemberg,Baden-Wuerttemberg,9.350000000000001
71522,Baden-Württemberg,Baden-Wuerttemberg,9.350000000000001
71540,Baden-Württemberg,Baden-Wuerttemberg,9.350000000000001
71543,Baden-Württemberg,Baden-Wuerttemberg,9.350000000000001
71546,Baden-Württemberg,Baden-Wuerttemberg,9.350000000000001
71549,Baden-Württemberg,Baden-Wuerttemberg,9.350000000000001
71554,Baden-Württemberg,Baden-Wuerttemberg,9.350000000000001
71560,Baden-Württemberg,Baden-Wuerttemberg,9.350000000000001
71563,Baden-Württemberg,Baden-Wuerttemberg,9.350000000000001
71566,Baden-Württemberg,Baden-Wuerttemberg,9.350000000000001
71570,Baden-Württemberg,Baden-Wuerttemberg,9.350000000000001
71573,Baden-Württemberg,Baden-Wuerttemberg,9.350000000000001
71576,Baden-Württemberg,Baden-Wuerttemberg,9.350000000000001
71577,Baden-Württemberg,Baden-Wuerttemberg,9.350000000000001
71579,Baden-Württemberg,Baden-Wuerttemberg,9.350000000000001
71629,Baden-Württemberg,Baden-Wuerttemberg,9.350000000000001
71630,Baden-Württemberg,Baden-Wuerttemberg,9.350000000000001
71631,Baden-Württemberg,Baden-Wuerttemberg,9.350000000000001
71632,Baden-Württemberg,Baden-Wuerttemberg,9.350000000000001
71634,Baden-Württemberg,Baden-Wuerttemberg,9.350000000000001
71636,Baden-Württemberg,Baden-Wuerttemberg,9.350000000000001
71638,Baden-Württemberg,Baden-Wuerttemberg,9.350000000000001
71640,Baden-Württemberg,Baden-Wuerttemberg,9.350000000000001
71642,Baden-Württemberg,Baden-Wuerttemberg,9.350000000000001
71665,Baden-Württemberg,Baden-Wuerttemberg,9.350000000000001
71672,Baden-Württemberg,Baden-Wuerttemberg,9.350000000000001
71679,Baden-Württemberg,Baden-Wuerttemberg,9.350000000000001
71686,Baden-Württemberg,Baden-Wuerttemberg,9.350000000000001
71691,Baden-Württemberg,Baden-Wuerttemberg,9.350000000000001
71696,Baden-Württemberg,Baden-Wuerttemberg,9.350000000000001
71701,Baden-Württemberg,Baden-Wuerttemberg,9.350000000000001
71706,Baden-Württemberg,Baden-Wuerttemberg,9.350000000000001
71711,Baden-Württemberg,Baden-Wuerttemberg,9.350000000000001
71717,Baden-Württemberg,Baden-Wuerttemberg,9.350000000000001
71718,Baden-Württemberg,Baden-Wuerttemberg,9.350000000000001
71720,Baden-Württemberg,Baden-Wuerttemberg,9.350000000000001
71723,Baden-Württemberg,Baden-Wuerttemberg,9.350000000000001
71726,Baden-Württemberg,Baden-Wuerttemberg,9.350000000000001
71729,Baden-Württemberg,Baden-Wuerttemberg,9.350000000000001
71732,Baden-Württemberg,Baden-Wuerttemberg,9.350000000000001
71735,Baden-Württemberg,Baden-Wuerttemberg,9.350000000000001
71737,Baden-Württemberg,Baden-Wuerttemberg,9.350000000000001
71739,Baden-Württemberg,Baden-Wuerttemberg,9.350000000000001
72070,Baden-Württemberg,Baden-Wuerttemberg,9.350000000000001
72072,Baden-Württemberg,Baden-Wuerttemberg,9.350000000000001
72074,Baden-Württemberg,Baden-Wuerttemberg,9.350000000000001
72076,Baden-Württemberg,Baden-Wuerttemberg,9.350000000000001
72105,Baden-Württemberg,Baden-Wuerttemberg,9.350000000000001
72108,Baden-Württemberg,Baden-Wuerttemberg,9.350000000000001
72116,Baden-Württemberg,Baden-Wuerttemberg,9.350000000000001
72119,Baden-Württemberg,Baden-Wuerttemberg,9.350000000000001
72124,Baden-Württemberg,Baden-Wuerttemberg,9.350000000000001
72127,Baden-Württemberg,Baden-Wuerttemberg,9.350000000000001
72131,Baden-Württemberg,Baden-Wuerttemberg,9.350000000000001
72135,Baden-Württemberg,Baden-Wuerttemberg,9.350000000000001
72138,Baden-Württemberg,Baden-Wuerttemberg,9.350000000000001
72141,Baden-Württemberg,Baden-Wuerttemberg,9.350000000000001
72144,Baden-Württemberg,Baden-Wuerttemberg,9.350000000000001
72145,Baden-Württemberg,Baden-Wuerttemberg,9.350000000000001
72147,Baden-Württemberg,Baden-Wuerttemberg,9.350000000000001
72149,Baden-Württemberg,Baden-Wuerttemberg,9.350000000000001
72160,Baden-Württemberg,Baden-Wuerttemberg,9.350000000000001
72172,Baden-Württemberg,Baden-Wuerttemberg,9.350000000000001
72175,Baden-Württemberg,Baden-Wuerttemberg,9.350000000000001
72178,Baden-Württemberg,Baden-Wuerttemberg,9.350000000000001
72181,Baden-Württemberg,Baden-Wuerttemberg,9.350000000000001
72184,Baden-Württemberg,Baden-Wuerttemberg,9.350000000000001
72186,Baden-Württemberg,Baden-Wuerttemberg,9.350000000000001
72189,Baden-Württemberg,Baden-Wuerttemberg,9.350000000000001
72200,Baden-Württemberg,Baden-Wuerttemberg,9.350000000000001
72202,Baden-Württemberg,Baden-Wuerttemberg,9.350000000000001
72213,Baden-Württemberg,Baden-Wuerttemberg,9.350000000000001
72218,Baden-Württemberg,Baden-Wuerttemberg,9.350000000000001
72221,Baden-Württemberg,Baden-Wuerttemberg,9.350000000000001
72224,Baden-Württemberg,Baden-Wuerttemberg,9.350000000000001
72226,Baden-Württemberg,Baden-Wuerttemberg,9.350000000000001
72227,Baden-Württemberg,Baden-Wuerttemberg,9.350000000000001
72229,Baden-Württemberg,Baden-Wuerttemberg,9.350000000000001
72250,Baden-Württemberg,Baden-Wuerttemberg,9.350000000000001
72270,Baden-Württemberg,Baden-Wuerttemberg,9.350000000000001
72275,Baden-Württemberg,Baden-Wuerttemberg,9.350000000000001
72280,Baden-Württemberg,Baden-Wuerttemberg,9.350000000000001
72285,Baden-Württemberg,Baden-Wuerttemberg,9.350000000000001
72290,Baden-Württemberg,Baden-Wuerttemberg,9.350000000000001
72291,Baden-Württemberg,Baden-Wuerttemberg,9.350000000000001
72293,Baden-Württemberg,Baden-Wuerttemberg,9.350000000000001
72294,Baden-Württemberg,Baden-Wuerttemberg,9.350000000000001
72296,Baden-Württemberg,Baden-Wuerttemberg,9.350000000000001
72297,Baden-Württemberg,Baden-Wuerttemberg,9.350000000000001
72299,Baden-Württemberg,Baden-Wuerttemberg,9.350000000000001
72332,Baden-Württemberg,Baden-Wuerttemberg,9.350000000000001
72334,Baden-Württemberg,Baden-Wuerttemberg,9.350000000000001
72336,Baden-Württemberg,Baden-Wuerttemberg,9.350000000000001
72348,Baden-Württemberg,Baden-Wuerttemberg,9.350000000000001
72351,Baden-Württemberg,Baden-Wuerttemberg,9.350000000000001
72355,Baden-Württemberg,Baden-Wuerttemberg,9.350000000000001
72356,Baden-Württemberg,Baden-Wuerttemberg,9.350000000000001
72358,Baden-Württemberg,Baden-Wuerttemberg,9.350000000000001
72359,Baden-Württemberg,Baden-Wuerttemberg,9.350000000000001
72361,Baden-Württemberg,Baden-Wuerttemberg,9.350000000000001
72362,Baden-Württemberg,Baden-Wuerttemberg,9.350000000000001
72364,Baden-Württemberg,Baden-Wuerttemberg,9.350000000000001
72365,Baden-Württemberg,Baden-Wuerttemberg,9.350000000000001
72367,Baden-Württemberg,Baden-Wuerttemberg,9.350000000000001
72369,Baden-Württemberg,Baden-Wuerttemberg,9.350000000000001
72379,Baden-Württemberg,Baden-Wuerttemberg,9.350000000000001
72393,Baden-Württemberg,Baden-Wuerttemberg,9.350000000000001
72401,Baden-Württemberg,Baden-Wuerttemberg,9.350000000000001
72406,Baden-Württemberg,Baden-Wuerttemberg,9.350000000000001
72411,Baden-Württemberg,Baden-Wuerttemberg,9.350000000000001
72414,Baden-Württemberg,Baden-Wuerttemberg,9.350000000000001
72415,Baden-Württemberg,Baden-Wuerttemberg,9.350000000000001
72417,Baden-Württemberg,Baden-Wuerttemberg,9.350000000000001
72419,Baden-Württemberg,Baden-Wuerttemberg,9.350000000000001
72458,Baden-Württemberg,Baden-Wuerttemberg,9.350000000000001
72459,Baden-Württemberg,Baden-Wuerttemberg,9.350000000000001
72461,Baden-Württemberg,Baden-Wuerttemberg,9.350000000000001
72469,Baden-Württemberg,Baden-Wuerttemberg,9.350000000000001
72474,Baden-Württemberg,Baden-Wuerttemberg,9.350000000000001
72475,Baden-Württemberg,Baden-Wuerttemberg,9.350000000000001
72477,Baden-Württemberg,Baden-Wuerttemberg,9.350000000000001
72479,Baden-Württemberg,Baden-Wuerttemberg,9.350000000000001
72488,Baden-Württemberg,Baden-Wuerttemberg,9.350000000000001
72501,Baden-Württemberg,Baden-Wuerttemberg,9.350000000000001
72505,Baden-Württemberg,Baden-Wuerttemberg,9.350000000000001
72510,Baden-Württemberg,Baden-Wuerttemberg,9.350000000000001
72511,Baden-Württemberg,Baden-Wuerttemberg,9.350000000000001
72513,Baden-Württemberg,Baden-Wuerttemberg,9.350000000000001
72514,Baden-Württemberg,Baden-Wuerttemberg,9.350000000000001
72516,Baden-Württemberg,Baden-Wuerttemberg,9.350000000000001
72517,Baden-Württemberg,Baden-Wuerttemberg,9.350000000000001
72519,Baden-Württemberg,Baden-Wuerttemberg,9.350000000000001
72525,Baden-Württemberg,Baden-Wuerttemberg,9.350000000000001
72531,Baden-Württemberg,Baden-Wuerttemberg,9.350000000000001
72532,Baden-Württemberg,Baden-Wuerttemberg,9.350000000000001
72534,Baden-Württemberg,Baden-Wuerttemberg,9.350000000000001
72535,Baden-Württemberg,Baden-Wuerttemberg,9.350000000000001
72537,Baden-Württemberg,Baden-Wuerttemberg,9.350000000000001
72539,Baden-Württemberg,Baden-Wuerttemberg,9.350000000000001
72555,Baden-Württemberg,Baden-Wuerttemberg,9.350000000000001
72574,Baden-Württemberg,Baden-Wuerttemberg,9.350000000000001
72581,Baden-Württemberg,Baden-Wuerttemberg,9.350000000000001
72582,Baden-Württemberg,Baden-Wuerttemberg,9.350000000000001
72584,Baden-Württemberg,Baden-Wuerttemberg,9.350000000000001
72585,Baden-Württemberg,Baden-Wuerttemberg,9.350000000000001
72587,Baden-Württemberg,Baden-Wuerttemberg,9.350000000000001
72589,Baden-Württemberg,Baden-Wuerttemberg,9.350000000000001
72622,Baden-Württemberg,Baden-Wuerttemberg,9.350000000000001
72631,Baden-Württemberg,Baden-Wuerttemberg,9.350000000000001
72636,Baden-Württemberg,Baden-Wuerttemberg,9.350000000000001
72639,Baden-Württemberg,Baden-Wuerttemberg,9.350000000000001
72644,Baden-Württemberg,Baden-Wuerttemberg,9.350000000000001
72649,Baden-Württemberg,Baden-Wuerttemberg,9.350000000000001
72654,Baden-Württemberg,Baden-Wuerttemberg,9.350000000000001
72655,Baden-Württemberg,Baden-Wuerttemberg,9.350000000000001
72657,Baden-Württemberg,Baden-Wuerttemberg,9.350000000000001
72658,Baden-Württemberg,Baden-Wuerttemberg,9.350000000000001
72660,Baden-Württemberg,Baden-Wuerttemberg,9.350000000000001
72661,Baden-Württemberg,Baden-Wuerttemberg,9.350000000000001
72663,Baden-Württemberg,Baden-Wuerttemberg,9.350000000000001
72664,Baden-Württemberg,Baden-Wuerttemberg,9.350000000000001
72666,Baden-Württemberg,Baden-Wuerttemberg,9.350000000000001
72667,Baden-Württemberg,Baden-Wuerttemberg,9.350000000000001
72669,Baden-Württemberg,Baden-Wuerttemberg,9.350000000000001
72757,Baden-Württemberg,Baden-Wuerttemberg,9.350000000000001
72758,Baden-Württemberg,Baden-Wuerttemberg,9.350000000000001
72760,Baden-Württemberg,Baden-Wuerttemberg,9.350000000000001
72762,Baden-Württemberg,Baden-Wuerttemberg,9.350000000000001
72764,Baden-Württemberg,Baden-Wuerttemberg,9.350000000000001
72766,Baden-Württemberg,Baden-Wuerttemberg,9.350000000000001
72768,Baden-Württemberg,Baden-Wuerttemberg,9.350000000000001
72770,Baden-Württemberg,Baden-Wuerttemberg,9.350000000000001
72780,Baden-Württemberg,Baden-Wuerttemberg,9.350000000000001
72781,Baden-Württemberg,Baden-Wuerttemberg,9.350000000000001
72793,Baden-Württemberg,Baden-Wuerttemberg,9.350000000000001
72800,Baden-Württemberg,Baden-Wuerttemberg,9.350000000000001
72805,Baden-Württemberg,Baden-Wuerttemberg,9.350000000000001
72810,Baden-Württemberg,Baden-Wuerttemberg,9.350000000000001
72813,Baden-Württemberg,Baden-Wuerttemberg,9.350000000000001
72818,Baden-Württemberg,Baden-Wuerttemberg,9.350000000000001
72820,Baden-Württemberg,Baden-Wuerttemberg,9.350000000000001
72827,Baden-Württemberg,Baden-Wuerttemberg,9.350000000000001
72829,Baden-Württemberg,Baden-Wuerttemberg,9.350000000000001
73025,Baden-Württemberg,Baden-Wuerttemberg,9.350000000000001
73027,Baden-Württemberg,Baden-Wuerttemberg,9.350000000000001
73033,Baden-Württemberg,Baden-Wuerttemberg,9.350000000000001
73035,Baden-Württemberg,Baden-Wuerttemberg,9.350000000000001
73037,Baden-Württemberg,Baden-Wuerttemberg,9.350000000000001
73047,Baden-Württemberg,Baden-Wuerttemberg,9.350000000000001
73054,Baden-Württemberg,Baden-Wuerttemberg,9.350000000000001
73061,Baden-Württemberg,Baden-Wuerttemberg,9.350000000000001
73066,Baden-Württemberg,Baden-Wuerttemberg,9.350000000000001
73072,Baden-Württemberg,Baden-Wuerttemberg,9.350000000000001
73079,Baden-Württemberg,Baden-Wuerttemberg,9.350000000000001
73084,Baden-Württemberg,Baden-Wuerttemberg,9.350000000000001
73087,Baden-Württemberg,Baden-Wuerttemberg,9.350000000000001
73092,Baden-Württemberg,Baden-Wuerttemberg,9.350000000000001
73095,Baden-Württemberg,Baden-Wuerttemberg,9.350000000000001
73098,Baden-Württemberg,Baden-Wuerttemberg,9.350000000000001
73099,Baden-Württemberg,Baden-Wuerttemberg,9.350000000000001
73101,Baden-Württemberg,Baden-Wuerttemberg,9.350000000000001
73102,Baden-Württemberg,Baden-Wuerttemberg,9.350000000000001
73104,Baden-Württemberg,Baden-Wuerttemberg,9.350000000000001
73105,Baden-Württemberg,Baden-Wuerttemberg,9.350000000000001
73107,Baden-Württemberg,Baden-Wuerttemberg,9.350000000000001
73108,Baden-Württemberg,Baden-Wuerttemberg,9.350000000000001
73110,Baden-Württemberg,Baden-Wuerttemberg,9.350000000000001
73111,Baden-Württemberg,Baden-Wuerttemberg,9.350000000000001
73113,Baden-Württemberg,Baden-Wuerttemberg,9.350000000000001
73114,Baden-Württemberg,Baden-Wuerttemberg,9.350000000000001
73116,Baden-Württemberg,Baden-Wuerttemberg,9.350000000000001
73117,Baden-Württemberg,Baden-Wuerttemberg,9.350000000000001
73119,Baden-Württemberg,Baden-Wuerttemberg,9.350000000000001
73207,Baden-Württemberg,Baden-Wuerttemberg,9.350000000000001
73227,Baden-Württemberg,Baden-Wuerttemberg,9.350000000000001
73228,Baden-Württemberg,Baden-Wuerttemberg,9.350000000000001
73230,Baden-Württemberg,Baden-Wuerttemberg,9.350000000000001
73235,Baden-Württemberg,Baden-Wuerttemberg,9.350000000000001
73240,Baden-Württemberg,Baden-Wuerttemberg,9.350000000000001
73249,Baden-Württemberg,Baden-Wuerttemberg,9.350000000000001
73252,Baden-Württemberg,Baden-Wuerttemberg,9.350000000000001
73257,Baden-Württemberg,Baden-Wuerttemberg,9.350000000000001
73262,Baden-Württemberg,Baden-Wuerttemberg,9.350000000000001
73265,Baden-Württemberg,Baden-Wuerttemberg,9.350000000000001
73266,Baden-Württemberg,Baden-Wuerttemberg,9.350000000000001
73268,Baden-Württemberg,Baden-Wuerttemberg,9.350000000000001
73269,Baden-Württemberg,Baden-Wuerttemberg,9.350000000000001
73271,Baden-Württemberg,Baden-Wuerttemberg,9.350000000000001
73272,Baden-Württemberg,Baden-Wuerttemberg,9.350000000000001
73274,Baden-Württemberg,Baden-Wuerttemberg,9.350000000000001
73275,Baden-Württemberg,Baden-Wuerttemberg,9.350000000000001
73277,Baden-Württemberg,Baden-Wuerttemberg,9.350000000000001
73278,Baden-Württemberg,Baden-Wuerttemberg,9.350000000000001
73309,Baden-Württemberg,Baden-Wuerttemberg,9.350000000000001
73312,Baden-Württemberg,Baden-Wuerttemberg,9.350000000000001
73326,Baden-Württemberg,Baden-Wuerttemberg,9.350000000000001
73329,Baden-Württemberg,Baden-Wuerttemberg,9.350000000000001
73333,Baden-Württemberg,Baden-Wuerttemberg,9.350000000000001
73337,Baden-Württemberg,Baden-Wuerttemberg,9.350000000000001
73340,Baden-Württemberg,Baden-Wuerttemberg,9.350000000000001
73342,Baden-Württemberg,Baden-Wuerttemberg,9.350000000000001
73344,Baden-Württemberg,Baden-Wuerttemberg,9.350000000000001
73345,Baden-Württemberg,Baden-Wuerttemberg,9.350000000000001
73347,Baden-Württemberg,Baden-Wuerttemberg,9.350000000000001
73349,Baden-Württemberg,Baden-Wuerttemberg,9.350000000000001
73425,Baden-Württemberg,Baden-Wuerttemberg,9.350000000000001
73427,Baden-Württemberg,Baden-Wuerttemberg,9.350000000000001
73428,Baden-Württemberg,Baden-Wuerttemberg,9.350000000000001
73430,Baden-Württemberg,Baden-Wuerttemberg,9.350000000000001
73431,Baden-Württemberg,Baden-Wuerttemberg,9.350000000000001
73432,Baden-Württemberg,Baden-Wuerttemberg,9.350000000000001
73433,Baden-Württemberg,Baden-Wuerttemberg,9.350000000000001
73434,Baden-Württemberg,Baden-Wuerttemberg,9.350000000000001
73441,Baden-Württemberg,Baden-Wuerttemberg,9.350000000000001
73446,Baden-Württemberg,Baden-Wuerttemberg,9.350000000000001
73447,Baden-Württemberg,Baden-Wuerttemberg,9.350000000000001
73450,Baden-Württemberg,Baden-Wuerttemberg,9.350000000000001
73453,Baden-Württemberg,Baden-Wuerttemberg,9.350000000000001
73457,Baden-Württemberg,Baden-Wuerttemberg,9.350000000000001
73460,Baden-Württemberg,Baden-Wuerttemberg,9.350000000000001
73463,Baden-Württemberg,Baden-Wuerttemberg,9.350000000000001
73466,Baden-Württemberg,Baden-Wuerttemberg,9.350000000000001
73467,Baden-Württemberg,Baden-Wuerttemberg,9.350000000000001
73469,Baden-Württemberg,Baden-Wuerttemberg,9.350000000000001
73477,Baden-Württemberg,Baden-Wuerttemberg,9.350000000000001
73479,Baden-Württemberg,Baden-Wuerttemberg,9.350000000000001
73485,Baden-Württemberg,Baden-Wuerttemberg,9.350000000000001
73486,Baden-Württemberg,Baden-Wuerttemberg,9.350000000000001
73488,Baden-Württemberg,Baden-Wuerttemberg,9.350000000000001
73489,Baden-Württemberg,Baden-Wuerttemberg,9.350000000000001
73491,Baden-Württemberg,Baden-Wuerttemberg,9.350000000000001
73492,Baden-Württemberg,Baden-Wuerttemberg,9.350000000000001
73494,Baden-Württemberg,Baden-Wuerttemberg,9.350000000000001
73495,Baden-Württemberg,Baden-Wuerttemberg,9.350000000000001
73497,Baden-Württemberg,Baden-Wuerttemberg,9.350000000000001
73499,Baden-Württemberg,Baden-Wuerttemberg,9.350000000000001
73520,Baden-Württemberg,Baden-Wuerttemberg,9.350000000000001
73521,Baden-Württemberg,Baden-Wuerttemberg,9.350000000000001
73522,Baden-Württemberg,Baden-Wuerttemberg,9.350000000000001
73524,Baden-Württemberg,Baden-Wuerttemberg,9.350000000000001
73525,Baden-Württemberg,Baden-Wuerttemberg,9.350000000000001
73527,Baden-Württemberg,Baden-Wuerttemberg,9.350000000000001
73529,Baden-Württemberg,Baden-Wuerttemberg,9.350000000000001
73538,Baden-Württemberg,Baden-Wuerttemberg,9.350000000000001
73540,Baden-Württemberg,Baden-Wuerttemberg,9.350000000000001
73547,Baden-Württemberg,Baden-Wuerttemberg,9.350000000000001
73550,Baden-Württemberg,Baden-Wuerttemberg,9.350000000000001
73553,Baden-Württemberg,Baden-Wuerttemberg,9.350000000000001
73557,Baden-Württemberg,Baden-Wuerttemberg,9.350000000000001
73560,Baden-Württemberg,Baden-Wuerttemberg,9.350000000000001
73563,Baden-Württemberg,Baden-Wuerttemberg,9.350000000000001
73565,Baden-Württemberg,Baden-Wuerttemberg,9.350000000000001
73566,Baden-Württemberg,Baden-Wuerttemberg,9.350000000000001
73568,Baden-Württemberg,Baden-Wuerttemberg,9.350000000000001
73569,Baden-Württemberg,Baden-Wuerttemberg,9.350000000000001
73571,Baden-Württemberg,Baden-Wuerttemberg,9.350000000000001
73572,Baden-Württemberg,Baden-Wuerttemberg,9.350000000000001
73574,Baden-Württemberg,Baden-Wuerttemberg,9.350000000000001
73575,Baden-Württemberg,Baden-Wuerttemberg,9.350000000000001
73577,Baden-Württemberg,Baden-Wuerttemberg,9.350000000000001
73579,Baden-Württemberg,Baden-Wuerttemberg,9.350000000000001
73614,Baden-Württemberg,Baden-Wuerttemberg,9.350000000000001
73630,Baden-Württemberg,Baden-Wuerttemberg,9.350000000000001
73635,Baden-Württemberg,Baden-Wuerttemberg,9.350000000000001
73642,Baden-Württemberg,Baden-Wuerttemberg,9.350000000000001
73650,Baden-Württemberg,Baden-Wuerttemberg,9.350000000000001
73655,Baden-Württemberg,Baden-Wuerttemberg,9.350000000000001
73660,Baden-Württemberg,Baden-Wuerttemberg,9.350000000000001
73663,Baden-Württemberg,Baden-Wuerttemberg,9.350000000000001
73666,Baden-Württemberg,Baden-Wuerttemberg,9.350000000000001
73667,Baden-Württemberg,Baden-Wuerttemberg,9.350000000000001
73669,Baden-Württemberg,Baden-Wuerttemberg,9.350000000000001
73726,Baden-Württemberg,Baden-Wuerttemberg,9.350000000000001
73728,Baden-Württemberg,Baden-Wuerttemberg,9.350000000000001
73730,Baden-Württemberg,Baden-Wuerttemberg,9.350000000000001
73732,Baden-Württemberg,Baden-Wuerttemberg,9.350000000000001
73733,Baden-Württemberg,Baden-Wuerttemberg,9.350000000000001
73734,Baden-Württemberg,Baden-Wuerttemberg,9.350000000000001
73760,Baden-Württemberg,Baden-Wuerttemberg,9.350000000000001
73765,Baden-Württemberg,Baden-Wuerttemberg,9.350000000000001
73770,Baden-Württemberg,Baden-Wuerttemberg,9.350000000000001
73773,Baden-Württemberg,Baden-Wuerttemberg,9.350000000000001
73776,Baden-Württemberg,Baden-Wuerttemberg,9.350000000000001
73779,Baden-Württemberg,Baden-Wuerttemberg,9.350000000000001
74064,Baden-Württemberg,Baden-Wuerttemberg,9.350000000000001
74065,Baden-Württemberg,Baden-Wuerttemberg,9.350000000000001
74066,Baden-Württemberg,Baden-Wuerttemberg,9.350000000000001
74067,Baden-Württemberg,Baden-Wuerttemberg,9.350000000000001
74068,Baden-Württemberg,Baden-Wuerttemberg,9.350000000000001
74071,Nordrhein-Westfalen,Nordrhein-Westfalen,10.21
74072,Baden-Württemberg,Baden-Wuerttemberg,9.350000000000001
74074,Baden-Württemberg,Baden-Wuerttemberg,9.350000000000001
74076,Baden-Württemberg,Baden-Wuerttemberg,9.350000000000001
74078,Baden-Württemberg,Baden-Wuerttemberg,9.350000000000001
74080,Baden-Württemberg,Baden-Wuerttemberg,9.350000000000001
74081,Baden-Württemberg,Baden-Wuerttemberg,9.350000000000001
74099,Baden-Württemberg,Baden-Wuerttemberg,9.350000000000001
74166,Baden-Württemberg,Baden-Wuerttemberg,9.350000000000001
74167,Baden-Württemberg,Baden-Wuerttemberg,9.350000000000001
74168,Baden-Württemberg,Baden-Wuerttemberg,9.350000000000001
74169,Baden-Württemberg,Baden-Wuerttemberg,9.350000000000001
74170,Baden-Württemberg,Baden-Wuerttemberg,9.350000000000001
74172,Baden-Württemberg,Baden-Wuerttemberg,9.350000000000001
74177,Baden-Württemberg,Baden-Wuerttemberg,9.350000000000001
74182,Baden-Württemberg,Baden-Wuerttemberg,9.350000000000001
74189,Baden-Württemberg,Baden-Wuerttemberg,9.350000000000001
74193,Baden-Württemberg,Baden-Wuerttemberg,9.350000000000001
74196,Baden-Württemberg,Baden-Wuerttemberg,9.350000000000001
74199,Baden-Württemberg,Baden-Wuerttemberg,9.350000000000001
74206,Baden-Württemberg,Baden-Wuerttemberg,9.350000000000001
74211,Baden-Württemberg,Baden-Wuerttemberg,9.350000000000001
74214,Baden-Württemberg,Baden-Wuerttemberg,9.350000000000001
74219,Baden-Württemberg,Baden-Wuerttemberg,9.350000000000001
74223,Baden-Württemberg,Baden-Wuerttemberg,9.350000000000001
74226,Baden-Württemberg,Baden-Wuerttemberg,9.350000000000001
74229,Baden-Württemberg,Baden-Wuerttemberg,9.350000000000001
74232,Baden-Württemberg,Baden-Wuerttemberg,9.350000000000001
74235,Baden-Württemberg,Baden-Wuerttemberg,9.350000000000001
74238,Baden-Württemberg,Baden-Wuerttemberg,9.350000000000001
74239,Baden-Württemberg,Baden-Wuerttemberg,9.350000000000001
74243,Baden-Württemberg,Baden-Wuerttemberg,9.350000000000001
74245,Baden-Württemberg,Baden-Wuerttemberg,9.350000000000001
74246,Baden-Württemberg,Baden-Wuerttemberg,9.350000000000001
74248,Baden-Württemberg,Baden-Wuerttemberg,9.350000000000001
74249,Baden-Württemberg,Baden-Wuerttemberg,9.350000000000001
74251,Baden-Württemberg,Baden-Wuerttemberg,9.350000000000001
74252,Baden-Württemberg,Baden-Wuerttemberg,9.350000000000001
74254,Baden-Württemberg,Baden-Wuerttemberg,9.350000000000001
74255,Baden-Württemberg,Baden-Wuerttemberg,9.350000000000001
74257,Baden-Württemberg,Baden-Wuerttemberg,9.350000000000001
74259,Baden-Württemberg,Baden-Wuerttemberg,9.350000000000001
74319,Baden-Württemberg,Baden-Wuerttemberg,9.350000000000001
74321,Baden-Württemberg,Baden-Wuerttemberg,9.350000000000001
74336,Baden-Württemberg,Baden-Wuerttemberg,9.350000000000001
74337,Baden-Württemberg,Baden-Wuerttemberg,9.350000000000001
74343,Baden-Württemberg,Baden-Wuerttemberg,9.350000000000001
74348,Baden-Württemberg,Baden-Wuerttemberg,9.350000000000001
74354,Baden-Württemberg,Baden-Wuerttemberg,9.350000000000001
74357,Baden-Württemberg,Baden-Wuerttemberg,9.350000000000001
74360,Baden-Württemberg,Baden-Wuerttemberg,9.350000000000001
74363,Baden-Württemberg,Baden-Wuerttemberg,9.350000000000001
74366,Baden-Württemberg,Baden-Wuerttemberg,9.350000000000001
74369,Baden-Württemberg,Baden-Wuerttemberg,9.350000000000001
74372,Baden-Württemberg,Baden-Wuerttemberg,9.350000000000001
74374,Baden-Württemberg,Baden-Wuerttemberg,9.350000000000001
74376,Baden-Württemberg,Baden-Wuerttemberg,9.350000000000001
74379,Baden-Württemberg,Baden-Wuerttemberg,9.350000000000001
74382,Baden-Württemberg,Baden-Wuerttemberg,9.350000000000001
74385,Baden-Württemberg,Baden-Wuerttemberg,9.350000000000001
74388,Baden-Württemberg,Baden-Wuerttemberg,9.350000000000001
74389,Baden-Württemberg,Baden-Wuerttemberg,9.350000000000001
74391,Baden-Württemberg,Baden-Wuerttemberg,9.350000000000001
74392,Baden-Württemberg,Baden-Wuerttemberg,9.350000000000001
74394,Baden-Württemberg,Baden-Wuerttemberg,9.350000000000001
74395,Baden-Württemberg,Baden-Wuerttemberg,9.350000000000001
74397,Baden-Württemberg,Baden-Wuerttemberg,9.350000000000001
74399,Baden-Württemberg,Baden-Wuerttemberg,9.350000000000001
74405,Baden-Württemberg,Baden-Wuerttemberg,9.350000000000001
74417,Baden-Württemberg,Baden-Wuerttemberg,9.350000000000001
74420,Baden-Württemberg,Baden-Wuerttemberg,9.350000000000001
74423,Baden-Württemberg,Baden-Wuerttemberg,9.350000000000001
74424,Baden-Württemberg,Baden-Wuerttemberg,9.350000000000001
74426,Baden-Württemberg,Baden-Wuerttemberg,9.350000000000001
74427,Baden-Württemberg,Baden-Wuerttemberg,9.350000000000001
74429,Baden-Württemberg,Baden-Wuerttemberg,9.350000000000001
74509,Baden-Württemberg,Baden-Wuerttemberg,9.350000000000001
74520,Baden-Württemberg,Baden-Wuerttemberg,9.350000000000001
74523,Baden-Württemberg,Baden-Wuerttemberg,9.350000000000001
74532,Baden-Württemberg,Baden-Wuerttemberg,9.350000000000001
74535,Baden-Württemberg,Baden-Wuerttemberg,9.350000000000001
74538,Baden-Württemberg,Baden-Wuerttemberg,9.350000000000001
74541,Baden-Württemberg,Baden-Wuerttemberg,9.350000000000001
74542,Baden-Württemberg,Baden-Wuerttemberg,9.350000000000001
74544,Baden-Württemberg,Baden-Wuerttemberg,9.350000000000001
74545,Baden-Württemberg,Baden-Wuerttemberg,9.350000000000001
74547,Baden-Württemberg,Baden-Wuerttemberg,9.350000000000001
74549,Baden-Württemberg,Baden-Wuerttemberg,9.350000000000001
74564,Baden-Württemberg,Baden-Wuerttemberg,9.350000000000001
74569,Baden-Württemberg,Baden-Wuerttemberg,9.350000000000001
74571,Baden-Württemberg,Baden-Wuerttemberg,9.350000000000001
74572,Baden-Württemberg,Baden-Wuerttemberg,9.350000000000001
74575,Baden-Württemberg,Baden-Wuerttemberg,9.350000000000001
74579,Baden-Württemberg,Baden-Wuerttemberg,9.350000000000001
74582,Baden-Württemberg,Baden-Wuerttemberg,9.350000000000001
74585,Baden-Württemberg,Baden-Wuerttemberg,9.350000000000001
74586,Baden-Württemberg,Baden-Wuerttemberg,9.350000000000001
74587,Baden-Württemberg,Baden-Wuerttemberg,9.350000000000001
74588,Baden-Württemberg,Baden-Wuerttemberg,9.350000000000001
74589,Baden-Württemberg,Baden-Wuerttemberg,9.350000000000001
74592,Baden-Württemberg,Baden-Wuerttemberg,9.350000000000001
74594,Baden-Württemberg,Baden-Wuerttemberg,9.350000000000001
74595,Baden-Württemberg,Baden-Wuerttemberg,9.350000000000001
74597,Baden-Württemberg,Baden-Wuerttemberg,9.350000000000001
74599,Baden-Württemberg,Baden-Wuerttemberg,9.350000000000001
74611,Baden-Württemberg,Baden-Wuerttemberg,9.350000000000001
74613,Baden-Württemberg,Baden-Wuerttemberg,9.350000000000001
74626,Baden-Württemberg,Baden-Wuerttemberg,9.350000000000001
74629,Baden-Württemberg,Baden-Wuerttemberg,9.350000000000001
74632,Baden-Württemberg,Baden-Wuerttemberg,9.350000000000001
74635,Baden-Württemberg,Baden-Wuerttemberg,9.350000000000001
74638,Baden-Württemberg,Baden-Wuerttemberg,9.350000000000001
74639,Baden-Württemberg,Baden-Wuerttemberg,9.350000000000001
74650,Baden-Württemberg,Baden-Wuerttemberg,9.350000000000001
74651,Baden-Württemberg,Baden-Wuerttemberg,9.350000000000001
74653,Baden-Württemberg,Baden-Wuerttemberg,9.350000000000001
74670,Baden-Württemberg,Baden-Wuerttemberg,9.350000000000001
74673,Baden-Württemberg,Baden-Wuerttemberg,9.350000000000001
74676,Baden-Württemberg,Baden-Wuerttemberg,9.350000000000001
74677,Baden-Württemberg,Baden-Wuerttemberg,9.350000000000001
74679,Baden-Württemberg,Baden-Wuerttemberg,9.350000000000001
74706,Baden-Württemberg,Baden-Wuerttemberg,9.350000000000001
74722,Baden-Württemberg,Baden-Wuerttemberg,9.350000000000001
74731,Baden-Württemberg,Baden-Wuerttemberg,9.350000000000001
74736,Baden-Württemberg,Baden-Wuerttemberg,9.350000000000001
74740,Baden-Württemberg,Baden-Wuerttemberg,9.350000000000001
74743,Baden-Württemberg,Baden-Wuerttemberg,9.350000000000001
74744,Baden-Württemberg,Baden-Wuerttemberg,9.350000000000001
74746,Baden-Württemberg,Baden-Wuerttemberg,9.350000000000001
74747,Baden-Württemberg,Baden-Wuerttemberg,9.350000000000001
74749,Baden-Württemberg,Baden-Wuerttemberg,9.350000000000001
74819,Baden-Württemberg,Baden-Wuerttemberg,9.350000000000001
74821,Baden-Württemberg,Baden-Wuerttemberg,9.350000000000001
74831,Baden-Württemberg,Baden-Wuerttemberg,9.350000000000001
74832,Baden-Württemberg,Baden-Wuerttemberg,9.350000000000001
74834,Baden-Württemberg,Baden-Wuerttemberg,9.350000000000001
74838,Baden-Württemberg,Baden-Wuerttemberg,9.350000000000001
74842,Baden-Württemberg,Baden-Wuerttemberg,9.350000000000001
74847,Baden-Württemberg,Baden-Wuerttemberg,9.350000000000001
74850,Baden-Württemberg,Baden-Wuerttemberg,9.350000000000001
74855,Baden-Württemberg,Baden-Wuerttemberg,9.350000000000001
74858,Baden-Württemberg,Baden-Wuerttemberg,9.350000000000001
74861,Baden-Württemberg,Baden-Wuerttemberg,9.350000000000001
74862,Baden-Württemberg,Baden-Wuerttemberg,9.350000000000001
74864,Baden-Württemberg,Baden-Wuerttemberg,9.350000000000001
74865,Baden-Württemberg,Baden-Wuerttemberg,9.350000000000001
74867,Baden-Württemberg,Baden-Wuerttemberg,9.350000000000001
74869,Baden-Württemberg,Baden-Wuerttemberg,9.350000000000001
74887,Baden-Württemberg,Baden-Wuerttemberg,9.350000000000001
74889,Baden-Württemberg,Baden-Wuerttemberg,9.350000000000001
74903,Baden-Württemberg,Baden-Wuerttemberg,9.350000000000001
74904,Baden-Württemberg,Baden-Wuerttemberg,9.350000000000001
74906,Baden-Württemberg,Baden-Wuerttemberg,9.350000000000001
74909,Baden-Württemberg,Baden-Wuerttemberg,9.350000000000001
74912,Baden-Württemberg,Baden-Wuerttemberg,9.350000000000001
74915,Baden-Württemberg,Baden-Wuerttemberg,9.350000000000001
74918,Baden-Württemberg,Baden-Wuerttemberg,9.350000000000001
74921,Baden-Württemberg,Baden-Wuerttemberg,9.350000000000001
74924,Baden-Württemberg,Baden-Wuerttemberg,9.350000000000001
74925,Baden-Württemberg,Baden-Wuerttemberg,9.350000000000001
74927,Baden-Württemberg,Baden-Wuerttemberg,9.350000000000001
74928,Baden-Württemberg,Baden-Wuerttemberg,9.350000000000001
74930,Baden-Württemberg,Baden-Wuerttemberg,9.350000000000001
74931,Baden-Württemberg,Baden-Wuerttemberg,9.350000000000001
74933,Baden-Württemberg,Baden-Wuerttemberg,9.350000000000001
74934,Baden-Württemberg,Baden-Wuerttemberg,9.350000000000001
74936,Baden-Württemberg,Baden-Wuerttemberg,9.350000000000001
74937,Baden-Württemberg,Baden-Wuerttemberg,9.350000000000001
74939,Baden-Württemberg,Baden-Wuerttemberg,9.350000000000001
75013,Baden-Württemberg,Baden-Wuerttemberg,9.350000000000001
75015,Baden-Württemberg,Baden-Wuerttemberg,9.350000000000001
75031,Baden-Württemberg,Baden-Wuerttemberg,9.350000000000001
75038,Baden-Württemberg,Baden-Wuerttemberg,9.350000000000001
75045,Baden-Württemberg,Baden-Wuerttemberg,9.350000000000001
75050,Baden-Württemberg,Baden-Wuerttemberg,9.350000000000001
75053,Baden-Württemberg,Baden-Wuerttemberg,9.350000000000001
75056,Baden-Württemberg,Baden-Wuerttemberg,9.350000000000001
75057,Baden-Württemberg,Baden-Wuerttemberg,9.350000000000001
75059,Baden-Württemberg,Baden-Wuerttemberg,9.350000000000001
75093,Baden-Württemberg,Baden-Wuerttemberg,9.350000000000001
75158,Baden-Württemberg,Baden-Wuerttemberg,9.350000000000001
75159,Baden-Württemberg,Baden-Wuerttemberg,9.350000000000001
75162,Baden-Württemberg,Baden-Wuerttemberg,9.350000000000001
75166,Baden-Württemberg,Baden-Wuerttemberg,9.350000000000001
75169,Baden-Württemberg,Baden-Wuerttemberg,9.350000000000001
75170,Baden-Württemberg,Baden-Wuerttemberg,9.350000000000001
75172,Baden-Württemberg,Baden-Wuerttemberg,9.350000000000001
75173,Baden-Württemberg,Baden-Wuerttemberg,9.350000000000001
75175,Baden-Württemberg,Baden-Wuerttemberg,9.350000000000001
75177,Baden-Württemberg,Baden-Wuerttemberg,9.350000000000001
75179,Baden-Württemberg,Baden-Wuerttemberg,9.350000000000001
75180,Baden-Württemberg,Baden-Wuerttemberg,9.350000000000001
75181,Baden-Württemberg,Baden-Wuerttemberg,9.350000000000001
75194,Baden-Württemberg,Baden-Wuerttemberg,9.350000000000001
75196,Baden-Württemberg,Baden-Wuerttemberg,9.350000000000001
75203,Baden-Württemberg,Baden-Wuerttemberg,9.350000000000001
75210,Baden-Württemberg,Baden-Wuerttemberg,9.350000000000001
75217,Baden-Württemberg,Baden-Wuerttemberg,9.350000000000001
75223,Baden-Württemberg,Baden-Wuerttemberg,9.350000000000001
75228,Baden-Württemberg,Baden-Wuerttemberg,9.350000000000001
75233,Baden-Württemberg,Baden-Wuerttemberg,9.350000000000001
75236,Baden-Württemberg,Baden-Wuerttemberg,9.350000000000001
75239,Baden-Württemberg,Baden-Wuerttemberg,9.350000000000001
75242,Baden-Württemberg,Baden-Wuerttemberg,9.350000000000001
75245,Baden-Württemberg,Baden-Wuerttemberg,9.350000000000001
75248,Baden-Württemberg,Baden-Wuerttemberg,9.350000000000001
75249,Baden-Württemberg,Baden-Wuerttemberg,9.350000000000001
75305,Baden-Württemberg,Baden-Wuerttemberg,9.350000000000001
75323,Baden-Württemberg,Baden-Wuerttemberg,9.350000000000001
75328,Baden-Württemberg,Baden-Wuerttemberg,9.350000000000001
75331,Baden-Württemberg,Baden-Wuerttemberg,9.350000000000001
75334,Baden-Württemberg,Baden-Wuerttemberg,9.350000000000001
75335,Baden-Württemberg,Baden-Wuerttemberg,9.350000000000001
75337,Baden-Württemberg,Baden-Wuerttemberg,9.350000000000001
75339,Baden-Württemberg,Baden-Wuerttemberg,9.350000000000001
75363,Baden-Württemberg,Baden-Wuerttemberg,9.350000000000001
75365,Baden-Württemberg,Baden-Wuerttemberg,9.350000000000001
75378,Baden-Württemberg,Baden-Wuerttemberg,9.350000000000001
75382,Baden-Württemberg,Baden-Wuerttemberg,9.350000000000001
75385,Baden-Württemberg,Baden-Wuerttemberg,9.350000000000001
75387,Baden-Württemberg,Baden-Wuerttemberg,9.350000000000001
75389,Baden-Württemberg,Baden-Wuerttemberg,9.350000000000001
75391,Baden-Württemberg,Baden-Wuerttemberg,9.350000000000001
75392,Baden-Württemberg,Baden-Wuerttemberg,9.350000000000001
75394,Baden-Württemberg,Baden-Wuerttemberg,9.350000000000001
75395,Baden-Württemberg,Baden-Wuerttemberg,9.350000000000001
75397,Baden-Württemberg,Baden-Wuerttemberg,9.350000000000001
75399,Baden-Württemberg,Baden-Wuerttemberg,9.350000000000001
75415,Baden-Württemberg,Baden-Wuerttemberg,9.350000000000001
75417,Baden-Württemberg,Baden-Wuerttemberg,9.350000000000001
75428,Baden-Württemberg,Baden-Wuerttemberg,9.350000000000001
75433,Baden-Württemberg,Baden-Wuerttemberg,9.350000000000001
75438,Baden-Württemberg,Baden-Wuerttemberg,9.350000000000001
75443,Baden-Württemberg,Baden-Wuerttemberg,9.350000000000001
75446,Baden-Württemberg,Baden-Wuerttemberg,9.350000000000001
75447,Baden-Württemberg,Baden-Wuerttemberg,9.350000000000001
75449,Baden-Württemberg,Baden-Wuerttemberg,9.350000000000001
76006,Baden-Württemberg,Baden-Wuerttemberg,9.350000000000001
76070,Baden-Württemberg,Baden-Wuerttemberg,9.350000000000001
76073,Baden-Württemberg,Baden-Wuerttemberg,9.350000000000001
76088,Baden-Württemberg,Baden-Wuerttemberg,9.350000000000001
76089,Baden-Württemberg,Baden-Wuerttemberg,9.350000000000001
76097,Baden-Württemberg,Baden-Wuerttemberg,9.350000000000001
76098,Baden-Württemberg,Baden-Wuerttemberg,9.350000000000001
76107,Baden-Württemberg,Baden-Wuerttemberg,9.350000000000001
76109,Baden-Württemberg,Baden-Wuerttemberg,9.350000000000001
76110,Baden-Württemberg,Baden-Wuerttemberg,9.350000000000001
76111,Baden-Württemberg,Baden-Wuerttemberg,9.350000000000001
76112,Baden-Württemberg,Baden-Wuerttemberg,9.350000000000001
76113,Baden-Württemberg,Baden-Wuerttemberg,9.350000000000001
76114,Baden-Württemberg,Baden-Wuerttemberg,9.350000000000001
76115,Baden-Württemberg,Baden-Wuerttemberg,9.350000000000001
76117,Baden-Württemberg,Baden-Wuerttemberg,9.350000000000001
76118,Baden-Württemberg,Baden-Wuerttemberg,9.350000000000001
76119,Baden-Württemberg,Baden-Wuerttemberg,9.350000000000001
76120,Baden-Württemberg,Baden-Wuerttemberg,9.350000000000001
76121,Baden-Württemberg,Baden-Wuerttemberg,9.350000000000001
76122,Baden-Württemberg,Baden-Wuerttemberg,9.350000000000001
76123,Baden-Württemberg,Baden-Wuerttemberg,9.350000000000001
76124,Baden-Württemberg,Baden-Wuerttemberg,9.350000000000001
76125,Baden-Württemberg,Baden-Wuerttemberg,9.350000000000001
76126,Baden-Württemberg,Baden-Wuerttemberg,9.350000000000001
76127,Baden-Württemberg,Baden-Wuerttemberg,9.350000000000001
76128,Baden-Württemberg,Baden-Wuerttemberg,9.350000000000001
76131,Baden-Württemberg,Baden-Wuerttemberg,9.350000000000001
76133,Baden-Württemberg,Baden-Wuerttemberg,9.350000000000001
76135,Baden-Württemberg,Baden-Wuerttemberg,9.350000000000001
76137,Baden-Württemberg,Baden-Wuerttemberg,9.350000000000001
76139,Baden-Württemberg,Baden-Wuerttemberg,9.350000000000001
76147,Baden-Württemberg,Baden-Wuerttemberg,9.350000000000001
76149,Baden-Württemberg,Baden-Wuerttemberg,9.350000000000001
76150,Baden-Württemberg,Baden-Wuerttemberg,9.350000000000001
76180,Baden-Württemberg,Baden-Wuerttemberg,9.350000000000001
76181,Baden-Württemberg,Baden-Wuerttemberg,9.350000000000001
76182,Baden-Württemberg,Baden-Wuerttemberg,9.350000000000001
76185,Baden-Württemberg,Baden-Wuerttemberg,9.350000000000001
76187,Baden-Württemberg,Baden-Wuerttemberg,9.350000000000001
76189,Baden-Württemberg,Baden-Wuerttemberg,9.350000000000001
76199,Baden-Württemberg,Baden-Wuerttemberg,9.350000000000001
76225,Baden-Württemberg,Baden-Wuerttemberg,9.350000000000001
76227,Baden-Württemberg,Baden-Wuerttemberg,9.350000000000001
76228,Baden-Württemberg,Baden-Wuerttemberg,9.350000000000001
76229,Baden-Württemberg,Baden-Wuerttemberg,9.350000000000001
76230,Baden-Württemberg,Baden-Wuerttemberg,9.350000000000001
76240,Baden-Württemberg,Baden-Wuerttemberg,9.350000000000001
76243,Baden-Württemberg,Baden-Wuerttemberg,9.350000000000001
76245,Baden-Württemberg,Baden-Wuerttemberg,9.350000000000001
76246,Baden-Württemberg,Baden-Wuerttemberg,9.350000000000001
76247,Baden-Württemberg,Baden-Wuerttemberg,9.350000000000001
76248,Baden-Württemberg,Baden-Wuerttemberg,9.350000000000001
76249,Baden-Württemberg,Baden-Wuerttemberg,9.350000000000001
76253,Baden-Württemberg,Baden-Wuerttemberg,9.350000000000001
76273,Baden-Württemberg,Baden-Wuerttemberg,9.350000000000001
76275,Baden-Württemberg,Baden-Wuerttemberg,9.350000000000001
76287,Baden-Württemberg,Baden-Wuerttemberg,9.350000000000001
76297,Baden-Württemberg,Baden-Wuerttemberg,9.350000000000001
76307,Baden-Württemberg,Baden-Wuerttemberg,9.350000000000001
76314,Baden-Württemberg,Baden-Wuerttemberg,9.350000000000001
76316,Baden-Württemberg,Baden-Wuerttemberg,9.350000000000001
76327,Baden-Württemberg,Baden-Wuerttemberg,9.350000000000001
76332,Baden-Württemberg,Baden-Wuerttemberg,9.350000000000001
76337,Baden-Württemberg,Baden-Wuerttemberg,9.350000000000001
76344,Baden-Württemberg,Baden-Wuerttemberg,9.350000000000001
76351,Baden-Württemberg,Baden-Wuerttemberg,9.350000000000001
76356,Baden-Württemberg,Baden-Wuerttemberg,9.350000000000001
76359,Baden-Württemberg,Baden-Wuerttemberg,9.350000000000001
76432,Baden-Württemberg,Baden-Wuerttemberg,9.350000000000001
76437,Baden-Württemberg,Baden-Wuerttemberg,9.350000000000001
76448,Baden-Württemberg,Baden-Wuerttemberg,9.350000000000001
76456,Baden-Württemberg,Baden-Wuerttemberg,9.350000000000001
76461,Baden-Württemberg,Baden-Wuerttemberg,9.350000000000001
76467,Baden-Württemberg,Baden-Wuerttemberg,9.350000000000001
76470,Baden-Württemberg,Baden-Wuerttemberg,9.350000000000001
76473,Baden-Württemberg,Baden-Wuerttemberg,9.350000000000001
76474,Baden-Württemberg,Baden-Wuerttemberg,9.350000000000001
76476,Baden-Württemberg,Baden-Wuerttemberg,9.350000000000001
76477,Baden-Württemberg,Baden-Wuerttemberg,9.350000000000001
76479,Baden-Württemberg,Baden-Wuerttemberg,9.350000000000001
76517,Baden-Württemberg,Baden-Wuerttemberg,9.350000000000001
76519,Baden-Württemberg,Baden-Wuerttemberg,9.350000000000001
76520,Baden-Württemberg,Baden-Wuerttemberg,9.350000000000001
76521,Baden-Württemberg,Baden-Wuerttemberg,9.350000000000001
76522,Baden-Württemberg,Baden-Wuerttemberg,9.350000000000001
76523,Baden-Württemberg,Baden-Wuerttemberg,9.350000000000001
76524,Baden-Württemberg,Baden-Wuerttemberg,9.350000000000001
76526,Baden-Württemberg,Baden-Wuerttemberg,9.350000000000001
76527,Baden-Württemberg,Baden-Wuerttemberg,9.350000000000001
76530,Baden-Württemberg,Baden-Wuerttemberg,9.350000000000001
76532,Baden-Württemberg,Baden-Wuerttemberg,9.350000000000001
76534,Baden-Württemberg,Baden-Wuerttemberg,9.350000000000001
76547,Baden-Württemberg,Baden-Wuerttemberg,9.350000000000001
76549,Baden-Württemberg,Baden-Wuerttemberg,9.350000000000001
76568,Baden-Württemberg,Baden-Wuerttemberg,9.350000000000001
76571,Baden-Württemberg,Baden-Wuerttemberg,9.350000000000001
76593,Baden-Württemberg,Baden-Wuerttemberg,9.350000000000001
76596,Baden-Württemberg,Baden-Wuerttemberg,9.350000000000001
76597,Baden-Württemberg,Baden-Wuerttemberg,9.350000000000001
76599,Baden-Württemberg,Baden-Wuerttemberg,9.350000000000001
76642,Baden-Württemberg,Baden-Wuerttemberg,9.350000000000001
76643,Baden-Württemberg,Baden-Wuerttemberg,9.350000000000001
76646,Baden-Württemberg,Baden-Wuerttemberg,9.350000000000001
76661,Baden-Württemberg,Baden-Wuerttemberg,9.350000000000001
76669,Baden-Württemberg,Baden-Wuerttemberg,9.350000000000001
76676,Baden-Württemberg,Baden-Wuerttemberg,9.350000000000001
76684,Baden-Württemberg,Baden-Wuerttemberg,9.350000000000001
76689,Baden-Württemberg,Baden-Wuerttemberg,9.350000000000001
76694,Baden-Württemberg,Baden-Wuerttemberg,9.350000000000001
76698,Baden-Württemberg,Baden-Wuerttemberg,9.350000000000001
76703,Baden-Württemberg,Baden-Wuerttemberg,9.350000000000001
76706,Baden-Württemberg,Baden-Wuerttemberg,9.350000000000001
76707,Baden-Württemberg,Baden-Wuerttemberg,9.350000000000001
76709,Baden-Württemberg,Baden-Wuerttemberg,9.350000000000001
76725,Rheinland-Pfalz,Rheinland-Pfalz,9.885000000000002
76726,Rheinland-Pfalz,Rheinland-Pfalz,9.885000000000002
76742,Rheinland-Pfalz,Rheinland-Pfalz,9.885000000000002
76744,Rheinland-Pfalz,Rheinland-Pfalz,9.885000000000002
76751,Rheinland-Pfalz,Rheinland-Pfalz,9.885000000000002
76756,Rheinland-Pfalz,Rheinland-Pfalz,9.885000000000002
76761,Rheinland-Pfalz,Rheinland-Pfalz,9.885000000000002
76764,Rheinland-Pfalz,Rheinland-Pfalz,9.885000000000002
76767,Rheinland-Pfalz,Rheinland-Pfalz,9.885000000000002
76768,Rheinland-Pfalz,Rheinland-Pfalz,9.885000000000002
76770,Rheinland-Pfalz,Rheinland-Pfalz,9.885000000000002
76771,Rheinland-Pfalz,Rheinland-Pfalz,9.885000000000002
76773,Rheinland-Pfalz,Rheinland-Pfalz,9.885000000000002
76774,Rheinland-Pfalz,Rheinland-Pfalz,9.885000000000002
76776,Rheinland-Pfalz,Rheinland-Pfalz,9.885000000000002
76777,Rheinland-Pfalz,Rheinland-Pfalz,9.885000000000002
76779,Rheinland-Pfalz,Rheinland-Pfalz,9.885000000000002
76825,Rheinland-Pfalz,Rheinland-Pfalz,9.885000000000002
76826,Rheinland-Pfalz,Rheinland-Pfalz,9.885000000000002
76828,Rheinland-Pfalz,Rheinland-Pfalz,9.885000000000002
76829,Rheinland-Pfalz,Rheinland-Pfalz,9.885000000000002
76831,Rheinland-Pfalz,Rheinland-Pfalz,9.885000000000002
76833,Rheinland-Pfalz,Rheinland-Pfalz,9.885000000000002
76835,Rheinland-Pfalz,Rheinland-Pfalz,9.885000000000002
76846,Rheinland-Pfalz,Rheinland-Pfalz,9.885000000000002
76848,Rheinland-Pfalz,Rheinland-Pfalz,9.885000000000002
76855,Rheinland-Pfalz,Rheinland-Pfalz,9.885000000000002
76857,Rheinland-Pfalz,Rheinland-Pfalz,9.885000000000002
76863,Rheinland-Pfalz,Rheinland-Pfalz,9.885000000000002
76865,Rheinland-Pfalz,Rheinland-Pfalz,9.885000000000002
76870,Rheinland-Pfalz,Rheinland-Pfalz,9.885000000000002
76872,Rheinland-Pfalz,Rheinland-Pfalz,9.885000000000002
76877,Rheinland-Pfalz,Rheinland-Pfalz,9.885000000000002
76878,Rheinland-Pfalz,Rheinland-Pfalz,9.885000000000002
76879,Rheinland-Pfalz,Rheinland-Pfalz,9.885000000000002
76887,Rheinland-Pfalz,Rheinland-Pfalz,9.885000000000002
76889,Rheinland-Pfalz,Rheinland-Pfalz,9.885000000000002
76891,Rheinland-Pfalz,Rheinland-Pfalz,9.885000000000002
77633,Baden-Württemberg,Baden-Wuerttemberg,9.350000000000001
77642,Baden-Württemberg,Baden-Wuerttemberg,9.350000000000001
77644,Baden-Württemberg,Baden-Wuerttemberg,9.350000000000001
77646,Baden-Württemberg,Baden-Wuerttemberg,9.350000000000001
77647,Baden-Württemberg,Baden-Wuerttemberg,9.350000000000001
77652,Baden-Württemberg,Baden-Wuerttemberg,9.350000000000001
77654,Baden-Württemberg,Baden-Wuerttemberg,9.350000000000001
77656,Baden-Württemberg,Baden-Wuerttemberg,9.350000000000001
77663,Baden-Württemberg,Baden-Wuerttemberg,9.350000000000001
77694,Baden-Württemberg,Baden-Wuerttemberg,9.350000000000001
77704,Baden-Württemberg,Baden-Wuerttemberg,9.350000000000001
77709,Baden-Württemberg,Baden-Wuerttemberg,9.350000000000001
77716,Baden-Württemberg,Baden-Wuerttemberg,9.350000000000001
77723,Baden-Württemberg,Baden-Wuerttemberg,9.350000000000001
77728,Baden-Württemberg,Baden-Wuerttemberg,9.350000000000001
77731,Baden-Württemberg,Baden-Wuerttemberg,9.350000000000001
77736,Baden-Württemberg,Baden-Wuerttemberg,9.350000000000001
77740,Baden-Württemberg,Baden-Wuerttemberg,9.350000000000001
77743,Baden-Württemberg,Baden-Wuerttemberg,9.350000000000001
77746,Baden-Württemberg,Baden-Wuerttemberg,9.350000000000001
77749,Baden-Württemberg,Baden-Wuerttemberg,9.350000000000001
77756,Baden-Württemberg,Baden-Wuerttemberg,9.350000000000001
77761,Baden-Württemberg,Baden-Wuerttemberg,9.350000000000001
77767,Baden-Württemberg,Baden-Wuerttemberg,9.350000000000001
77770,Baden-Württemberg,Baden-Wuerttemberg,9.350000000000001
77773,Baden-Württemberg,Baden-Wuerttemberg,9.350000000000001
77776,Baden-Württemberg,Baden-Wuerttemberg,9.350000000000001
77781,Baden-Württemberg,Baden-Wuerttemberg,9.350000000000001
77784,Baden-Württemberg,Baden-Wuerttemberg,9.350000000000001
77787,Baden-Württemberg,Baden-Wuerttemberg,9.350000000000001
77790,Baden-Württemberg,Baden-Wuerttemberg,9.350000000000001
77791,Baden-Württemberg,Baden-Wuerttemberg,9.350000000000001
77793,Baden-Württemberg,Baden-Wuerttemberg,9.350000000000001
77794,Baden-Württemberg,Baden-Wuerttemberg,9.350000000000001
77796,Baden-Württemberg,Baden-Wuerttemberg,9.350000000000001
77797,Baden-Württemberg,Baden-Wuerttemberg,9.350000000000001
77799,Baden-Württemberg,Baden-Wuerttemberg,9.350000000000001
77813,Baden-Württemberg,Baden-Wuerttemberg,9.350000000000001
77815,Baden-Württemberg,Baden-Wuerttemberg,9.350000000000001
77830,Baden-Württemberg,Baden-Wuerttemberg,9.350000000000001
77833,Baden-Württemberg,Baden-Wuerttemberg,9.350000000000001
77836,Baden-Württemberg,Baden-Wuerttemberg,9.350000000000001
77839,Baden-Württemberg,Baden-Wuerttemberg,9.350000000000001
77855,Baden-Württemberg,Baden-Wuerttemberg,9.350000000000001
77866,Baden-Württemberg,Baden-Wuerttemberg,9.350000000000001
77869,Baden-Württemberg,Baden-Wuerttemberg,9.350000000000001
77871,Baden-Württemberg,Baden-Wuerttemberg,9.350000000000001
77876,Baden-Württemberg,Baden-Wuerttemberg,9.350000000000001
77880,Baden-Württemberg,Baden-Wuerttemberg,9.350000000000001
77883,Baden-Württemberg,Baden-Wuerttemberg,9.350000000000001
77886,Baden-Württemberg,Baden-Wuerttemberg,9.350000000000001
77887,Baden-Württemberg,Baden-Wuerttemberg,9.350000000000001
77889,Baden-Württemberg,Baden-Wuerttemberg,9.350000000000001
77926,Baden-Württemberg,Baden-Wuerttemberg,9.350000000000001
77929,Baden-Württemberg,Baden-Wuerttemberg,9.350000000000001
77931,Baden-Württemberg,Baden-Wuerttemberg,9.350000000000001
77933,Baden-Württemberg,Baden-Wuerttemberg,9.350000000000001
77944,Baden-Württemberg,Baden-Wuerttemberg,9.350000000000001
77948,Baden-Württemberg,Baden-Wuerttemberg,9.350000000000001
77955,Baden-Württemberg,Baden-Wuerttemberg,9.350000000000001
77960,Baden-Württemberg,Baden-Wuerttemberg,9.350000000000001
77963,Baden-Württemberg,Baden-Wuerttemberg,9.350000000000001
77966,Baden-Württemberg,Baden-Wuerttemberg,9.350000000000001
77971,Baden-Württemberg,Baden-Wuerttemberg,9.350000000000001
77972,Baden-Württemberg,Baden-Wuerttemberg,9.350000000000001
77974,Baden-Württemberg,Baden-Wuerttemberg,9.350000000000001
77975,Baden-Württemberg,Baden-Wuerttemberg,9.350000000000001
77977,Baden-Württemberg,Baden-Wuerttemberg,9.350000000000001
77978,Baden-Württemberg,Baden-Wuerttemberg,9.350000000000001
78041,Baden-Württemberg,Baden-Wuerttemberg,9.350000000000001
78044,Baden-Württemberg,Baden-Wuerttemberg,9.350000000000001
78045,Baden-Württemberg,Baden-Wuerttemberg,9.350000000000001
78046,Baden-Württemberg,Baden-Wuerttemberg,9.350000000000001
78048,Baden-Württemberg,Baden-Wuerttemberg,9.350000000000001
78050,Baden-Württemberg,Baden-Wuerttemberg,9.350000000000001
78052,Baden-Württemberg,Baden-Wuerttemberg,9.350000000000001
78054,Baden-Württemberg,Baden-Wuerttemberg,9.350000000000001
78056,Baden-Württemberg,Baden-Wuerttemberg,9.350000000000001
78060,Baden-Württemberg,Baden-Wuerttemberg,9.350000000000001
78073,Baden-Württemberg,Baden-Wuerttemberg,9.350000000000001
78078,Baden-Württemberg,Baden-Wuerttemberg,9.350000000000001
78083,Baden-Württemberg,Baden-Wuerttemberg,9.350000000000001
78086,Baden-Württemberg,Baden-Wuerttemberg,9.350000000000001
78087,Baden-Württemberg,Baden-Wuerttemberg,9.350000000000001
78089,Baden-Württemberg,Baden-Wuerttemberg,9.350000000000001
78098,Baden-Württemberg,Baden-Wuerttemberg,9.350000000000001
78112,Baden-Württemberg,Baden-Wuerttemberg,9.350000000000001
78120,Baden-Württemberg,Baden-Wuerttemberg,9.350000000000001
78126,Baden-Württemberg,Baden-Wuerttemberg,9.350000000000001
78132,Baden-Württemberg,Baden-Wuerttemberg,9.350000000000001
78136,Baden-Württemberg,Baden-Wuerttemberg,9.350000000000001
78141,Baden-Württemberg,Baden-Wuerttemberg,9.350000000000001
78144,Baden-Württemberg,Baden-Wuerttemberg,9.350000000000001
78147,Baden-Württemberg,Baden-Wuerttemberg,9.350000000000001
78148,Baden-Württemberg,Baden-Wuerttemberg,9.350000000000001
78166,Baden-Württemberg,Baden-Wuerttemberg,9.350000000000001
78176,Baden-Württemberg,Baden-Wuerttemberg,9.350000000000001
78183,Baden-Württemberg,Baden-Wuerttemberg,9.350000000000001
78187,Baden-Württemberg,Baden-Wuerttemberg,9.350000000000001
78194,Baden-Württemberg,Baden-Wuerttemberg,9.350000000000001
78199,Baden-Württemberg,Baden-Wuerttemberg,9.350000000000001
78221,Baden-Württemberg,Baden-Wuerttemberg,9.350000000000001
78224,Baden-Württemberg,Baden-Wuerttemberg,9.350000000000001
78234,Baden-Württemberg,Baden-Wuerttemberg,9.350000000000001
78239,Baden-Württemberg,Baden-Wuerttemberg,9.350000000000001
78244,Baden-Württemberg,Baden-Wuerttemberg,9.350000000000001
78247,Baden-Württemberg,Baden-Wuerttemberg,9.350000000000001
78250,Baden-Württemberg,Baden-Wuerttemberg,9.350000000000001
78253,Baden-Württemberg,Baden-Wuerttemberg,9.350000000000001
78256,Baden-Württemberg,Baden-Wuerttemberg,9.350000000000001
78259,Baden-Württemberg,Baden-Wuerttemberg,9.350000000000001
78262,Baden-Württemberg,Baden-Wuerttemberg,9.350000000000001
78266,Baden-Württemberg,Baden-Wuerttemberg,9.350000000000001
78267,Baden-Württemberg,Baden-Wuerttemberg,9.350000000000001
78269,Baden-Württemberg,Baden-Wuerttemberg,9.350000000000001
78315,Baden-Württemberg,Baden-Wuerttemberg,9.350000000000001
78333,Baden-Württemberg,Baden-Wuerttemberg,9.350000000000001
78337,Baden-Württemberg,Baden-Wuerttemberg,9.350000000000001
78343,Baden-Württemberg,Baden-Wuerttemberg,9.350000000000001
78345,Baden-Württemberg,Baden-Wuerttemberg,9.350000000000001
78351,Baden-Württemberg,Baden-Wuerttemberg,9.350000000000001
78354,Baden-Württemberg,Baden-Wuerttemberg,9.350000000000001
78355,Baden-Württemberg,Baden-Wuerttemberg,9.350000000000001
78357,Baden-Württemberg,Baden-Wuerttemberg,9.350000000000001
78359,Baden-Württemberg,Baden-Wuerttemberg,9.350000000000001
78454,Baden-Württemberg,Baden-Wuerttemberg,9.350000000000001
78455,Baden-Württemberg,Baden-Wuerttemberg,9.350000000000001
78457,Baden-Württemberg,Baden-Wuerttemberg,9.350000000000001
78458,Bavaria,Bayern,8.855000000000004
78459,Baden-Württemberg,Baden-Wuerttemberg,9.350000000000001
78461,Baden-Württemberg,Baden-Wuerttemberg,9.350000000000001
78462,Baden-Württemberg,Baden-Wuerttemberg,9.350000000000001
78464,Baden-Württemberg,Baden-Wuerttemberg,9.350000000000001
78465,Baden-Württemberg,Baden-Wuerttemberg,9.350000000000001
78467,Baden-Württemberg,Baden-Wuerttemberg,9.350000000000001
78476,Baden-Württemberg,Baden-Wuerttemberg,9.350000000000001
78479,Baden-Württemberg,Baden-Wuerttemberg,9.350000000000001
78532,Baden-Württemberg,Baden-Wuerttemberg,9.350000000000001
78549,Baden-Württemberg,Baden-Wuerttemberg,9.350000000000001
78554,Baden-Württemberg,Baden-Wuerttemberg,9.350000000000001
78559,Baden-Württemberg,Baden-Wuerttemberg,9.350000000000001
78564,Baden-Württemberg,Baden-Wuerttemberg,9.350000000000001
78567,Baden-Württemberg,Baden-Wuerttemberg,9.350000000000001
78570,Baden-Württemberg,Baden-Wuerttemberg,9.350000000000001
78573,Baden-Württemberg,Baden-Wuerttemberg,9.350000000000001
78576,Baden-Württemberg,Baden-Wuerttemberg,9.350000000000001
78579,Baden-Württemberg,Baden-Wuerttemberg,9.350000000000001
78580,Baden-Württemberg,Baden-Wuerttemberg,9.350000000000001
78582,Baden-Württemberg,Baden-Wuerttemberg,9.350000000000001
78583,Baden-Württemberg,Baden-Wuerttemberg,9.350000000000001
78585,Baden-Württemberg,Baden-Wuerttemberg,9.350000000000001
78586,Baden-Württemberg,Baden-Wuerttemberg,9.350000000000001
78588,Baden-Württemberg,Baden-Wuerttemberg,9.350000000000001
78589,Baden-Württemberg,Baden-Wuerttemberg,9.350000000000001
78591,Baden-Württemberg,Baden-Wuerttemberg,9.350000000000001
78592,Baden-Württemberg,Baden-Wuerttemberg,9.350000000000001
78594,Baden-Württemberg,Baden-Wuerttemberg,9.350000000000001
78595,Baden-Württemberg,Baden-Wuerttemberg,9.350000000000001
78597,Baden-Württemberg,Baden-Wuerttemberg,9.350000000000001
78598,Baden-Württemberg,Baden-Wuerttemberg,9.350000000000001
78600,Baden-Württemberg,Baden-Wuerttemberg,9.350000000000001
78601,Baden-Württemberg,Baden-Wuerttemberg,9.350000000000001
78603,Baden-Württemberg,Baden-Wuerttemberg,9.350000000000001
78604,Baden-Württemberg,Baden-Wuerttemberg,9.350000000000001
78606,Baden-Württemberg,Baden-Wuerttemberg,9.350000000000001
78607,Baden-Württemberg,Baden-Wuerttemberg,9.350000000000001
78609,Baden-Württemberg,Baden-Wuerttemberg,9.350000000000001
78628,Baden-Württemberg,Baden-Wuerttemberg,9.350000000000001
78647,Baden-Württemberg,Baden-Wuerttemberg,9.350000000000001
78652,Baden-Württemberg,Baden-Wuerttemberg,9.350000000000001
78655,Baden-Württemberg,Baden-Wuerttemberg,9.350000000000001
78658,Baden-Württemberg,Baden-Wuerttemberg,9.350000000000001
78661,Baden-Württemberg,Baden-Wuerttemberg,9.350000000000001
78662,Baden-Württemberg,Baden-Wuerttemberg,9.350000000000001
78664,Baden-Württemberg,Baden-Wuerttemberg,9.350000000000001
78665,Baden-Württemberg,Baden-Wuerttemberg,9.350000000000001
78667,Baden-Württemberg,Baden-Wuerttemberg,9.350000000000001
78669,Baden-Württemberg,Baden-Wuerttemberg,9.350000000000001
78711,Baden-Württemberg,Baden-Wuerttemberg,9.350000000000001
78713,Baden-Württemberg,Baden-Wuerttemberg,9.350000000000001
78727,Baden-Württemberg,Baden-Wuerttemberg,9.350000000000001
78730,Baden-Württemberg,Baden-Wuerttemberg,9.350000000000001
78733,Baden-Württemberg,Baden-Wuerttemberg,9.350000000000001
78736,Baden-Württemberg,Baden-Wuerttemberg,9.350000000000001
78737,Baden-Württemberg,Baden-Wuerttemberg,9.350000000000001
78739,Baden-Württemberg,Baden-Wuerttemberg,9.350000000000001
79071,Baden-Württemberg,Baden-Wuerttemberg,9.350000000000001
79073,Baden-Württemberg,Baden-Wuerttemberg,9.350000000000001
79077,Baden-Württemberg,Baden-Wuerttemberg,9.350000000000001
79078,Baden-Württemberg,Baden-Wuerttemberg,9.350000000000001
79079,Baden-Württemberg,Baden-Wuerttemberg,9.350000000000001
79080,Baden-Württemberg,Baden-Wuerttemberg,9.350000000000001
79081,Baden-Württemberg,Baden-Wuerttemberg,9.350000000000001
79083,Baden-Württemberg,Baden-Wuerttemberg,9.350000000000001
79084,Baden-Württemberg,Baden-Wuerttemberg,9.350000000000001
79086,Baden-Württemberg,Baden-Wuerttemberg,9.350000000000001
79088,Baden-Württemberg,Baden-Wuerttemberg,9.350000000000001
79090,Baden-Württemberg,Baden-Wuerttemberg,9.350000000000001
79091,Baden-Württemberg,Baden-Wuerttemberg,9.350000000000001
79093,Baden-Württemberg,Baden-Wuerttemberg,9.350000000000001
79094,Baden-Württemberg,Baden-Wuerttemberg,9.350000000000001
79095,Baden-Württemberg,Baden-Wuerttemberg,9.350000000000001
79098,Baden-Württemberg,Baden-Wuerttemberg,9.350000000000001
79100,Baden-Württemberg,Baden-Wuerttemberg,9.350000000000001
79102,Baden-Württemberg,Baden-Wuerttemberg,9.350000000000001
79104,Baden-Württemberg,Baden-Wuerttemberg,9.350000000000001
79106,Baden-Württemberg,Baden-Wuerttemberg,9.350000000000001
79108,Baden-Württemberg,Baden-Wuerttemberg,9.350000000000001
79110,Baden-Württemberg,Baden-Wuerttemberg,9.350000000000001
79111,Baden-Württemberg,Baden-Wuerttemberg,9.350000000000001
79112,Baden-Württemberg,Baden-Wuerttemberg,9.350000000000001
79114,Baden-Württemberg,Baden-Wuerttemberg,9.350000000000001
79115,Baden-Württemberg,Baden-Wuerttemberg,9.350000000000001
79117,Baden-Württemberg,Baden-Wuerttemberg,9.350000000000001
79138,Baden-Württemberg,Baden-Wuerttemberg,9.350000000000001
79139,Baden-Württemberg,Baden-Wuerttemberg,9.350000000000001
79140,Baden-Württemberg,Baden-Wuerttemberg,9.350000000000001
79183,Baden-Württemberg,Baden-Wuerttemberg,9.350000000000001
79188,Baden-Württemberg,Baden-Wuerttemberg,9.350000000000001
79189,Baden-Württemberg,Baden-Wuerttemberg,9.350000000000001
79194,Baden-Württemberg,Baden-Wuerttemberg,9.350000000000001
79199,Baden-Württemberg,Baden-Wuerttemberg,9.350000000000001
79206,Baden-Württemberg,Baden-Wuerttemberg,9.350000000000001
79211,Baden-Württemberg,Baden-Wuerttemberg,9.350000000000001
79215,Baden-Württemberg,Baden-Wuerttemberg,9.350000000000001
79219,Baden-Württemberg,Baden-Wuerttemberg,9.350000000000001
79224,Baden-Württemberg,Baden-Wuerttemberg,9.350000000000001
79227,Baden-Württemberg,Baden-Wuerttemberg,9.350000000000001
79232,Baden-Württemberg,Baden-Wuerttemberg,9.350000000000001
79235,Baden-Württemberg,Baden-Wuerttemberg,9.350000000000001
79238,Baden-Württemberg,Baden-Wuerttemberg,9.350000000000001
79241,Baden-Württemberg,Baden-Wuerttemberg,9.350000000000001
79244,Baden-Württemberg,Baden-Wuerttemberg,9.350000000000001
79249,Baden-Württemberg,Baden-Wuerttemberg,9.350000000000001
79252,Baden-Württemberg,Baden-Wuerttemberg,9.350000000000001
79254,Baden-Württemberg,Baden-Wuerttemberg,9.350000000000001
79256,Baden-Württemberg,Baden-Wuerttemberg,9.350000000000001
79258,Baden-Württemberg,Baden-Wuerttemberg,9.350000000000001
79261,Baden-Württemberg,Baden-Wuerttemberg,9.350000000000001
79263,Baden-Württemberg,Baden-Wuerttemberg,9.350000000000001
79268,Baden-Württemberg,Baden-Wuerttemberg,9.350000000000001
79271,Baden-Württemberg,Baden-Wuerttemberg,9.350000000000001
79274,Baden-Württemberg,Baden-Wuerttemberg,9.350000000000001
79276,Baden-Württemberg,Baden-Wuerttemberg,9.350000000000001
79279,Baden-Württemberg,Baden-Wuerttemberg,9.350000000000001
79280,Baden-Württemberg,Baden-Wuerttemberg,9.350000000000001
79282,Baden-Württemberg,Baden-Wuerttemberg,9.350000000000001
79283,Baden-Württemberg,Baden-Wuerttemberg,9.350000000000001
79285,Baden-Württemberg,Baden-Wuerttemberg,9.350000000000001
79286,Baden-Württemberg,Baden-Wuerttemberg,9.350000000000001
79288,Baden-Württemberg,Baden-Wuerttemberg,9.350000000000001
79289,Baden-Württemberg,Baden-Wuerttemberg,9.350000000000001
79291,Baden-Württemberg,Baden-Wuerttemberg,9.350000000000001
79292,Baden-Württemberg,Baden-Wuerttemberg,9.350000000000001
79294,Baden-Württemberg,Baden-Wuerttemberg,9.350000000000001
79295,Baden-Württemberg,Baden-Wuerttemberg,9.350000000000001
79297,Baden-Württemberg,Baden-Wuerttemberg,9.350000000000001
79299,Baden-Württemberg,Baden-Wuerttemberg,9.350000000000001
79310,Baden-Württemberg,Baden-Wuerttemberg,9.350000000000001
79312,Baden-Württemberg,Baden-Wuerttemberg,9.350000000000001
79330,Baden-Württemberg,Baden-Wuerttemberg,9.350000000000001
79331,Baden-Württemberg,Baden-Wuerttemberg,9.350000000000001
79336,Baden-Württemberg,Baden-Wuerttemberg,9.350000000000001
79341,Baden-Württemberg,Baden-Wuerttemberg,9.350000000000001
79346,Baden-Württemberg,Baden-Wuerttemberg,9.350000000000001
79348,Baden-Württemberg,Baden-Wuerttemberg,9.350000000000001
79350,Baden-Württemberg,Baden-Wuerttemberg,9.350000000000001
79353,Baden-Württemberg,Baden-Wuerttemberg,9.350000000000001
79356,Baden-Württemberg,Baden-Wuerttemberg,9.350000000000001
79359,Baden-Württemberg,Baden-Wuerttemberg,9.350000000000001
79361,Baden-Württemberg,Baden-Wuerttemberg,9.350000000000001
79362,Baden-Württemberg,Baden-Wuerttemberg,9.350000000000001
79364,Baden-Württemberg,Baden-Wuerttemberg,9.350000000000001
79365,Baden-Württemberg,Baden-Wuerttemberg,9.350000000000001
79367,Baden-Württemberg,Baden-Wuerttemberg,9.350000000000001
79369,Baden-Württemberg,Baden-Wuerttemberg,9.350000000000001
79379,Baden-Württemberg,Baden-Wuerttemberg,9.350000000000001
79395,Baden-Württemberg,Baden-Wuerttemberg,9.350000000000001
79400,Baden-Württemberg,Baden-Wuerttemberg,9.350000000000001
79410,Baden-Württemberg,Baden-Wuerttemberg,9.350000000000001
79415,Baden-Württemberg,Baden-Wuerttemberg,9.350000000000001
79418,Baden-Württemberg,Baden-Wuerttemberg,9.350000000000001
79423,Baden-Württemberg,Baden-Wuerttemberg,9.350000000000001
79424,Baden-Württemberg,Baden-Wuerttemberg,9.350000000000001
79426,Baden-Württemberg,Baden-Wuerttemberg,9.350000000000001
79427,Baden-Württemberg,Baden-Wuerttemberg,9.350000000000001
79429,Baden-Württemberg,Baden-Wuerttemberg,9.350000000000001
79513,Baden-Württemberg,Baden-Wuerttemberg,9.350000000000001
79533,Baden-Württemberg,Baden-Wuerttemberg,9.350000000000001
79537,Baden-Württemberg,Baden-Wuerttemberg,9.350000000000001
79539,Baden-Württemberg,Baden-Wuerttemberg,9.350000000000001
79540,Baden-Württemberg,Baden-Wuerttemberg,9.350000000000001
79541,Baden-Württemberg,Baden-Wuerttemberg,9.350000000000001
79574,Baden-Württemberg,Baden-Wuerttemberg,9.350000000000001
79576,Baden-Württemberg,Baden-Wuerttemberg,9.350000000000001
79578,Baden-Württemberg,Baden-Wuerttemberg,9.350000000000001
79585,Baden-Württemberg,Baden-Wuerttemberg,9.350000000000001
79588,Baden-Württemberg,Baden-Wuerttemberg,9.350000000000001
79589,Baden-Württemberg,Baden-Wuerttemberg,9.350000000000001
79591,Baden-Württemberg,Baden-Wuerttemberg,9.350000000000001
79592,Baden-Württemberg,Baden-Wuerttemberg,9.350000000000001
79594,Baden-Württemberg,Baden-Wuerttemberg,9.350000000000001
79595,Baden-Württemberg,Baden-Wuerttemberg,9.350000000000001
79597,Baden-Württemberg,Baden-Wuerttemberg,9.350000000000001
79599,Baden-Württemberg,Baden-Wuerttemberg,9.350000000000001
79618,Baden-Württemberg,Baden-Wuerttemberg,9.350000000000001
79639,Baden-Württemberg,Baden-Wuerttemberg,9.350000000000001
79650,Baden-Württemberg,Baden-Wuerttemberg,9.350000000000001
79662,Baden-Württemberg,Baden-Wuerttemberg,9.350000000000001
79664,Baden-Württemberg,Baden-Wuerttemberg,9.350000000000001
79669,Baden-Württemberg,Baden-Wuerttemberg,9.350000000000001
79674,Baden-Württemberg,Baden-Wuerttemberg,9.350000000000001
79677,Baden-Württemberg,Baden-Wuerttemberg,9.350000000000001
79682,Baden-Württemberg,Baden-Wuerttemberg,9.350000000000001
79683,Baden-Württemberg,Baden-Wuerttemberg,9.350000000000001
79685,Baden-Württemberg,Baden-Wuerttemberg,9.350000000000001
79686,Baden-Württemberg,Baden-Wuerttemberg,9.350000000000001
79688,Baden-Württemberg,Baden-Wuerttemberg,9.350000000000001
79689,Baden-Württemberg,Baden-Wuerttemberg,9.350000000000001
79691,Baden-Württemberg,Baden-Wuerttemberg,9.350000000000001
79692,Baden-Württemberg,Baden-Wuerttemberg,9.350000000000001
79694,Baden-Württemberg,Baden-Wuerttemberg,9.350000000000001
79695,Baden-Württemberg,Baden-Wuerttemberg,9.350000000000001
79697,Baden-Württemberg,Baden-Wuerttemberg,9.350000000000001
79699,Baden-Württemberg,Baden-Wuerttemberg,9.350000000000001
79713,Baden-Württemberg,Baden-Wuerttemberg,9.350000000000001
79725,Baden-Württemberg,Baden-Wuerttemberg,9.350000000000001
79730,Baden-Württemberg,Baden-Wuerttemberg,9.350000000000001
79733,Baden-Württemberg,Baden-Wuerttemberg,9.350000000000001
79736,Baden-Württemberg,Baden-Wuerttemberg,9.350000000000001
79737,Baden-Württemberg,Baden-Wuerttemberg,9.350000000000001
79739,Baden-Württemberg,Baden-Wuerttemberg,9.350000000000001
79749,Baden-Württemberg,Baden-Wuerttemberg,9.350000000000001
79761,Baden-Württemberg,Baden-Wuerttemberg,9.350000000000001
79771,Baden-Württemberg,Baden-Wuerttemberg,9.350000000000001
79774,Baden-Württemberg,Baden-Wuerttemberg,9.350000000000001
79777,Baden-Württemberg,Baden-Wuerttemberg,9.350000000000001
79780,Baden-Württemberg,Baden-Wuerttemberg,9.350000000000001
79787,Baden-Württemberg,Baden-Wuerttemberg,9.350000000000001
79790,Baden-Württemberg,Baden-Wuerttemberg,9.350000000000001
79793,Baden-Württemberg,Baden-Wuerttemberg,9.350000000000001
79798,Baden-Württemberg,Baden-Wuerttemberg,9.350000000000001
79801,Baden-Württemberg,Baden-Wuerttemberg,9.350000000000001
79802,Baden-Württemberg,Baden-Wuerttemberg,9.350000000000001
79804,Baden-Württemberg,Baden-Wuerttemberg,9.350000000000001
79805,Baden-Württemberg,Baden-Wuerttemberg,9.350000000000001
79807,Baden-Württemberg,Baden-Wuerttemberg,9.350000000000001
79809,Baden-Württemberg,Baden-Wuerttemberg,9.350000000000001
79821,Baden-Württemberg,Baden-Wuerttemberg,9.350000000000001
79822,Baden-Württemberg,Baden-Wuerttemberg,9.350000000000001
79837,Baden-Württemberg,Baden-Wuerttemberg,9.350000000000001
79843,Baden-Württemberg,Baden-Wuerttemberg,9.350000000000001
79848,Baden-Württemberg,Baden-Wuerttemberg,9.350000000000001
79853,Baden-Württemberg,Baden-Wuerttemberg,9.350000000000001
79856,Baden-Württemberg,Baden-Wuerttemberg,9.350000000000001
79859,Baden-Württemberg,Baden-Wuerttemberg,9.350000000000001
79862,Baden-Württemberg,Baden-Wuerttemberg,9.350000000000001
79865,Baden-Württemberg,Baden-Wuerttemberg,9.350000000000001
79868,Baden-Württemberg,Baden-Wuerttemberg,9.350000000000001
79871,Baden-Württemberg,Baden-Wuerttemberg,9.350000000000001
79872,Baden-Württemberg,Baden-Wuerttemberg,9.350000000000001
79874,Baden-Württemberg,Baden-Wuerttemberg,9.350000000000001
79875,Baden-Württemberg,Baden-Wuerttemberg,9.350000000000001
79877,Baden-Württemberg,Baden-Wuerttemberg,9.350000000000001
79879,Baden-Württemberg,Baden-Wuerttemberg,9.350000000000001
80097,Bavaria,Bayern,8.855000000000004
80200,Bavaria,Bayern,8.855000000000004
80217,Bavaria,Bayern,8.855000000000004
80218,Bavaria,Bayern,8.855000000000004
80219,Bavaria,Bayern,8.855000000000004
80221,Bavaria,Bayern,8.855000000000004
80222,Bavaria,Bayern,8.855000000000004
80240,Bavaria,Bayern,8.855000000000004
80248,Bavaria,Bayern,8.855000000000004
80249,Bavaria,Bayern,8.855000000000004
80250,Bavaria,Bayern,8.855000000000004
80251,Bavaria,Bayern,8.855000000000004
80258,Bavaria,Bayern,8.855000000000004
80259,Bavaria,Bayern,8.855000000000004
80260,Bavaria,Bayern,8.855000000000004
80263,Bavaria,Bayern,8.855000000000004
80264,Bavaria,Bayern,8.855000000000004
80266,Bavaria,Bayern,8.855000000000004
80267,Bavaria,Bayern,8.855000000000004
80268,Bavaria,Bayern,8.855000000000004
80269,Bavaria,Bayern,8.855000000000004
80270,Bavaria,Bayern,8.855000000000004
80271,Bavaria,Bayern,8.855000000000004
80272,Bavaria,Bayern,8.855000000000004
80273,Bavaria,Bayern,8.855000000000004
80275,Bavaria,Bayern,8.855000000000004
80276,Bavaria,Bayern,8.855000000000004
80277,Bavaria,Bayern,8.855000000000004
80278,Bavaria,Bayern,8.855000000000004
80279,Bavaria,Bayern,8.855000000000004
80280,Bavaria,Bayern,8.855000000000004
80281,Bavaria,Bayern,8.855000000000004
80282,Bavaria,Bayern,8.855000000000004
80283,Bavaria,Bayern,8.855000000000004
80285,Bavaria,Bayern,8.855000000000004
80287,Bavaria,Bayern,8.855000000000004
80289,Bavaria,Bayern,8.855000000000004
80290,Bavaria,Bayern,8.855000000000004
80291,Bavaria,Bayern,8.855000000000004
80292,Bavaria,Bayern,8.855000000000004
80294,Bavaria,Bayern,8.855000000000004
80295,Bavaria,Bayern,8.855000000000004
80297,Bavaria,Bayern,8.855000000000004
80298,Bavaria,Bayern,8.855000000000004
80300,Bavaria,Bayern,8.855000000000004
80301,Bavaria,Bayern,8.855000000000004
80302,Bavaria,Bayern,8.855000000000004
80303,Bavaria,Bayern,8.855000000000004
80304,Bavaria,Bayern,8.855000000000004
80306,Bavaria,Bayern,8.855000000000004
80308,Bavaria,Bayern,8.855000000000004
80309,Bavaria,Bayern,8.855000000000004
80310,Bavaria,Bayern,8.855000000000004
80311,Bavaria,Bayern,8.855000000000004
80313,Bavaria,Bayern,8.855000000000004
80314,Bavaria,Bayern,8.855000000000004
80315,Bavaria,Bayern,8.855000000000004
80316,Bavaria,Bayern,8.855000000000004
80317,Bavaria,Bayern,8.855000000000004
80318,Bavaria,Bayern,8.855000000000004
80319,Bavaria,Bayern,8.855000000000004
80320,Bavaria,Bayern,8.855000000000004
80322,Bavaria,Bayern,8.855000000000004
80323,Bavaria,Bayern,8.855000000000004
80324,Bavaria,Bayern,8.855000000000004
80325,Bavaria,Bayern,8.855000000000004
80326,Bavaria,Bayern,8.855000000000004
80327,Bavaria,Bayern,8.855000000000004
80328,Bavaria,Bayern,8.855000000000004
80329,Bavaria,Bayern,8.855000000000004
80331,Bayern,Bayern,8.855000000000004
80333,Bayern,Bayern,8.855000000000004
80335,Bayern,Bayern,8.855000000000004
80336,Bayern,Bayern,8.855000000000004
80337,Bayern,Bayern,8.855000000000004
80339,Bayern,Bayern,8.855000000000004
80340,Bavaria,Bayern,8.855000000000004
80466,Bavaria,Bayern,8.855000000000004
80469,Bayern,Bayern,8.855000000000004
80524,Bavaria,Bayern,8.855000000000004
80525,Bavaria,Bayern,8.855000000000004
80530,Bavaria,Bayern,8.855000000000004
80534,Bavaria,Bayern,8.855000000000004
80535,Bavaria,Bayern,8.855000000000004
80538,Bayern,Bayern,8.855000000000004
80539,Bayern,Bayern,8.855000000000004
80632,Bavaria,Bayern,8.855000000000004
80634,Bayern,Bayern,8.855000000000004
80636,Bayern,Bayern,8.855000000000004
80637,Bayern,Bayern,8.855000000000004
80638,Bayern,Bayern,8.855000000000004
80639,Bayern,Bayern,8.855000000000004
80682,Bavaria,Bayern,8.855000000000004
80684,Bavaria,Bayern,8.855000000000004
80686,Bayern,Bayern,8.855000000000004
80687,Bayern,Bayern,8.855000000000004
80689,Bayern,Bayern,8.855000000000004
80700,Bavaria,Bayern,8.855000000000004
80786,Bavaria,Bayern,8.855000000000004
80787,Bavaria,Bayern,8.855000000000004
80788,Bavaria,Bayern,8.855000000000004
80789,Bavaria,Bayern,8.855000000000004
80790,Bavaria,Bayern,8.855000000000004
80791,Bavaria,Bayern,8.855000000000004
80792,Bavaria,Bayern,8.855000000000004
80794,Bavaria,Bayern,8.855000000000004
80796,Bayern,Bayern,8.855000000000004
80797,Bayern,Bayern,8.855000000000004
80798,Bayern,Bayern,8.855000000000004
80799,Bayern,Bayern,8.855000000000004
80801,Bayern,Bayern,8.855000000000004
80802,Bayern,Bayern,8.855000000000004
80803,Bayern,Bayern,8.855000000000004
80804,Bayern,Bayern,8.855000000000004
80805,Bayern,Bayern,8.855000000000004
80807,Bayern,Bayern,8.855000000000004
80809,Bayern,Bayern,8.855000000000004
80920,Bavaria,Bayern,8.855000000000004
80931,Bavaria,Bayern,8.855000000000004
80933,Bayern,Bayern,8.855000000000004
80935,Bayern,Bayern,8.855000000000004
80937,Bayern,Bayern,8.855000000000004
80939,Bayern,Bayern,8.855000000000004
80991,Bavaria,Bayern,8.855000000000004
80992,Bayern,Bayern,8.855000000000004
80993,Bayern,Bayern,8.855000000000004
80995,Bayern,Bayern,8.855000000000004
80997,Bayern,Bayern,8.855000000000004
80999,Bayern,Bayern,8.855000000000004
81236,Bavaria,Bayern,8.855000000000004
81237,Bavaria,Bayern,8.855000000000004
81238,Bavaria,Bayern,8.855000000000004
81241,Bayern,Bayern,8.855000000000004
81243,Bayern,Bayern,8.855000000000004
81245,Bayern,Bayern,8.855000000000004
81247,Bayern,Bayern,8.855000000000004
81248,Bayern,Bayern,8.855000000000004
81249,Bayern,Bayern,8.855000000000004
81340,Bavaria,Bayern,8.855000000000004
81350,Bavaria,Bayern,8.855000000000004
81355,Bavaria,Bayern,8.855000000000004
81356,Bavaria,Bayern,8.855000000000004
81357,Bavaria,Bayern,8.855000000000004
81358,Bavaria,Bayern,8.855000000000004
81359,Bavaria,Bayern,8.855000000000004
81360,Bavaria,Bayern,8.855000000000004
81362,Bavaria,Bayern,8.855000000000004
81363,Bavaria,Bayern,8.855000000000004
81364,Bavaria,Bayern,8.855000000000004
81365,Bavaria,Bayern,8.855000000000004
81366,Bavaria,Bayern,8.855000000000004
81367,Bavaria,Bayern,8.855000000000004
81369,Bayern,Bayern,8.855000000000004
81371,Bayern,Bayern,8.855000000000004
81373,Bayern,Bayern,8.855000000000004
81375,Bayern,Bayern,8.855000000000004
81377,Bayern,Bayern,8.855000000000004
81379,Bayern,Bayern,8.855000000000004
81475,Bayern,Bayern,8.855000000000004
81476,Bayern,Bayern,8.855000000000004
81477,Bayern,Bayern,8.855000000000004
81479,Bayern,Bayern,8.855000000000004
81531,Bavaria,Bayern,8.855000000000004
81533,Bavaria,Bayern,8.855000000000004
81534,Bavaria,Bayern,8.855000000000004
81535,Bavaria,Bayern,8.855000000000004
81536,Bavaria,Bayern,8.855000000000004
81537,Bavaria,Bayern,8.855000000000004
81539,Bayern,Bayern,8.855000000000004
81541,Bayern,Bayern,8.855000000000004
81543,Bayern,Bayern,8.855000000000004
81545,Bayern,Bayern,8.855000000000004
81547,Bayern,Bayern,8.855000000000004
81549,Bayern,Bayern,8.855000000000004
81550,Bavaria,Bayern,8.855000000000004
81627,Bavaria,Bayern,8.855000000000004
81655,Bavaria,Bayern,8.855000000000004
81658,Bavaria,Bayern,8.855000000000004
81660,Bavaria,Bayern,8.855000000000004
81662,Bavaria,Bayern,8.855000000000004
81663,Bavaria,Bayern,8.855000000000004
81664,Bavaria,Bayern,8.855000000000004
81665,Bavaria,Bayern,8.855000000000004
81667,Bayern,Bayern,8.855000000000004
81669,Bayern,Bayern,8.855000000000004
81671,Bayern,Bayern,8.855000000000004
81673,Bayern,Bayern,8.855000000000004
81675,Bayern,Bayern,8.855000000000004
81677,Bayern,Bayern,8.855000000000004
81679,Bayern,Bayern,8.855000000000004
81713,Bavaria,Bayern,8.855000000000004
81716,Bavaria,Bayern,8.855000000000004
81718,Bavaria,Bayern,8.855000000000004
81723,Bavaria,Bayern,8.855000000000004
81725,Bavaria,Bayern,8.855000000000004
81726,Bavaria,Bayern,8.855000000000004
81727,Bavaria,Bayern,8.855000000000004
81728,Bavaria,Bayern,8.855000000000004
81729,Bavaria,Bayern,8.855000000000004
81731,Bavaria,Bayern,8.855000000000004
81732,Bavaria,Bayern,8.855000000000004
81733,Bavaria,Bayern,8.855000000000004
81735,Bayern,Bayern,8.855000000000004
81737,Bayern,Bayern,8.855000000000004
81739,Bayern,Bayern,8.855000000000004
81823,Bavaria,Bayern,8.855000000000004
81825,Bayern,Bayern,8.855000000000004
81827,Bayern,Bayern,8.855000000000004
81829,Bayern,Bayern,8.855000000000004
81911,Bavaria,Bayern,8.855000000000004
81918,Bavaria,Bayern,8.855000000000004
81919,Bavaria,Bayern,8.855000000000004
81920,Bavaria,Bayern,8.855000000000004
81921,Bavaria,Bayern,8.855000000000004
81925,Bayern,Bayern,8.855000000000004
81927,Bayern,Bayern,8.855000000000004
81929,Bayern,Bayern,8.855000000000004
81987,Bavaria,Bayern,8.855000000000004
81988,Bavaria,Bayern,8.855000000000004
81989,Bavaria,Bayern,8.855000000000004
81995,Bavaria,Bayern,8.855000000000004
81999,Bavaria,Bayern,8.855000000000004
82008,Bayern,Bayern,8.855000000000004
82024,Bayern,Bayern,8.855000000000004
82030,Bavaria,Bayern,8.855000000000004
82031,Bayern,Bayern,8.855000000000004
82032,Bayern,Bayern,8.855000000000004
82038,Bavaria,Bayern,8.855000000000004
82039,Bavaria,Bayern,8.855000000000004
82041,Bayern,Bayern,8.855000000000004
82047,Bavaria,Bayern,8.855000000000004
82049,Bayern,Bayern,8.855000000000004
82054,Bayern,Bayern,8.855000000000004
82057,Bayern,Bayern,8.855000000000004
82061,Bayern,Bayern,8.855000000000004
82064,Bayern,Bayern,8.855000000000004
82065,Bayern,Bayern,8.855000000000004
82067,Bayern,Bayern,8.855000000000004
82069,Bayern,Bayern,8.855000000000004
82110,Bayern,Bayern,8.855000000000004
82131,Bayern,Bayern,8.855000000000004
82140,Bayern,Bayern,8.855000000000004
82152,Bayern,Bayern,8.855000000000004
82166,Bayern,Bayern,8.855000000000004
82175,Bavaria,Bayern,8.855000000000004
82178,Bayern,Bayern,8.855000000000004
82194,Bayern,Bayern,8.855000000000004
82205,Bayern,Bayern,8.855000000000004
82211,Bayern,Bayern,8.855000000000004
82216,Bayern,Bayern,8.855000000000004
82223,Bayern,Bayern,8.855000000000004
82229,Bayern,Bayern,8.855000000000004
82234,Bayern,Bayern,8.855000000000004
82237,Bayern,Bayern,8.855000000000004
82239,Bayern,Bayern,8.855000000000004
82254,Bavaria,Bayern,8.855000000000004
82256,Bayern,Bayern,8.855000000000004
82266,Bayern,Bayern,8.855000000000004
82269,Bayern,Bayern,8.855000000000004
82272,Bayern,Bayern,8.855000000000004
82275,Bayern,Bayern,8.855000000000004
82276,Bayern,Bayern,8.855000000000004
82278,Bayern,Bayern,8.855000000000004
82279,Bayern,Bayern,8.855000000000004
82281,Bayern,Bayern,8.855000000000004
82282,Bayern,Bayern,8.855000000000004
82284,Bayern,Bayern,8.855000000000004
82285,Bayern,Bayern,8.855000000000004
82287,Bayern,Bayern,8.855000000000004
82288,Bayern,Bayern,8.855000000000004
82290,Bayern,Bayern,8.855000000000004
82291,Bayern,Bayern,8.855000000000004
82293,Bayern,Bayern,8.855000000000004
82294,Bayern,Bayern,8.855000000000004
82296,Bayern,Bayern,8.855000000000004
82297,Bayern,Bayern,8.855000000000004
82299,Bayern,Bayern,8.855000000000004
82317,Bavaria,Bayern,8.855000000000004
82319,Bayern,Bayern,8.855000000000004
82322,Bavaria,Bayern,8.855000000000004
82327,Bayern,Bayern,8.855000000000004
82335,Bayern,Bayern,8.855000000000004
82340,Bayern,Bayern,8.855000000000004
82343,Bayern,Bayern,8.855000000000004
82346,Bayern,Bayern,8.855000000000004
82347,Bayern,Bayern,8.855000000000004
82349,Bayern,Bayern,8.855000000000004
82360,Bavaria,Bayern,8.855000000000004
82362,Bayern,Bayern,8.855000000000004
82363,Bavaria,Bayern,8.855000000000004
82377,Bayern,Bayern,8.855000000000004
82380,Bayern,Bayern,8.855000000000004
82383,Bayern,Bayern,8.855000000000004
82386,Bayern,Bayern,8.855000000000004
82387,Bayern,Bayern,8.855000000000004
82389,Bayern,Bayern,8.855000000000004
82390,Bayern,Bayern,8.855000000000004
82392,Bayern,Bayern,8.855000000000004
82393,Bayern,Bayern,8.855000000000004
82395,Bayern,Bayern,8.855000000000004
82396,Bayern,Bayern,8.855000000000004
82398,Bayern,Bayern,8.855000000000004
82399,Bayern,Bayern,8.855000000000004
82401,Bayern,Bayern,8.855000000000004
82402,Bayern,Bayern,8.855000000000004
82404,Bayern,Bayern,8.855000000000004
82405,Bayern,Bayern,8.855000000000004
82407,Bayern,Bayern,8.855000000000004
82409,Bayern,Bayern,8.855000000000004
82418,Bayern,Bayern,8.855000000000004
82431,Bayern,Bayern,8.855000000000004
82432,Bayern,Bayern,8.855000000000004
82433,Bayern,Bayern,8.855000000000004
82435,Bayern,Bayern,8.855000000000004
82436,Bayern,Bayern,8.855000000000004
82438,Bayern,Bayern,8.855000000000004
82439,Bayern,Bayern,8.855000000000004
82441,Bayern,Bayern,8.855000000000004
82442,Bayern,Bayern,8.855000000000004
82444,Bayern,Bayern,8.855000000000004
82445,Bayern,Bayern,8.855000000000004
82447,Bayern,Bayern,8.855000000000004
82449,Bayern,Bayern,8.855000000000004
82467,Bayern,Bayern,8.855000000000004
82475,Bavaria,Bayern,8.855000000000004
82481,Bayern,Bayern,8.855000000000004
82487,Bayern,Bayern,8.855000000000004
82488,Bayern,Bayern,8.855000000000004
82490,Bayern,Bayern,8.855000000000004
82491,Bayern,Bayern,8.855000000000004
82493,Bayern,Bayern,8.855000000000004
82494,Bayern,Bayern,8.855000000000004
82496,Bayern,Bayern,8.855000000000004
82497,Bayern,Bayern,8.855000000000004
82499,Bayern,Bayern,8.855000000000004
82515,Bayern,Bayern,8.855000000000004
82538,Bayern,Bayern,8.855000000000004
82541,Bayern,Bayern,8.855000000000004
82544,Bayern,Bayern,8.855000000000004
82547,Bayern,Bayern,8.855000000000004
82549,Bayern,Bayern,8.855000000000004
83018,Bavaria,Bayern,8.855000000000004
83019,Bavaria,Bayern,8.855000000000004
83022,Bayern,Bayern,8.855000000000004
83024,Bayern,Bayern,8.855000000000004
83026,Bayern,Bayern,8.855000000000004
83034,Bavaria,Bayern,8.855000000000004
83043,Bayern,Bayern,8.855000000000004
83052,Bayern,Bayern,8.855000000000004
83059,Bayern,Bayern,8.855000000000004
83064,Bayern,Bayern,8.855000000000004
83071,Bayern,Bayern,8.855000000000004
83075,Bayern,Bayern,8.855000000000004
83080,Bayern,Bayern,8.855000000000004
83083,Bayern,Bayern,8.855000000000004
83088,Bayern,Bayern,8.855000000000004
83093,Bayern,Bayern,8.855000000000004
83098,Bayern,Bayern,8.855000000000004
83101,Bayern,Bayern,8.855000000000004
83104,Bayern,Bayern,8.855000000000004
83109,Bayern,Bayern,8.855000000000004
83112,Bayern,Bayern,8.855000000000004
83115,Bayern,Bayern,8.855000000000004
83119,Bayern,Bayern,8.855000000000004
83122,Bayern,Bayern,8.855000000000004
83123,Bayern,Bayern,8.855000000000004
83125,Bayern,Bayern,8.855000000000004
83126,Bayern,Bayern,8.855000000000004
83128,Bayern,Bayern,8.855000000000004
83129,Bayern,Bayern,8.855000000000004
83131,Bayern,Bayern,8.855000000000004
83132,Bayern,Bayern,8.855000000000004
83134,Bayern,Bayern,8.855000000000004
83135,Bayern,Bayern,8.855000000000004
83137,Bayern,Bayern,8.855000000000004
83139,Bayern,Bayern,8.855000000000004
83209,Bayern,Bayern,8.855000000000004
83224,Bayern,Bayern,8.855000000000004
83228,Bavaria,Bayern,8.855000000000004
83229,Bayern,Bayern,8.855000000000004
83233,Bayern,Bayern,8.855000000000004
83236,Bayern,Bayern,8.855000000000004
83242,Bayern,Bayern,8.855000000000004
83246,Bayern,Bayern,8.855000000000004
83250,Bayern,Bayern,8.855000000000004
83253,Bayern,Bayern,8.855000000000004
83254,Bayern,Bayern,8.855000000000004
83256,Bayern,Bayern,8.855000000000004
83257,Bayern,Bayern,8.855000000000004
83259,Bayern,Bayern,8.855000000000004
83274,Bavaria,Bayern,8.855000000000004
83276,Bavaria,Bayern,8.855000000000004
83278,Bayern,Bayern,8.855000000000004
83301,Bayern,Bayern,8.855000000000004
83308,Bayern,Bayern,8.855000000000004
83313,Bayern,Bayern,8.855000000000004
83317,Bayern,Bayern,8.855000000000004
83324,Bayern,Bayern,8.855000000000004
83329,Bayern,Bayern,8.855000000000004
83334,Bayern,Bayern,8.855000000000004
83339,Bayern,Bayern,8.855000000000004
83342,Bayern,Bayern,8.855000000000004
83344,Bayern,Bayern,8.855000000000004
83346,Bayern,Bayern,8.855000000000004
83349,Bayern,Bayern,8.855000000000004
83352,Bayern,Bayern,8.855000000000004
83355,Bayern,Bayern,8.855000000000004
83358,Bayern,Bayern,8.855000000000004
83359,Bayern,Bayern,8.855000000000004
83361,Bayern,Bayern,8.855000000000004
83362,Bayern,Bayern,8.855000000000004
83364,Bayern,Bayern,8.855000000000004
83365,Bayern,Bayern,8.855000000000004
83367,Bayern,Bayern,8.855000000000004
83368,Bayern,Bayern,8.855000000000004
83370,Bayern,Bayern,8.855000000000004
83371,Bayern,Bayern,8.855000000000004
83373,Bayern,Bayern,8.855000000000004
83374,Bayern,Bayern,8.855000000000004
83376,Bayern,Bayern,8.855000000000004
83377,Bayern,Bayern,8.855000000000004
83379,Bayern,Bayern,8.855000000000004
83394,Bavaria,Bayern,8.855000000000004
83395,Bayern,Bayern,8.855000000000004
83404,Bayern,Bayern,8.855000000000004
83410,Bayern,Bayern,8.855000000000004
83413,Bayern,Bayern,8.855000000000004
83416,Bayern,Bayern,8.855000000000004
83417,Bayern,Bayern,8.855000000000004
83435,Bayern,Bayern,8.855000000000004
83451,Bayern,Bayern,8.855000000000004
83454,Bayern,Bayern,8.855000000000004
83457,Bayern,Bayern,8.855000000000004
83458,Bayern,Bayern,8.855000000000004
83471,Bayern,Bayern,8.855000000000004
83483,Bayern,Bayern,8.855000000000004
83486,Bayern,Bayern,8.855000000000004
83487,Bayern,Bayern,8.855000000000004
83489,Bayern,Bayern,8.855000000000004
83508,Bavaria,Bayern,8.855000000000004
83512,Bayern,Bayern,8.855000000000004
83527,Bayern,Bayern,8.855000000000004
83530,Bayern,Bayern,8.855000000000004
83533,Bayern,Bayern,8.855000000000004
83536,Bayern,Bayern,8.855000000000004
83539,Bayern,Bayern,8.855000000000004
83543,Bayern,Bayern,8.855000000000004
83544,Bayern,Bayern,8.855000000000004
83546,Bayern,Bayern,8.855000000000004
83547,Bayern,Bayern,8.855000000000004
83549,Bayern,Bayern,8.855000000000004
83550,Bayern,Bayern,8.855000000000004
83552,Bayern,Bayern,8.855000000000004
83553,Bayern,Bayern,8.855000000000004
83555,Bayern,Bayern,8.855000000000004
83556,Bayern,Bayern,8.855000000000004
83558,Bayern,Bayern,8.855000000000004
83559,Bayern,Bayern,8.855000000000004
83561,Bayern,Bayern,8.855000000000004
83562,Bayern,Bayern,8.855000000000004
83564,Bayern,Bayern,8.855000000000004
83565,Bayern,Bayern,8.855000000000004
83567,Bayern,Bayern,8.855000000000004
83569,Bayern,Bayern,8.855000000000004
83607,Bayern,Bayern,8.855000000000004
83620,Bayern,Bayern,8.855000000000004
83623,Bayern,Bayern,8.855000000000004
83624,Bayern,Bayern,8.855000000000004
83626,Bayern,Bayern,8.855000000000004
83627,Bayern,Bayern,8.855000000000004
83629,Bayern,Bayern,8.855000000000004
83646,Bayern,Bayern,8.855000000000004
83661,Bayern,Bayern,8.855000000000004
83666,Bayern,Bayern,8.855000000000004
83670,Bayern,Bayern,8.855000000000004
83671,Bayern,Bayern,8.855000000000004
83673,Bayern,Bayern,8.855000000000004
83674,Bayern,Bayern,8.855000000000004
83676,Bayern,Bayern,8.855000000000004
83677,Bayern,Bayern,8.855000000000004
83679,Bayern,Bayern,8.855000000000004
83684,Bayern,Bayern,8.855000000000004
83700,Bayern,Bayern,8.855000000000004
83703,Bayern,Bayern,8.855000000000004
83707,Bayern,Bayern,8.855000000000004
83708,Bayern,Bayern,8.855000000000004
83714,Bayern,Bayern,8.855000000000004
83727,Bayern,Bayern,8.855000000000004
83730,Bayern,Bayern,8.855000000000004
83734,Bayern,Bayern,8.855000000000004
83735,Bayern,Bayern,8.855000000000004
83737,Bayern,Bayern,8.855000000000004
83739,Bayern,Bayern,8.855000000000004
84018,Bavaria,Bayern,8.855000000000004
84022,Bavaria,Bayern,8.855000000000004
84023,Bavaria,Bayern,8.855000000000004
84024,Bavaria,Bayern,8.855000000000004
84026,Bavaria,Bayern,8.855000000000004
84028,Bayern,Bayern,8.855000000000004
84030,Bayern,Bayern,8.855000000000004
84032,Bayern,Bayern,8.855000000000004
84034,Bayern,Bayern,8.855000000000004
84036,Bayern,Bayern,8.855000000000004
84048,Bayern,Bayern,8.855000000000004
84051,Bayern,Bayern,8.855000000000004
84056,Bayern,Bayern,8.855000000000004
84061,Bayern,Bayern,8.855000000000004
84066,Bayern,Bayern,8.855000000000004
84069,Bayern,Bayern,8.855000000000004
84072,Bayern,Bayern,8.855000000000004
84076,Bayern,Bayern,8.855000000000004
84079,Bayern,Bayern,8.855000000000004
84082,Bayern,Bayern,8.855000000000004
84085,Bayern,Bayern,8.855000000000004
84088,Bayern,Bayern,8.855000000000004
84089,Bayern,Bayern,8.855000000000004
84091,Bayern,Bayern,8.855000000000004
84092,Bayern,Bayern,8.855000000000004
84094,Bayern,Bayern,8.855000000000004
84095,Bayern,Bayern,8.855000000000004
84097,Bayern,Bayern,8.855000000000004
84098,Bayern,Bayern,8.855000000000004
84100,Bayern,Bayern,8.855000000000004
84101,Bayern,Bayern,8.855000000000004
84103,Bayern,Bayern,8.855000000000004
84104,Bayern,Bayern,8.855000000000004
84106,Bayern,Bayern,8.855000000000004
84107,Bayern,Bayern,8.855000000000004
84109,Bayern,Bayern,8.855000000000004
84130,Bayern,Bayern,8.855000000000004
84137,Bayern,Bayern,8.855000000000004
84140,Bayern,Bayern,8.855000000000004
84144,Bayern,Bayern,8.855000000000004
84149,Bayern,Bayern,8.855000000000004
84152,Bayern,Bayern,8.855000000000004
84155,Bayern,Bayern,8.855000000000004
84160,Bayern,Bayern,8.855000000000004
84162,Bavaria,Bayern,8.855000000000004
84163,Bayern,Bayern,8.855000000000004
84164,Bayern,Bayern,8.855000000000004
84166,Bayern,Bayern,8.855000000000004
84168,Bayern,Bayern,8.855000000000004
84169,Bayern,Bayern,8.855000000000004
84171,Bayern,Bayern,8.855000000000004
84172,Bayern,Bayern,8.855000000000004
84174,Bayern,Bayern,8.855000000000004
84175,Bayern,Bayern,8.855000000000004
84177,Bayern,Bayern,8.855000000000004
84178,Bayern,Bayern,8.855000000000004
84180,Bayern,Bayern,8.855000000000004
84181,Bayern,Bayern,8.855000000000004
84183,Bayern,Bayern,8.855000000000004
84184,Bayern,Bayern,8.855000000000004
84186,Bayern,Bayern,8.855000000000004
84187,Bayern,Bayern,8.855000000000004
84189,Bayern,Bayern,8.855000000000004
84307,Bayern,Bayern,8.855000000000004
84323,Bayern,Bayern,8.855000000000004
84326,Bayern,Bayern,8.855000000000004
84329,Bayern,Bayern,8.855000000000004
84332,Bayern,Bayern,8.855000000000004
84333,Bayern,Bayern,8.855000000000004
84335,Bayern,Bayern,8.855000000000004
84337,Bayern,Bayern,8.855000000000004
84339,Bayern,Bayern,8.855000000000004
84347,Bayern,Bayern,8.855000000000004
84359,Bayern,Bayern,8.855000000000004
84364,Bayern,Bayern,8.855000000000004
84367,Bayern,Bayern,8.855000000000004
84371,Bayern,Bayern,8.855000000000004
84375,Bayern,Bayern,8.855000000000004
84378,Bayern,Bayern,8.855000000000004
84381,Bayern,Bayern,8.855000000000004
84384,Bayern,Bayern,8.855000000000004
84385,Bayern,Bayern,8.855000000000004
84387,Bayern,Bayern,8.855000000000004
84389,Bayern,Bayern,8.855000000000004
84405,Bayern,Bayern,8.855000000000004
84416,Bayern,Bayern,8.855000000000004
84419,Bayern,Bayern,8.855000000000004
84424,Bayern,Bayern,8.855000000000004
84427,Bayern,Bayern,8.855000000000004
84428,Bayern,Bayern,8.855000000000004
84431,Bayern,Bayern,8.855000000000004
84432,Bayern,Bayern,8.855000000000004
84434,Bayern,Bayern,8.855000000000004
84435,Bayern,Bayern,8.855000000000004
84437,Bayern,Bayern,8.855000000000004
84439,Bayern,Bayern,8.855000000000004
84453,Bayern,Bayern,8.855000000000004
84478,Bayern,Bayern,8.855000000000004
84489,Bayern,Bayern,8.855000000000004
84494,Bayern,Bayern,8.855000000000004
84503,Bayern,Bayern,8.855000000000004
84508,Bayern,Bayern,8.855000000000004
84513,Bayern,Bayern,8.855000000000004
84518,Bayern,Bayern,8.855000000000004
84524,Bayern,Bayern,8.855000000000004
84529,Bayern,Bayern,8.855000000000004
84533,Bayern,Bayern,8.855000000000004
84539,Bayern,Bayern,8.855000000000004
84543,Bayern,Bayern,8.855000000000004
84544,Bayern,Bayern,8.855000000000004
84546,Bayern,Bayern,8.855000000000004
84547,Bayern,Bayern,8.855000000000004
84549,Bayern,Bayern,8.855000000000004
84550,Bayern,Bayern,8.855000000000004
84552,Bayern,Bayern,8.855000000000004
84553,Bayern,Bayern,8.855000000000004
84555,Bayern,Bayern,8.855000000000004
84556,Bayern,Bayern,8.855000000000004
84558,Bayern,Bayern,8.855000000000004
84559,Bayern,Bayern,8.855000000000004
84561,Bayern,Bayern,8.855000000000004
84562,Bayern,Bayern,8.855000000000004
84564,Bayern,Bayern,8.855000000000004
84565,Bayern,Bayern,8.855000000000004
84567,Bayern,Bayern,8.855000000000004
84568,Bayern,Bayern,8.855000000000004
84570,Bayern,Bayern,8.855000000000004
84571,Bayern,Bayern,8.855000000000004
84573,Bayern,Bayern,8.855000000000004
84574,Bayern,Bayern,8.855000000000004
84576,Bayern,Bayern,8.855000000000004
84577,Bayern,Bayern,8.855000000000004
84579,Bayern,Bayern,8.855000000000004
85037,Bavaria,Bayern,8.855000000000004
85046,Bavaria,Bayern,8.855000000000004
85047,Bavaria,Bayern,8.855000000000004
85049,Bayern,Bayern,8.855000000000004
85051,Bayern,Bayern,8.855000000000004
85053,Bayern,Bayern,8.855000000000004
85055,Bayern,Bayern,8.855000000000004
85057,Bayern,Bayern,8.855000000000004
85071,Bavaria,Bayern,8.855000000000004
85072,Bayern,Bayern,8.855000000000004
85077,Bayern,Bayern,8.855000000000004
85080,Bayern,Bayern,8.855000000000004
85084,Bayern,Bayern,8.855000000000004
85088,Bayern,Bayern,8.855000000000004
85092,Bayern,Bayern,8.855000000000004
85095,Bayern,Bayern,8.855000000000004
85098,Bayern,Bayern,8.855000000000004
85101,Bayern,Bayern,8.855000000000004
85104,Bayern,Bayern,8.855000000000004
85107,Bayern,Bayern,8.855000000000004
85110,Bayern,Bayern,8.855000000000004
85111,Bayern,Bayern,8.855000000000004
85113,Bayern,Bayern,8.855000000000004
85114,Bayern,Bayern,8.855000000000004
85116,Bayern,Bayern,8.855000000000004
85117,Bayern,Bayern,8.855000000000004
85119,Bayern,Bayern,8.855000000000004
85120,Bayern,Bayern,8.855000000000004
85122,Bayern,Bayern,8.855000000000004
85123,Bayern,Bayern,8.855000000000004
85125,Bayern,Bayern,8.855000000000004
85126,Bayern,Bayern,8.855000000000004
85128,Bayern,Bayern,8.855000000000004
85129,Bayern,Bayern,8.855000000000004
85131,Bayern,Bayern,8.855000000000004
85132,Bayern,Bayern,8.855000000000004
85134,Bayern,Bayern,8.855000000000004
85135,Bayern,Bayern,8.855000000000004
85137,Bayern,Bayern,8.855000000000004
85139,Bayern,Bayern,8.855000000000004
85217,Bavaria,Bayern,8.855000000000004
85219,Bavaria,Bayern,8.855000000000004
85221,Bayern,Bayern,8.855000000000004
85229,Bayern,Bayern,8.855000000000004
85232,Bayern,Bayern,8.855000000000004
85235,Bayern,Bayern,8.855000000000004
85238,Bayern,Bayern,8.855000000000004
85241,Bayern,Bayern,8.855000000000004
85244,Bayern,Bayern,8.855000000000004
85247,Bayern,Bayern,8.855000000000004
85250,Bayern,Bayern,8.855000000000004
85253,Bayern,Bayern,8.855000000000004
85254,Bayern,Bayern,8.855000000000004
85256,Bayern,Bayern,8.855000000000004
85258,Bayern,Bayern,8.855000000000004
85259,Bayern,Bayern,8.855000000000004
85273,Bavaria,Bayern,8.855000000000004
85276,Bayern,Bayern,8.855000000000004
85283,Bayern,Bayern,8.855000000000004
85290,Bayern,Bayern,8.855000000000004
85293,Bayern,Bayern,8.855000000000004
85296,Bayern,Bayern,8.855000000000004
85298,Bayern,Bayern,8.855000000000004
85301,Bayern,Bayern,8.855000000000004
85302,Bayern,Bayern,8.855000000000004
85304,Bayern,Bayern,8.855000000000004
85305,Bayern,Bayern,8.855000000000004
85307,Bayern,Bayern,8.855000000000004
85309,Bayern,Bayern,8.855000000000004
85322,Bavaria,Bayern,8.855000000000004
85350,Bavaria,Bayern,8.855000000000004
85354,Bayern,Bayern,8.855000000000004
85356,Bayern,Bayern,8.855000000000004
85359,Bavaria,Bayern,8.855000000000004
85366,Bavaria,Bayern,8.855000000000004
85368,Bayern,Bayern,8.855000000000004
85374,Bavaria,Bayern,8.855000000000004
85375,Bayern,Bayern,8.855000000000004
85376,Bayern,Bayern,8.855000000000004
85385,Bavaria,Bayern,8.855000000000004
85386,Bayern,Bayern,8.855000000000004
85391,Bayern,Bayern,8.855000000000004
85395,Bayern,Bayern,8.855000000000004
85399,Bayern,Bayern,8.855000000000004
85402,Bayern,Bayern,8.855000000000004
85405,Bayern,Bayern,8.855000000000004
85406,Bayern,Bayern,8.855000000000004
85408,Bayern,Bayern,8.855000000000004
85410,Bayern,Bayern,8.855000000000004
85411,Bayern,Bayern,8.855000000000004
85413,Bayern,Bayern,8.855000000000004
85414,Bayern,Bayern,8.855000000000004
85416,Bayern,Bayern,8.855000000000004
85417,Bayern,Bayern,8.855000000000004
85419,Bayern,Bayern,8.855000000000004
85435,Bayern,Bayern,8.855000000000004
85445,Bayern,Bayern,8.855000000000004
85447,Bayern,Bayern,8.855000000000004
85452,Bayern,Bayern,8.855000000000004
85456,Bayern,Bayern,8.855000000000004
85457,Bayern,Bayern,8.855000000000004
85459,Bayern,Bayern,8.855000000000004
85461,Bayern,Bayern,8.855000000000004
85462,Bayern,Bayern,8.855000000000004
85464,Bayern,Bayern,8.855000000000004
85465,Bayern,Bayern,8.855000000000004
85467,Bayern,Bayern,8.855000000000004
85469,Bayern,Bayern,8.855000000000004
85521,Bayern,Bayern,8.855000000000004
85540,Bayern,Bayern,8.855000000000004
85551,Bayern,Bayern,8.855000000000004
85560,Bayern,Bayern,8.855000000000004
85567,Bayern,Bayern,8.855000000000004
85570,Bayern,Bayern,8.855000000000004
85577,Bavaria,Bayern,8.855000000000004
85579,Bayern,Bayern,8.855000000000004
85586,Bayern,Bayern,8.855000000000004
85591,Bayern,Bayern,8.855000000000004
85598,Bayern,Bayern,8.855000000000004
85599,Bayern,Bayern,8.855000000000004
85604,Bayern,Bayern,8.855000000000004
85608,Bavaria,Bayern,8.855000000000004
85609,Bayern,Bayern,8.855000000000004
85614,Bayern,Bayern,8.855000000000004
85617,Bayern,Bayern,8.855000000000004
85622,Bayern,Bayern,8.855000000000004
85625,Bayern,Bayern,8.855000000000004
85630,Bayern,Bayern,8.855000000000004
85635,Bayern,Bayern,8.855000000000004
85639,Bavaria,Bayern,8.855000000000004
85640,Bayern,Bayern,8.855000000000004
85643,Bayern,Bayern,8.855000000000004
85646,Bayern,Bayern,8.855000000000004
85649,Bayern,Bayern,8.855000000000004
85652,Bayern,Bayern,8.855000000000004
85653,Bayern,Bayern,8.855000000000004
85655,Bayern,Bayern,8.855000000000004
85656,Bayern,Bayern,8.855000000000004
85658,Bayern,Bayern,8.855000000000004
85659,Bayern,Bayern,8.855000000000004
85661,Bayern,Bayern,8.855000000000004
85662,Bayern,Bayern,8.855000000000004
85664,Bayern,Bayern,8.855000000000004
85665,Bayern,Bayern,8.855000000000004
85667,Bayern,Bayern,8.855000000000004
85669,Bayern,Bayern,8.855000000000004
85711,Bavaria,Bayern,8.855000000000004
85716,Bayern,Bayern,8.855000000000004
85736,Bavaria,Bayern,8.855000000000004
85737,Bayern,Bayern,8.855000000000004
85746,Bavaria,Bayern,8.855000000000004
85747,Bavaria,Bayern,8.855000000000004
85748,Bayern,Bayern,8.855000000000004
85757,Bayern,Bayern,8.855000000000004
85761,Bavaria,Bayern,8.855000000000004
85762,Bavaria,Bayern,8.855000000000004
85764,Bayern,Bayern,8.855000000000004
85769,Bavaria,Bayern,8.855000000000004
85770,Bavaria,Bayern,8.855000000000004
85773,Bavaria,Bayern,8.855000000000004
85774,Bayern,Bayern,8.855000000000004
85777,Bayern,Bayern,8.855000000000004
85778,Bayern,Bayern,8.855000000000004
85821,Bavaria,Bayern,8.855000000000004
86121,Bavaria,Bayern,8.855000000000004
86130,Bavaria,Bayern,8.855000000000004
86131,Bavaria,Bayern,8.855000000000004
86132,Bavaria,Bayern,8.855000000000004
86133,Bavaria,Bayern,8.855000000000004
86134,Bavaria,Bayern,8.855000000000004
86135,Baden-Württemberg,Baden-Wuerttemberg,9.350000000000001
86136,Bavaria,Bayern,8.855000000000004
86140,Bavaria,Bayern,8.855000000000004
86141,Bavaria,Bayern,8.855000000000004
86142,Bavaria,Bayern,8.855000000000004
86143,Bavaria,Bayern,8.855000000000004
86144,Bavaria,Bayern,8.855000000000004
86145,Bavaria,Bayern,8.855000000000004
86147,Bavaria,Bayern,8.855000000000004
86150,Bayern,Bayern,8.855000000000004
86152,Bayern,Bayern,8.855000000000004
86153,Bayern,Bayern,8.855000000000004
86154,Bayern,Bayern,8.855000000000004
86156,Bayern,Bayern,8.855000000000004
86157,Bayern,Bayern,8.855000000000004
86159,Bayern,Bayern,8.855000000000004
86161,Bayern,Bayern,8.855000000000004
86163,Bayern,Bayern,8.855000000000004
86165,Bayern,Bayern,8.855000000000004
86167,Bayern,Bayern,8.855000000000004
86169,Bayern,Bayern,8.855000000000004
86177,Bavaria,Bayern,8.855000000000004
86179,Bayern,Bayern,8.855000000000004
86197,Bavaria,Bayern,8.855000000000004
86199,Bayern,Bayern,8.855000000000004
86216,Bavaria,Bayern,8.855000000000004
86218,Bavaria,Bayern,8.855000000000004
86219,Bavaria,Bayern,8.855000000000004
86220,Bavaria,Bayern,8.855000000000004
86221,Bavaria,Bayern,8.855000000000004
86222,Bavaria,Bayern,8.855000000000004
86223,Bavaria,Bayern,8.855000000000004
86225,Bavaria,Bayern,8.855000000000004
86226,Bavaria,Bayern,8.855000000000004
86313,Bavaria,Bayern,8.855000000000004
86316,Bayern,Bayern,8.855000000000004
86343,Bayern,Bayern,8.855000000000004
86356,Bayern,Bayern,8.855000000000004
86368,Bayern,Bayern,8.855000000000004
86379,Bavaria,Bayern,8.855000000000004
86381,Bayern,Bayern,8.855000000000004
86391,Bayern,Bayern,8.855000000000004
86397,Bavaria,Bayern,8.855000000000004
86399,Bayern,Bayern,8.855000000000004
86405,Bayern,Bayern,8.855000000000004
86415,Bayern,Bayern,8.855000000000004
86420,Bayern,Bayern,8.855000000000004
86424,Bayern,Bayern,8.855000000000004
86436,Bavaria,Bayern,8.855000000000004
86438,Bayern,Bayern,8.855000000000004
86441,Bayern,Bayern,8.855000000000004
86444,Bayern,Bayern,8.855000000000004
86447,Bayern,Bayern,8.855000000000004
86450,Bayern,Bayern,8.855000000000004
86453,Bayern,Bayern,8.855000000000004
86456,Bayern,Bayern,8.855000000000004
86459,Bayern,Bayern,8.855000000000004
86462,Bayern,Bayern,8.855000000000004
86465,Bayern,Bayern,8.855000000000004
86469,Bavaria,Bayern,8.855000000000004
86470,Bayern,Bayern,8.855000000000004
86473,Bayern,Bayern,8.855000000000004
86476,Bayern,Bayern,8.855000000000004
86477,Bayern,Bayern,8.855000000000004
86479,Bayern,Bayern,8.855000000000004
86480,Bayern,Bayern,8.855000000000004
86482,Bayern,Bayern,8.855000000000004
86483,Bayern,Bayern,8.855000000000004
86485,Bayern,Bayern,8.855000000000004
86486,Bayern,Bayern,8.855000000000004
86488,Bayern,Bayern,8.855000000000004
86489,Bayern,Bayern,8.855000000000004
86491,Bayern,Bayern,8.855000000000004
86492,Bayern,Bayern,8.855000000000004
86494,Bayern,Bayern,8.855000000000004
86495,Bayern,Bayern,8.855000000000004
86497,Bayern,Bayern,8.855000000000004
86498,Bayern,Bayern,8.855000000000004
86500,Bayern,Bayern,8.855000000000004
86502,Bayern,Bayern,8.855000000000004
86504,Bayern,Bayern,8.855000000000004
86505,Bayern,Bayern,8.855000000000004
86507,Bayern,Bayern,8.855000000000004
86508,Bayern,Bayern,8.855000000000004
86510,Bayern,Bayern,8.855000000000004
86511,Bayern,Bayern,8.855000000000004
86513,Bayern,Bayern,8.855000000000004
86514,Bayern,Bayern,8.855000000000004
86517,Bayern,Bayern,8.855000000000004
86519,Bayern,Bayern,8.855000000000004
86529,Bayern,Bayern,8.855000000000004
86551,Bayern,Bayern,8.855000000000004
86554,Bayern,Bayern,8.855000000000004
86556,Bayern,Bayern,8.855000000000004
86558,Bayern,Bayern,8.855000000000004
86559,Bayern,Bayern,8.855000000000004
86561,Bayern,Bayern,8.855000000000004
86562,Bayern,Bayern,8.855000000000004
86564,Bayern,Bayern,8.855000000000004
86565,Bayern,Bayern,8.855000000000004
86567,Bayern,Bayern,8.855000000000004
86568,Bayern,Bayern,8.855000000000004
86570,Bayern,Bayern,8.855000000000004
86571,Bayern,Bayern,8.855000000000004
86573,Bayern,Bayern,8.855000000000004
86574,Bayern,Bayern,8.855000000000004
86576,Bayern,Bayern,8.855000000000004
86577,Bayern,Bayern,8.855000000000004
86579,Bayern,Bayern,8.855000000000004
86606,Bavaria,Bayern,8.855000000000004
86607,Bavaria,Bayern,8.855000000000004
86609,Bayern,Bayern,8.855000000000004
86633,Bayern,Bayern,8.855000000000004
86637,Bayern,Bayern,8.855000000000004
86640,Bavaria,Bayern,8.855000000000004
86641,Bayern,Bayern,8.855000000000004
86643,Bayern,Bayern,8.855000000000004
86646,Bavaria,Bayern,8.855000000000004
86647,Bayern,Bayern,8.855000000000004
86650,Bayern,Bayern,8.855000000000004
86652,Bavaria,Bayern,8.855000000000004
86653,Bayern,Bayern,8.855000000000004
86655,Bayern,Bayern,8.855000000000004
86657,Bayern,Bayern,8.855000000000004
86660,Bayern,Bayern,8.855000000000004
86663,Bayern,Bayern,8.855000000000004
86666,Bayern,Bayern,8.855000000000004
86668,Bayern,Bayern,8.855000000000004
86669,Bayern,Bayern,8.855000000000004
86672,Bayern,Bayern,8.855000000000004
86673,Bayern,Bayern,8.855000000000004
86674,Bayern,Bayern,8.855000000000004
86675,Bayern,Bayern,8.855000000000004
86676,Bayern,Bayern,8.855000000000004
86678,Bayern,Bayern,8.855000000000004
86679,Bayern,Bayern,8.855000000000004
86681,Bayern,Bayern,8.855000000000004
86682,Bayern,Bayern,8.855000000000004
86684,Bayern,Bayern,8.855000000000004
86685,Bayern,Bayern,8.855000000000004
86687,Bayern,Bayern,8.855000000000004
86688,Bayern,Bayern,8.855000000000004
86690,Bayern,Bayern,8.855000000000004
86692,Bayern,Bayern,8.855000000000004
86694,Bayern,Bayern,8.855000000000004
86695,Bayern,Bayern,8.855000000000004
86697,Bayern,Bayern,8.855000000000004
86698,Bayern,Bayern,8.855000000000004
86700,Bayern,Bayern,8.855000000000004
86701,Bayern,Bayern,8.855000000000004
86703,Bayern,Bayern,8.855000000000004
86704,Bayern,Bayern,8.855000000000004
86706,Bayern,Bayern,8.855000000000004
86707,Bayern,Bayern,8.855000000000004
86709,Bayern,Bayern,8.855000000000004
86720,Bayern,Bayern,8.855000000000004
86732,Bayern,Bayern,8.855000000000004
86733,Bayern,Bayern,8.855000000000004
86735,Bayern,Bayern,8.855000000000004
86736,Bayern,Bayern,8.855000000000004
86738,Bayern,Bayern,8.855000000000004
86739,Bayern,Bayern,8.855000000000004
86741,Bayern,Bayern,8.855000000000004
86742,Bayern,Bayern,8.855000000000004
86744,Bayern,Bayern,8.855000000000004
86745,Bayern,Bayern,8.855000000000004
86747,Bayern,Bayern,8.855000000000004
86748,Bayern,Bayern,8.855000000000004
86750,Bayern,Bayern,8.855000000000004
86751,Bayern,Bayern,8.855000000000004
86753,Bayern,Bayern,8.855000000000004
86754,Bayern,Bayern,8.855000000000004
86756,Bayern,Bayern,8.855000000000004
86757,Bayern,Bayern,8.855000000000004
86759,Bayern,Bayern,8.855000000000004
86807,Bayern,Bayern,8.855000000000004
86825,Bayern,Bayern,8.855000000000004
86830,Bayern,Bayern,8.855000000000004
86833,Bayern,Bayern,8.855000000000004
86836,Bayern,Bayern,8.855000000000004
86842,Bayern,Bayern,8.855000000000004
86845,Bayern,Bayern,8.855000000000004
86850,Bayern,Bayern,8.855000000000004
86853,Bayern,Bayern,8.855000000000004
86854,Bayern,Bayern,8.855000000000004
86856,Bayern,Bayern,8.855000000000004
86857,Bayern,Bayern,8.855000000000004
86859,Bayern,Bayern,8.855000000000004
86860,Bayern,Bayern,8.855000000000004
86862,Bayern,Bayern,8.855000000000004
86863,Bayern,Bayern,8.855000000000004
86865,Bayern,Bayern,8.855000000000004
86866,Bayern,Bayern,8.855000000000004
86868,Bayern,Bayern,8.855000000000004
86869,Bayern,Bayern,8.855000000000004
86871,Bayern,Bayern,8.855000000000004
86872,Bayern,Bayern,8.855000000000004
86874,Bayern,Bayern,8.855000000000004
86875,Bayern,Bayern,8.855000000000004
86877,Bayern,Bayern,8.855000000000004
86879,Bayern,Bayern,8.855000000000004
86894,Bavaria,Bayern,8.855000000000004
86895,Bavaria,Bayern,8.855000000000004
86896,Bavaria,Bayern,8.855000000000004
86899,Bayern,Bayern,8.855000000000004
86911,Bayern,Bayern,8.855000000000004
86915,Bavaria,Bayern,8.855000000000004
86916,Bayern,Bayern,8.855000000000004
86919,Bayern,Bayern,8.855000000000004
86920,Bayern,Bayern,8.855000000000004
86922,Bayern,Bayern,8.855000000000004
86923,Bayern,Bayern,8.855000000000004
86925,Bayern,Bayern,8.855000000000004
86926,Bayern,Bayern,8.855000000000004
86928,Bayern,Bayern,8.855000000000004
86929,Bayern,Bayern,8.855000000000004
86931,Bayern,Bayern,8.855000000000004
86932,Bayern,Bayern,8.855000000000004
86934,Bayern,Bayern,8.855000000000004
86935,Bayern,Bayern,8.855000000000004
86937,Bayern,Bayern,8.855000000000004
86938,Bayern,Bayern,8.855000000000004
86940,Bayern,Bayern,8.855000000000004
86941,Bayern,Bayern,8.855000000000004
86943,Bayern,Bayern,8.855000000000004
86944,Bayern,Bayern,8.855000000000004
86946,Bayern,Bayern,8.855000000000004
86947,Bayern,Bayern,8.855000000000004
86949,Bayern,Bayern,8.855000000000004
86956,Bayern,Bayern,8.855000000000004
86971,Bayern,Bayern,8.855000000000004
86972,Bayern,Bayern,8.855000000000004
86974,Bayern,Bayern,8.855000000000004
86975,Bayern,Bayern,8.855000000000004
86977,Bayern,Bayern,8.855000000000004
86978,Bayern,Bayern,8.855000000000004
86980,Bayern,Bayern,8.855000000000004
86981,Bayern,Bayern,8.855000000000004
86983,Bayern,Bayern,8.855000000000004
86984,Bayern,Bayern,8.855000000000004
86986,Bayern,Bayern,8.855000000000004
86987,Bayern,Bayern,8.855000000000004
86989,Bayern,Bayern,8.855000000000004
87428,Bavaria,Bayern,8.855000000000004
87432,Bavaria,Bayern,8.855000000000004
87435,Bayern,Bayern,8.855000000000004
87437,Bayern,Bayern,8.855000000000004
87439,Bayern,Bayern,8.855000000000004
87443,Bavaria,Bayern,8.855000000000004
87448,Bayern,Bayern,8.855000000000004
87452,Bayern,Bayern,8.855000000000004
87459,Bayern,Bayern,8.855000000000004
87463,Bayern,Bayern,8.855000000000004
87466,Bayern,Bayern,8.855000000000004
87471,Bayern,Bayern,8.855000000000004
87474,Bayern,Bayern,8.855000000000004
87477,Bayern,Bayern,8.855000000000004
87480,Bayern,Bayern,8.855000000000004
87484,Bayern,Bayern,8.855000000000004
87487,Bayern,Bayern,8.855000000000004
87488,Bayern,Bayern,8.855000000000004
87490,Bayern,Bayern,8.855000000000004
87493,Bayern,Bayern,8.855000000000004
87494,Bayern,Bayern,8.855000000000004
87496,Bayern,Bayern,8.855000000000004
87497,Bayern,Bayern,8.855000000000004
87499,Bayern,Bayern,8.855000000000004
87509,Bayern,Bayern,8.855000000000004
87527,Bayern,Bayern,8.855000000000004
87534,Bayern,Bayern,8.855000000000004
87538,Bayern,Bayern,8.855000000000004
87541,Bayern,Bayern,8.855000000000004
87544,Bayern,Bayern,8.855000000000004
87545,Bayern,Bayern,8.855000000000004
87547,Bayern,Bayern,8.855000000000004
87549,Bayern,Bayern,8.855000000000004
87561,Bayern,Bayern,8.855000000000004
87600,Bayern,Bayern,8.855000000000004
87616,Bayern,Bayern,8.855000000000004
87629,Bayern,Bayern,8.855000000000004
87634,Bayern,Bayern,8.855000000000004
87637,Bayern,Bayern,8.855000000000004
87640,Bayern,Bayern,8.855000000000004
87642,Bayern,Bayern,8.855000000000004
87645,Bayern,Bayern,8.855000000000004
87647,Bayern,Bayern,8.855000000000004
87648,Bayern,Bayern,8.855000000000004
87650,Bayern,Bayern,8.855000000000004
87651,Bayern,Bayern,8.855000000000004
87653,Bayern,Bayern,8.855000000000004
87654,Bayern,Bayern,8.855000000000004
87656,Bayern,Bayern,8.855000000000004
87657,Bayern,Bayern,8.855000000000004
87659,Bayern,Bayern,8.855000000000004
87660,Bayern,Bayern,8.855000000000004
87662,Bayern,Bayern,8.855000000000004
87663,Bayern,Bayern,8.855000000000004
87665,Bayern,Bayern,8.855000000000004
87666,Bayern,Bayern,8.855000000000004
87668,Bayern,Bayern,8.855000000000004
87669,Bayern,Bayern,8.855000000000004
87671,Bayern,Bayern,8.855000000000004
87672,Bayern,Bayern,8.855000000000004
87674,Bayern,Bayern,8.855000000000004
87675,Bayern,Bayern,8.855000000000004
87677,Bayern,Bayern,8.855000000000004
87679,Bayern,Bayern,8.855000000000004
87697,Bavaria,Bayern,8.855000000000004
87700,Bayern,Bayern,8.855000000000004
87719,Bayern,Bayern,8.855000000000004
87724,Bayern,Bayern,8.855000000000004
87727,Bayern,Bayern,8.855000000000004
87730,Bayern,Bayern,8.855000000000004
87733,Bayern,Bayern,8.855000000000004
87734,Bayern,Bayern,8.855000000000004
87736,Bayern,Bayern,8.855000000000004
87737,Bayern,Bayern,8.855000000000004
87739,Bayern,Bayern,8.855000000000004
87740,Bayern,Bayern,8.855000000000004
87742,Bayern,Bayern,8.855000000000004
87743,Bayern,Bayern,8.855000000000004
87745,Bayern,Bayern,8.855000000000004
87746,Bayern,Bayern,8.855000000000004
87748,Bayern,Bayern,8.855000000000004
87749,Bayern,Bayern,8.855000000000004
87751,Bayern,Bayern,8.855000000000004
87752,Bayern,Bayern,8.855000000000004
87754,Bayern,Bayern,8.855000000000004
87755,Bayern,Bayern,8.855000000000004
87757,Bayern,Bayern,8.855000000000004
87758,Bayern,Bayern,8.855000000000004
87760,Bayern,Bayern,8.855000000000004
87761,Bayern,Bayern,8.855000000000004
87763,Bayern,Bayern,8.855000000000004
87764,Bayern,Bayern,8.855000000000004
87766,Bayern,Bayern,8.855000000000004
87767,Bayern,Bayern,8.855000000000004
87769,Bayern,Bayern,8.855000000000004
87770,Bayern,Bayern,8.855000000000004
87772,Bayern,Bayern,8.855000000000004
87773,Bayern,Bayern,8.855000000000004
87775,Bayern,Bayern,8.855000000000004
87776,Bayern,Bayern,8.855000000000004
87778,Bayern,Bayern,8.855000000000004
87779,Bayern,Bayern,8.855000000000004
87781,Bayern,Bayern,8.855000000000004
87782,Bayern,Bayern,8.855000000000004
87784,Bayern,Bayern,8.855000000000004
87785,Bayern,Bayern,8.855000000000004
87787,Bayern,Bayern,8.855000000000004
87789,Bayern,Bayern,8.855000000000004
88038,Baden-Württemberg,Baden-Wuerttemberg,9.350000000000001
88039,Baden-Württemberg,Baden-Wuerttemberg,9.350000000000001
88040,Baden-Württemberg,Baden-Wuerttemberg,9.350000000000001
88041,Baden-Württemberg,Baden-Wuerttemberg,9.350000000000001
88045,Baden-Württemberg,Baden-Wuerttemberg,9.350000000000001
88046,Baden-Württemberg,Baden-Wuerttemberg,9.350000000000001
88048,Baden-Württemberg,Baden-Wuerttemberg,9.350000000000001
88069,Baden-Württemberg,Baden-Wuerttemberg,9.350000000000001
88074,Baden-Württemberg,Baden-Wuerttemberg,9.350000000000001
88079,Baden-Württemberg,Baden-Wuerttemberg,9.350000000000001
88085,Baden-Württemberg,Baden-Wuerttemberg,9.350000000000001
88086,Baden-Württemberg,Baden-Wuerttemberg,9.350000000000001
88090,Baden-Württemberg,Baden-Wuerttemberg,9.350000000000001
88094,Baden-Württemberg,Baden-Wuerttemberg,9.350000000000001
88097,Baden-Württemberg,Baden-Wuerttemberg,9.350000000000001
88099,Baden-Württemberg,Baden-Wuerttemberg,9.350000000000001
88129,Bavaria,Bayern,8.855000000000004
88131,Bayern,Bayern,8.855000000000004
88138,Bayern,Bayern,8.855000000000004
88142,Bayern,Bayern,8.855000000000004
88145,Bayern,Bayern,8.855000000000004
88147,Baden-Württemberg,Baden-Wuerttemberg,9.350000000000001
88149,Bayern,Bayern,8.855000000000004
88161,Bayern,Bayern,8.855000000000004
88167,Bayern,Bayern,8.855000000000004
88171,Bayern,Bayern,8.855000000000004
88175,Bayern,Bayern,8.855000000000004
88178,Bayern,Bayern,8.855000000000004
88179,Bayern,Bayern,8.855000000000004
88209,Baden-Württemberg,Baden-Wuerttemberg,9.350000000000001
88212,Baden-Württemberg,Baden-Wuerttemberg,9.350000000000001
88213,Baden-Württemberg,Baden-Wuerttemberg,9.350000000000001
88214,Baden-Württemberg,Baden-Wuerttemberg,9.350000000000001
88225,Baden-Württemberg,Baden-Wuerttemberg,9.350000000000001
88226,Baden-Württemberg,Baden-Wuerttemberg,9.350000000000001
88237,Baden-Württemberg,Baden-Wuerttemberg,9.350000000000001
88239,Baden-Württemberg,Baden-Wuerttemberg,9.350000000000001
88248,Baden-Württemberg,Baden-Wuerttemberg,9.350000000000001
88250,Baden-Württemberg,Baden-Wuerttemberg,9.350000000000001
88255,Baden-Württemberg,Baden-Wuerttemberg,9.350000000000001
88260,Baden-Württemberg,Baden-Wuerttemberg,9.350000000000001
88263,Baden-Württemberg,Baden-Wuerttemberg,9.350000000000001
88267,Baden-Württemberg,Baden-Wuerttemberg,9.350000000000001
88271,Baden-Württemberg,Baden-Wuerttemberg,9.350000000000001
88273,Baden-Württemberg,Baden-Wuerttemberg,9.350000000000001
88276,Baden-Württemberg,Baden-Wuerttemberg,9.350000000000001
88279,Baden-Württemberg,Baden-Wuerttemberg,9.350000000000001
88281,Baden-Württemberg,Baden-Wuerttemberg,9.350000000000001
88284,Baden-Württemberg,Baden-Wuerttemberg,9.350000000000001
88285,Baden-Württemberg,Baden-Wuerttemberg,9.350000000000001
88287,Baden-Württemberg,Baden-Wuerttemberg,9.350000000000001
88289,Baden-Württemberg,Baden-Wuerttemberg,9.350000000000001
88297,Baden-Württemberg,Baden-Wuerttemberg,9.350000000000001
88299,Baden-Württemberg,Baden-Wuerttemberg,9.350000000000001
88315,Baden-Württemberg,Baden-Wuerttemberg,9.350000000000001
88316,Baden-Württemberg,Baden-Wuerttemberg,9.350000000000001
88317,Baden-Württemberg,Baden-Wuerttemberg,9.350000000000001
88319,Baden-Württemberg,Baden-Wuerttemberg,9.350000000000001
88326,Baden-Württemberg,Baden-Wuerttemberg,9.350000000000001
88336,Baden-Württemberg,Baden-Wuerttemberg,9.350000000000001
88339,Baden-Württemberg,Baden-Wuerttemberg,9.350000000000001
88348,Baden-Württemberg,Baden-Wuerttemberg,9.350000000000001
88353,Baden-Württemberg,Baden-Wuerttemberg,9.350000000000001
88356,Baden-Württemberg,Baden-Wuerttemberg,9.350000000000001
88361,Baden-Württemberg,Baden-Wuerttemberg,9.350000000000001
88364,Baden-Württemberg,Baden-Wuerttemberg,9.350000000000001
88367,Baden-Württemberg,Baden-Wuerttemberg,9.350000000000001
88368,Baden-Württemberg,Baden-Wuerttemberg,9.350000000000001
88370,Baden-Württemberg,Baden-Wuerttemberg,9.350000000000001
88371,Baden-Württemberg,Baden-Wuerttemberg,9.350000000000001
88373,Baden-Württemberg,Baden-Wuerttemberg,9.350000000000001
88374,Baden-Württemberg,Baden-Wuerttemberg,9.350000000000001
88376,Baden-Württemberg,Baden-Wuerttemberg,9.350000000000001
88377,Baden-Württemberg,Baden-Wuerttemberg,9.350000000000001
88379,Baden-Württemberg,Baden-Wuerttemberg,9.350000000000001
88396,Baden-Württemberg,Baden-Wuerttemberg,9.350000000000001
88397,Baden-Württemberg,Baden-Wuerttemberg,9.350000000000001
88400,Baden-Württemberg,Baden-Wuerttemberg,9.350000000000001
88410,Baden-Württemberg,Baden-Wuerttemberg,9.350000000000001
88416,Baden-Württemberg,Baden-Wuerttemberg,9.350000000000001
88422,Baden-Württemberg,Baden-Wuerttemberg,9.350000000000001
88427,Baden-Württemberg,Baden-Wuerttemberg,9.350000000000001
88430,Baden-Württemberg,Baden-Wuerttemberg,9.350000000000001
88433,Baden-Württemberg,Baden-Wuerttemberg,9.350000000000001
88436,Baden-Württemberg,Baden-Wuerttemberg,9.350000000000001
88437,Baden-Württemberg,Baden-Wuerttemberg,9.350000000000001
88441,Baden-Württemberg,Baden-Wuerttemberg,9.350000000000001
88444,Baden-Württemberg,Baden-Wuerttemberg,9.350000000000001
88447,Baden-Württemberg,Baden-Wuerttemberg,9.350000000000001
88448,Baden-Württemberg,Baden-Wuerttemberg,9.350000000000001
88450,Baden-Württemberg,Baden-Wuerttemberg,9.350000000000001
88451,Baden-Württemberg,Baden-Wuerttemberg,9.350000000000001
88453,Baden-Württemberg,Baden-Wuerttemberg,9.350000000000001
88454,Baden-Württemberg,Baden-Wuerttemberg,9.350000000000001
88456,Baden-Württemberg,Baden-Wuerttemberg,9.350000000000001
88457,Baden-Württemberg,Baden-Wuerttemberg,9.350000000000001
88459,Baden-Württemberg,Baden-Wuerttemberg,9.350000000000001
88471,Baden-Württemberg,Baden-Wuerttemberg,9.350000000000001
88477,Baden-Württemberg,Baden-Wuerttemberg,9.350000000000001
88480,Baden-Württemberg,Baden-Wuerttemberg,9.350000000000001
88481,Baden-Württemberg,Baden-Wuerttemberg,9.350000000000001
88483,Baden-Württemberg,Baden-Wuerttemberg,9.350000000000001
88484,Baden-Württemberg,Baden-Wuerttemberg,9.350000000000001
88486,Baden-Württemberg,Baden-Wuerttemberg,9.350000000000001
88487,Baden-Württemberg,Baden-Wuerttemberg,9.350000000000001
88489,Baden-Württemberg,Baden-Wuerttemberg,9.350000000000001
88498,Baden-Württemberg,Baden-Wuerttemberg,9.350000000000001
88499,Baden-Württemberg,Baden-Wuerttemberg,9.350000000000001
88512,Baden-Württemberg,Baden-Wuerttemberg,9.350000000000001
88515,Baden-Württemberg,Baden-Wuerttemberg,9.350000000000001
88518,Baden-Württemberg,Baden-Wuerttemberg,9.350000000000001
88521,Baden-Württemberg,Baden-Wuerttemberg,9.350000000000001
88524,Baden-Württemberg,Baden-Wuerttemberg,9.350000000000001
88525,Baden-Württemberg,Baden-Wuerttemberg,9.350000000000001
88527,Baden-Württemberg,Baden-Wuerttemberg,9.350000000000001
88529,Baden-Württemberg,Baden-Wuerttemberg,9.350000000000001
88605,Baden-Württemberg,Baden-Wuerttemberg,9.350000000000001
88629,Baden-Württemberg,Baden-Wuerttemberg,9.350000000000001
88630,Baden-Württemberg,Baden-Wuerttemberg,9.350000000000001
88631,Baden-Württemberg,Baden-Wuerttemberg,9.350000000000001
88633,Baden-Württemberg,Baden-Wuerttemberg,9.350000000000001
88634,Baden-Württemberg,Baden-Wuerttemberg,9.350000000000001
88636,Baden-Württemberg,Baden-Wuerttemberg,9.350000000000001
88637,Baden-Württemberg,Baden-Wuerttemberg,9.350000000000001
88639,Baden-Württemberg,Baden-Wuerttemberg,9.350000000000001
88660,Baden-Württemberg,Baden-Wuerttemberg,9.350000000000001
88662,Baden-Württemberg,Baden-Wuerttemberg,9.350000000000001
88677,Baden-Württemberg,Baden-Wuerttemberg,9.350000000000001
88682,Baden-Württemberg,Baden-Wuerttemberg,9.350000000000001
88690,Baden-Württemberg,Baden-Wuerttemberg,9.350000000000001
88693,Baden-Württemberg,Baden-Wuerttemberg,9.350000000000001
88696,Baden-Württemberg,Baden-Wuerttemberg,9.350000000000001
88697,Baden-Württemberg,Baden-Wuerttemberg,9.350000000000001
88699,Baden-Württemberg,Baden-Wuerttemberg,9.350000000000001
88709,Baden-Württemberg,Baden-Wuerttemberg,9.350000000000001
88718,Baden-Württemberg,Baden-Wuerttemberg,9.350000000000001
88719,Baden-Württemberg,Baden-Wuerttemberg,9.350000000000001
89040,Baden-Württemberg,Baden-Wuerttemberg,9.350000000000001
89065,Baden-Württemberg,Baden-Wuerttemberg,9.350000000000001
89068,Baden-Württemberg,Baden-Wuerttemberg,9.350000000000001
89069,Baden-Württemberg,Baden-Wuerttemberg,9.350000000000001
89070,Baden-Württemberg,Baden-Wuerttemberg,9.350000000000001
89073,Baden-Württemberg,Baden-Wuerttemberg,9.350000000000001
89075,Baden-Württemberg,Baden-Wuerttemberg,9.350000000000001
89077,Baden-Württemberg,Baden-Wuerttemberg,9.350000000000001
89079,Baden-Württemberg,Baden-Wuerttemberg,9.350000000000001
89081,Baden-Württemberg,Baden-Wuerttemberg,9.350000000000001
89090,Bavaria,Bayern,8.855000000000004
89129,Baden-Württemberg,Baden-Wuerttemberg,9.350000000000001
89134,Baden-Württemberg,Baden-Wuerttemberg,9.350000000000001
89143,Baden-Württemberg,Baden-Wuerttemberg,9.350000000000001
89150,Baden-Württemberg,Baden-Wuerttemberg,9.350000000000001
89155,Baden-Württemberg,Baden-Wuerttemberg,9.350000000000001
89160,Baden-Württemberg,Baden-Wuerttemberg,9.350000000000001
89165,Baden-Württemberg,Baden-Wuerttemberg,9.350000000000001
89168,Baden-Württemberg,Baden-Wuerttemberg,9.350000000000001
89171,Baden-Württemberg,Baden-Wuerttemberg,9.350000000000001
89173,Baden-Württemberg,Baden-Wuerttemberg,9.350000000000001
89174,Baden-Württemberg,Baden-Wuerttemberg,9.350000000000001
89176,Baden-Württemberg,Baden-Wuerttemberg,9.350000000000001
89177,Baden-Württemberg,Baden-Wuerttemberg,9.350000000000001
89179,Baden-Württemberg,Baden-Wuerttemberg,9.350000000000001
89180,Baden-Württemberg,Baden-Wuerttemberg,9.350000000000001
89182,Baden-Württemberg,Baden-Wuerttemberg,9.350000000000001
89183,Baden-Württemberg,Baden-Wuerttemberg,9.350000000000001
89185,Baden-Württemberg,Baden-Wuerttemberg,9.350000000000001
89186,Baden-Württemberg,Baden-Wuerttemberg,9.350000000000001
89188,Baden-Württemberg,Baden-Wuerttemberg,9.350000000000001
89189,Baden-Württemberg,Baden-Wuerttemberg,9.350000000000001
89191,Baden-Württemberg,Baden-Wuerttemberg,9.350000000000001
89192,Baden-Württemberg,Baden-Wuerttemberg,9.350000000000001
89194,Baden-Württemberg,Baden-Wuerttemberg,9.350000000000001
89195,Baden-Württemberg,Baden-Wuerttemberg,9.350000000000001
89197,Baden-Württemberg,Baden-Wuerttemberg,9.350000000000001
89198,Baden-Württemberg,Baden-Wuerttemberg,9.350000000000001
89229,Bavaria,Bayern,8.855000000000004
89231,Bayern,Bayern,8.855000000000004
89233,Bayern,Bayern,8.855000000000004
89250,Bayern,Bayern,8.855000000000004
89257,Bayern,Bayern,8.855000000000004
89264,Bayern,Bayern,8.855000000000004
89269,Bayern,Bayern,8.855000000000004
89275,Bayern,Bayern,8.855000000000004
89278,Bayern,Bayern,8.855000000000004
89281,Bayern,Bayern,8.855000000000004
89284,Bayern,Bayern,8.855000000000004
89287,Bayern,Bayern,8.855000000000004
89290,Bayern,Bayern,8.855000000000004
89291,Bayern,Bayern,8.855000000000004
89293,Bayern,Bayern,8.855000000000004
89294,Bayern,Bayern,8.855000000000004
89296,Bayern,Bayern,8.855000000000004
89297,Bayern,Bayern,8.855000000000004
89299,Bayern,Bayern,8.855000000000004
89312,Bayern,Bayern,8.855000000000004
89331,Bayern,Bayern,8.855000000000004
89335,Bayern,Bayern,8.855000000000004
89340,Bayern,Bayern,8.855000000000004
89343,Bayern,Bayern,8.855000000000004
89344,Bayern,Bayern,8.855000000000004
89346,Bayern,Bayern,8.855000000000004
89347,Bayern,Bayern,8.855000000000004
89349,Bayern,Bayern,8.855000000000004
89350,Bayern,Bayern,8.855000000000004
89352,Bayern,Bayern,8.855000000000004
89353,Bayern,Bayern,8.855000000000004
89355,Bayern,Bayern,8.855000000000004
89356,Bayern,Bayern,8.855000000000004
89358,Bayern,Bayern,8.855000000000004
89359,Bayern,Bayern,8.855000000000004
89361,Bayern,Bayern,8.855000000000004
89362,Bayern,Bayern,8.855000000000004
89364,Bayern,Bayern,8.855000000000004
89365,Bayern,Bayern,8.855000000000004
89367,Bayern,Bayern,8.855000000000004
89368,Bayern,Bayern,8.855000000000004
89407,Bayern,Bayern,8.855000000000004
89415,Bayern,Bayern,8.855000000000004
89420,Bayern,Bayern,8.855000000000004
89423,Bayern,Bayern,8.855000000000004
89426,Bayern,Bayern,8.855000000000004
89428,Bayern,Bayern,8.855000000000004
89429,Bayern,Bayern,8.855000000000004
89431,Bayern,Bayern,8.855000000000004
89432,Bayern,Bayern,8.855000000000004
89434,Bayern,Bayern,8.855000000000004
89435,Bayern,Bayern,8.855000000000004
89437,Bayern,Bayern,8.855000000000004
89438,Bayern,Bayern,8.855000000000004
89440,Bayern,Bayern,8.855000000000004
89441,Bayern,Bayern,8.855000000000004
89443,Bayern,Bayern,8.855000000000004
89444,Bayern,Bayern,8.855000000000004
89446,Bayern,Bayern,8.855000000000004
89447,Bayern,Bayern,8.855000000000004
89449,Bayern,Bayern,8.855000000000004
89516,Baden-Württemberg,Baden-Wuerttemberg,9.350000000000001
89517,Baden-Württemberg,Baden-Wuerttemberg,9.350000000000001
89518,Baden-Württemberg,Baden-Wuerttemberg,9.350000000000001
89520,Baden-Württemberg,Baden-Wuerttemberg,9.350000000000001
89522,Baden-Württemberg,Baden-Wuerttemberg,9.350000000000001
89537,Baden-Württemberg,Baden-Wuerttemberg,9.350000000000001
89542,Baden-Württemberg,Baden-Wuerttemberg,9.350000000000001
89547,Baden-Württemberg,Baden-Wuerttemberg,9.350000000000001
89551,Baden-Württemberg,Baden-Wuerttemberg,9.350000000000001
89555,Baden-Württemberg,Baden-Wuerttemberg,9.350000000000001
89558,Baden-Württemberg,Baden-Wuerttemberg,9.350000000000001
89561,Baden-Württemberg,Baden-Wuerttemberg,9.350000000000001
89564,Baden-Württemberg,Baden-Wuerttemberg,9.350000000000001
89567,Baden-Württemberg,Baden-Wuerttemberg,9.350000000000001
89568,Baden-Württemberg,Baden-Wuerttemberg,9.350000000000001
89582,Baden-Württemberg,Baden-Wuerttemberg,9.350000000000001
89584,Baden-Württemberg,Baden-Wuerttemberg,9.350000000000001
89597,Baden-Württemberg,Baden-Wuerttemberg,9.350000000000001
89601,Baden-Württemberg,Baden-Wuerttemberg,9.350000000000001
89604,Baden-Württemberg,Baden-Wuerttemberg,9.350000000000001
89605,Baden-Württemberg,Baden-Wuerttemberg,9.350000000000001
89607,Baden-Württemberg,Baden-Wuerttemberg,9.350000000000001
89608,Baden-Württemberg,Baden-Wuerttemberg,9.350000000000001
89610,Baden-Württemberg,Baden-Wuerttemberg,9.350000000000001
89611,Baden-Württemberg,Baden-Wuerttemberg,9.350000000000001
89613,Baden-Württemberg,Baden-Wuerttemberg,9.350000000000001
89614,Baden-Württemberg,Baden-Wuerttemberg,9.350000000000001
89616,Baden-Württemberg,Baden-Wuerttemberg,9.350000000000001
89617,Baden-Württemberg,Baden-Wuerttemberg,9.350000000000001
89619,Baden-Württemberg,Baden-Wuerttemberg,9.350000000000001
90051,Bavaria,Bayern,8.855000000000004
90290,Bavaria,Bayern,8.855000000000004
90291,Bavaria,Bayern,8.855000000000004
90292,Bavaria,Bayern,8.855000000000004
90293,Bavaria,Bayern,8.855000000000004
90300,Bavaria,Bayern,8.855000000000004
90310,Bavaria,Bayern,8.855000000000004
90311,Bavaria,Bayern,8.855000000000004
90312,Bavaria,Bayern,8.855000000000004
90313,Bavaria,Bayern,8.855000000000004
90316,Bavaria,Bayern,8.855000000000004
90317,Bavaria,Bayern,8.855000000000004
90318,Bavaria,Bayern,8.855000000000004
90319,Bavaria,Bayern,8.855000000000004
90321,Bavaria,Bayern,8.855000000000004
90324,Bavaria,Bayern,8.855000000000004
90325,Bavaria,Bayern,8.855000000000004
90327,Bavaria,Bayern,8.855000000000004
90328,Bavaria,Bayern,8.855000000000004
90329,Bavaria,Bayern,8.855000000000004
90330,Bavaria,Bayern,8.855000000000004
90331,Bavaria,Bayern,8.855000000000004
90332,Bavaria,Bayern,8.855000000000004
90334,Bavaria,Bayern,8.855000000000004
90335,Bavaria,Bayern,8.855000000000004
90336,Bavaria,Bayern,8.855000000000004
90337,Bavaria,Bayern,8.855000000000004
90338,Bavaria,Bayern,8.855000000000004
90339,Bavaria,Bayern,8.855000000000004
90340,Bavaria,Bayern,8.855000000000004
90341,Bavaria,Bayern,8.855000000000004
90344,Bavaria,Bayern,8.855000000000004
90345,Bavaria,Bayern,8.855000000000004
90346,Bavaria,Bayern,8.855000000000004
90347,Bavaria,Bayern,8.855000000000004
90351,Bavaria,Bayern,8.855000000000004
90352,Bavaria,Bayern,8.855000000000004
90353,Bavaria,Bayern,8.855000000000004
90356,Bavaria,Bayern,8.855000000000004
90357,Bavaria,Bayern,8.855000000000004
90359,Bavaria,Bayern,8.855000000000004
90360,Bavaria,Bayern,8.855000000000004
90402,Bayern,Bayern,8.855000000000004
90403,Bayern,Bayern,8.855000000000004
90408,Bayern,Bayern,8.855000000000004
90409,Bayern,Bayern,8.855000000000004
90411,Bayern,Bayern,8.855000000000004
90419,Bayern,Bayern,8.855000000000004
90425,Bayern,Bayern,8.855000000000004
90427,Bayern,Bayern,8.855000000000004
90429,Bayern,Bayern,8.855000000000004
90431,Bayern,Bayern,8.855000000000004
90439,Bayern,Bayern,8.855000000000004
90441,Bayern,Bayern,8.855000000000004
90443,Bayern,Bayern,8.855000000000004
90449,Bayern,Bayern,8.855000000000004
90451,Bayern,Bayern,8.855000000000004
90453,Bayern,Bayern,8.855000000000004
90455,Bayern,Bayern,8.855000000000004
90457,Bayern,Bayern,8.855000000000004
90459,Bayern,Bayern,8.855000000000004
90461,Bayern,Bayern,8.855000000000004
90469,Bayern,Bayern,8.855000000000004
90471,Bayern,Bayern,8.855000000000004
90473,Bayern,Bayern,8.855000000000004
90475,Bayern,Bayern,8.855000000000004
90478,Bayern,Bayern,8.855000000000004
90480,Bayern,Bayern,8.855000000000004
90482,Bayern,Bayern,8.855000000000004
90489,Bayern,Bayern,8.855000000000004
90491,Bayern,Bayern,8.855000000000004
90499,Bavaria,Bayern,8.855000000000004
90511,Bavaria,Bayern,8.855000000000004
90513,Bayern,Bayern,8.855000000000004
90518,Bayern,Bayern,8.855000000000004
90522,Bayern,Bayern,8.855000000000004
90530,Bayern,Bayern,8.855000000000004
90537,Bayern,Bayern,8.855000000000004
90542,Bayern,Bayern,8.855000000000004
90546,Bavaria,Bayern,8.855000000000004
90547,Bayern,Bayern,8.855000000000004
90552,Bayern,Bayern,8.855000000000004
90556,Bayern,Bayern,8.855000000000004
90559,Bayern,Bayern,8.855000000000004
90562,Bayern,Bayern,8.855000000000004
90571,Bayern,Bayern,8.855000000000004
90574,Bayern,Bayern,8.855000000000004
90579,Bayern,Bayern,8.855000000000004
90584,Bayern,Bayern,8.855000000000004
90587,Bayern,Bayern,8.855000000000004
90592,Bayern,Bayern,8.855000000000004
90596,Bayern,Bayern,8.855000000000004
90599,Bayern,Bayern,8.855000000000004
90602,Bayern,Bayern,8.855000000000004
90607,Bayern,Bayern,8.855000000000004
90610,Bayern,Bayern,8.855000000000004
90613,Bayern,Bayern,8.855000000000004
90614,Bayern,Bayern,8.855000000000004
90616,Bayern,Bayern,8.855000000000004
90617,Bayern,Bayern,8.855000000000004
90619,Bayern,Bayern,8.855000000000004
90725,Bavaria,Bayern,8.855000000000004
90742,Bavaria,Bayern,8.855000000000004
90744,Baden-Württemberg,Baden-Wuerttemberg,9.350000000000001
90752,Bavaria,Bayern,8.855000000000004
90754,Bavaria,Bayern,8.855000000000004
90762,Bayern,Bayern,8.855000000000004
90763,Bayern,Bayern,8.855000000000004
90765,Bayern,Bayern,8.855000000000004
90766,Bayern,Bayern,8.855000000000004
90768,Bayern,Bayern,8.855000000000004
91048,Bavaria,Bayern,8.855000000000004
91050,Bavaria,Bayern,8.855000000000004
91051,Bavaria,Bayern,8.855000000000004
91052,Bayern,Bayern,8.855000000000004
91054,Bayern,Bayern,8.855000000000004
91056,Bayern,Bayern,8.855000000000004
91058,Bayern,Bayern,8.855000000000004
91060,Bavaria,Bayern,8.855000000000004
91072,Bavaria,Bayern,8.855000000000004
91074,Bayern,Bayern,8.855000000000004
91077,Bayern,Bayern,8.855000000000004
91080,Bayern,Bayern,8.855000000000004
91083,Bayern,Bayern,8.855000000000004
91085,Bayern,Bayern,8.855000000000004
91086,Bayern,Bayern,8.855000000000004
91088,Bayern,Bayern,8.855000000000004
91090,Bayern,Bayern,8.855000000000004
91091,Bayern,Bayern,8.855000000000004
91093,Bayern,Bayern,8.855000000000004
91094,Bayern,Bayern,8.855000000000004
91096,Bayern,Bayern,8.855000000000004
91097,Bayern,Bayern,8.855000000000004
91099,Bayern,Bayern,8.855000000000004
91124,Bavaria,Bayern,8.855000000000004
91125,Bavaria,Bayern,8.855000000000004
91126,Bayern,Bayern,8.855000000000004
91152,Bavaria,Bayern,8.855000000000004
91154,Bayern,Bayern,8.855000000000004
91161,Bayern,Bayern,8.855000000000004
91166,Bayern,Bayern,8.855000000000004
91171,Bayern,Bayern,8.855000000000004
91174,Bayern,Bayern,8.855000000000004
91177,Bayern,Bayern,8.855000000000004
91180,Bayern,Bayern,8.855000000000004
91183,Bayern,Bayern,8.855000000000004
91186,Bayern,Bayern,8.855000000000004
91187,Bayern,Bayern,8.855000000000004
91189,Bayern,Bayern,8.855000000000004
91205,Bavaria,Bayern,8.855000000000004
91207,Bayern,Bayern,8.855000000000004
91217,Bayern,Bayern,8.855000000000004
91220,Bayern,Bayern,8.855000000000004
91224,Bayern,Bayern,8.855000000000004
91227,Bayern,Bayern,8.855000000000004
91230,Bayern,Bayern,8.855000000000004
91233,Bayern,Bayern,8.855000000000004
91235,Bayern,Bayern,8.855000000000004
91236,Bayern,Bayern,8.855000000000004
91238,Bayern,Bayern,8.855000000000004
91239,Bayern,Bayern,8.855000000000004
91241,Bayern,Bayern,8.855000000000004
91242,Bayern,Bayern,8.855000000000004
91244,Bayern,Bayern,8.855000000000004
91245,Bayern,Bayern,8.855000000000004
91247,Bayern,Bayern,8.855000000000004
91249,Bayern,Bayern,8.855000000000004
91257,Bayern,Bayern,8.855000000000004
91275,Bayern,Bayern,8.855000000000004
91278,Bayern,Bayern,8.855000000000004
91281,Bayern,Bayern,8.855000000000004
91282,Bayern,Bayern,8.855000000000004
91284,Bayern,Bayern,8.855000000000004
91286,Bayern,Bayern,8.855000000000004
91287,Bayern,Bayern,8.855000000000004
91289,Bayern,Bayern,8.855000000000004
91299,Bavaria,Bayern,8.855000000000004
91301,Bayern,Bayern,8.855000000000004
91315,Bayern,Bayern,8.855000000000004
91320,Bayern,Bayern,8.855000000000004
91322,Bayern,Bayern,8.855000000000004
91325,Bayern,Bayern,8.855000000000004
91327,Bayern,Bayern,8.855000000000004
91330,Bayern,Bayern,8.855000000000004
91332,Bayern,Bayern,8.855000000000004
91334,Bayern,Bayern,8.855000000000004
91336,Bayern,Bayern,8.855000000000004
91338,Bayern,Bayern,8.855000000000004
91341,Bayern,Bayern,8.855000000000004
91344,Bayern,Bayern,8.855000000000004
91346,Bayern,Bayern,8.855000000000004
91347,Bayern,Bayern,8.855000000000004
91349,Bayern,Bayern,8.855000000000004
91350,Bayern,Bayern,8.855000000000004
91352,Bayern,Bayern,8.855000000000004
91353,Bayern,Bayern,8.855000000000004
91355,Bayern,Bayern,8.855000000000004
91356,Bayern,Bayern,8.855000000000004
91358,Bayern,Bayern,8.855000000000004
91359,Bayern,Bayern,8.855000000000004
91361,Bayern,Bayern,8.855000000000004
91362,Bayern,Bayern,8.855000000000004
91364,Bayern,Bayern,8.855000000000004
91365,Bayern,Bayern,8.855000000000004
91367,Bayern,Bayern,8.855000000000004
91369,Bayern,Bayern,8.855000000000004
91413,Bayern,Bayern,8.855000000000004
91438,Bayern,Bayern,8.855000000000004
91443,Bayern,Bayern,8.855000000000004
91448,Bayern,Bayern,8.855000000000004
91452,Bayern,Bayern,8.855000000000004
91456,Bayern,Bayern,8.855000000000004
91459,Bayern,Bayern,8.855000000000004
91460,Bayern,Bayern,8.855000000000004
91462,Bayern,Bayern,8.855000000000004
91463,Bayern,Bayern,8.855000000000004
91465,Bayern,Bayern,8.855000000000004
91466,Bayern,Bayern,8.855000000000004
91468,Bayern,Bayern,8.855000000000004
91469,Bayern,Bayern,8.855000000000004
91471,Bayern,Bayern,8.855000000000004
91472,Bayern,Bayern,8.855000000000004
91474,Bayern,Bayern,8.855000000000004
91475,Bayern,Bayern,8.855000000000004
91477,Bayern,Bayern,8.855000000000004
91478,Bayern,Bayern,8.855000000000004
91480,Bayern,Bayern,8.855000000000004
91481,Bayern,Bayern,8.855000000000004
91483,Bayern,Bayern,8.855000000000004
91484,Bayern,Bayern,8.855000000000004
91486,Bayern,Bayern,8.855000000000004
91487,Bayern,Bayern,8.855000000000004
91489,Bayern,Bayern,8.855000000000004
91511,Bavaria,Bayern,8.855000000000004
91520,Bavaria,Bayern,8.855000000000004
91522,Bayern,Bayern,8.855000000000004
91541,Bayern,Bayern,8.855000000000004
91550,Bayern,Bayern,8.855000000000004
91555,Bayern,Bayern,8.855000000000004
91560,Bayern,Bayern,8.855000000000004
91564,Bayern,Bayern,8.855000000000004
91567,Bayern,Bayern,8.855000000000004
91572,Bayern,Bayern,8.855000000000004
91575,Bayern,Bayern,8.855000000000004
91578,Bayern,Bayern,8.855000000000004
91580,Bayern,Bayern,8.855000000000004
91583,Bayern,Bayern,8.855000000000004
91586,Bayern,Bayern,8.855000000000004
91587,Bayern,Bayern,8.855000000000004
91589,Bayern,Bayern,8.855000000000004
91590,Bayern,Bayern,8.855000000000004
91592,Bayern,Bayern,8.855000000000004
91593,Bayern,Bayern,8.855000000000004
91595,Bayern,Bayern,8.855000000000004
91596,Bayern,Bayern,8.855000000000004
91598,Bayern,Bayern,8.855000000000004
91599,Bayern,Bayern,8.855000000000004
91601,Bayern,Bayern,8.855000000000004
91602,Bayern,Bayern,8.855000000000004
91604,Bayern,Bayern,8.855000000000004
91605,Bayern,Bayern,8.855000000000004
91607,Bayern,Bayern,8.855000000000004
91608,Bayern,Bayern,8.855000000000004
91610,Bayern,Bayern,8.855000000000004
91611,Bayern,Bayern,8.855000000000004
91613,Bayern,Bayern,8.855000000000004
91614,Bayern,Bayern,8.855000000000004
91616,Bayern,Bayern,8.855000000000004
91617,Bayern,Bayern,8.855000000000004
91619,Bayern,Bayern,8.855000000000004
91620,Bayern,Bayern,8.855000000000004
91622,Bayern,Bayern,8.855000000000004
91623,Bayern,Bayern,8.855000000000004
91625,Bayern,Bayern,8.855000000000004
91626,Bayern,Bayern,8.855000000000004
91628,Bayern,Bayern,8.855000000000004
91629,Bayern,Bayern,8.855000000000004
91631,Bayern,Bayern,8.855000000000004
91632,Bayern,Bayern,8.855000000000004
91634,Bayern,Bayern,8.855000000000004
91635,Bayern,Bayern,8.855000000000004
91637,Bayern,Bayern,8.855000000000004
91639,Bayern,Bayern,8.855000000000004
91709,Bavaria,Bayern,8.855000000000004
91710,Bayern,Bayern,8.855000000000004
91717,Bayern,Bayern,8.855000000000004
91719,Bayern,Bayern,8.855000000000004
91720,Bayern,Bayern,8.855000000000004
91722,Bayern,Bayern,8.855000000000004
91723,Bayern,Bayern,8.855000000000004
91725,Bayern,Bayern,8.855000000000004
91726,Bayern,Bayern,8.855000000000004
91728,Bayern,Bayern,8.855000000000004
91729,Bayern,Bayern,8.855000000000004
91731,Bayern,Bayern,8.855000000000004
91732,Bayern,Bayern,8.855000000000004
91734,Bayern,Bayern,8.855000000000004
91735,Bayern,Bayern,8.855000000000004
91737,Bayern,Bayern,8.855000000000004
91738,Bayern,Bayern,8.855000000000004
91740,Bayern,Bayern,8.855000000000004
91741,Bayern,Bayern,8.855000000000004
91743,Bayern,Bayern,8.855000000000004
91744,Bayern,Bayern,8.855000000000004
91746,Bayern,Bayern,8.855000000000004
91747,Bayern,Bayern,8.855000000000004
91749,Bayern,Bayern,8.855000000000004
91757,Bayern,Bayern,8.855000000000004
91780,Bavaria,Bayern,8.855000000000004
91781,Bayern,Bayern,8.855000000000004
91785,Bayern,Bayern,8.855000000000004
91788,Bayern,Bayern,8.855000000000004
91790,Bayern,Bayern,8.855000000000004
91792,Bayern,Bayern,8.855000000000004
91793,Bayern,Bayern,8.855000000000004
91795,Bayern,Bayern,8.855000000000004
91796,Bayern,Bayern,8.855000000000004
91798,Bayern,Bayern,8.855000000000004
91799,Bayern,Bayern,8.855000000000004
91801,Bayern,Bayern,8.855000000000004
91802,Bayern,Bayern,8.855000000000004
91804,Bayern,Bayern,8.855000000000004
91805,Bayern,Bayern,8.855000000000004
91807,Bayern,Bayern,8.855000000000004
91809,Bayern,Bayern,8.855000000000004
92219,Bavaria,Bayern,8.855000000000004
92224,Bayern,Bayern,8.855000000000004
92226,Bavaria,Bayern,8.855000000000004
92227,Bavaria,Bayern,8.855000000000004
92237,Bayern,Bayern,8.855000000000004
92240,Bavaria,Bayern,8.855000000000004
92241,Bavaria,Bayern,8.855000000000004
92242,Bayern,Bayern,8.855000000000004
92245,Bayern,Bayern,8.855000000000004
92249,Bayern,Bayern,8.855000000000004
92253,Bayern,Bayern,8.855000000000004
92256,Bayern,Bayern,8.855000000000004
92259,Bayern,Bayern,8.855000000000004
92260,Bayern,Bayern,8.855000000000004
92262,Bayern,Bayern,8.855000000000004
92263,Bayern,Bayern,8.855000000000004
92265,Bayern,Bayern,8.855000000000004
92266,Bayern,Bayern,8.855000000000004
92268,Bayern,Bayern,8.855000000000004
92269,Bayern,Bayern,8.855000000000004
92271,Bayern,Bayern,8.855000000000004
92272,Bayern,Bayern,8.855000000000004
92274,Bayern,Bayern,8.855000000000004
92275,Bayern,Bayern,8.855000000000004
92277,Bayern,Bayern,8.855000000000004
92278,Bayern,Bayern,8.855000000000004
92280,Bayern,Bayern,8.855000000000004
92281,Bayern,Bayern,8.855000000000004
92283,Bayern,Bayern,8.855000000000004
92284,Bayern,Bayern,8.855000000000004
92286,Bayern,Bayern,8.855000000000004
92287,Bayern,Bayern,8.855000000000004
92289,Bayern,Bayern,8.855000000000004
92318,Bayern,Bayern,8.855000000000004
92331,Bayern,Bayern,8.855000000000004
92334,Bayern,Bayern,8.855000000000004
92339,Bayern,Bayern,8.855000000000004
92342,Bayern,Bayern,8.855000000000004
92345,Bayern,Bayern,8.855000000000004
92348,Bayern,Bayern,8.855000000000004
92353,Bayern,Bayern,8.855000000000004
92355,Bayern,Bayern,8.855000000000004
92358,Bayern,Bayern,8.855000000000004
92360,Bayern,Bayern,8.855000000000004
92361,Bayern,Bayern,8.855000000000004
92363,Bayern,Bayern,8.855000000000004
92364,Bayern,Bayern,8.855000000000004
92366,Bayern,Bayern,8.855000000000004
92367,Bayern,Bayern,8.855000000000004
92369,Bayern,Bayern,8.855000000000004
92400,Bavaria,Bayern,8.855000000000004
92419,Bavaria,Bayern,8.855000000000004
92421,Bayern,Bayern,8.855000000000004
92422,Bavaria,Bayern,8.855000000000004
92431,Bayern,Bayern,8.855000000000004
92436,Bayern,Bayern,8.855000000000004
92439,Bayern,Bayern,8.855000000000004
92442,Bayern,Bayern,8.855000000000004
92444,Bayern,Bayern,8.855000000000004
92445,Bayern,Bayern,8.855000000000004
92447,Bayern,Bayern,8.855000000000004
92449,Bayern,Bayern,8.855000000000004
92507,Bayern,Bayern,8.855000000000004
92519,Bavaria,Bayern,8.855000000000004
92521,Bayern,Bayern,8.855000000000004
92526,Bayern,Bayern,8.855000000000004
92530,Bavaria,Bayern,8.855000000000004
92533,Bayern,Bayern,8.855000000000004
92536,Bayern,Bayern,8.855000000000004
92539,Bayern,Bayern,8.855000000000004
92540,Bayern,Bayern,8.855000000000004
92542,Bayern,Bayern,8.855000000000004
92543,Bayern,Bayern,8.855000000000004
92545,Bayern,Bayern,8.855000000000004
92546,Bayern,Bayern,8.855000000000004
92548,Bayern,Bayern,8.855000000000004
92549,Bayern,Bayern,8.855000000000004
92551,Bayern,Bayern,8.855000000000004
92552,Bayern,Bayern,8.855000000000004
92554,Bayern,Bayern,8.855000000000004
92555,Bayern,Bayern,8.855000000000004
92557,Bayern,Bayern,8.855000000000004
92559,Bayern,Bayern,8.855000000000004
92620,Bavaria,Bayern,8.855000000000004
92624,Bavaria,Bayern,8.855000000000004
92626,Bavaria,Bayern,8.855000000000004
92627,Bavaria,Bayern,8.855000000000004
92628,Bavaria,Bayern,8.855000000000004
92630,Bavaria,Bayern,8.855000000000004
92631,Bavaria,Bayern,8.855000000000004
92632,Bavaria,Bayern,8.855000000000004
92633,Bavaria,Bayern,8.855000000000004
92637,Bayern,Bayern,8.855000000000004
92648,Bayern,Bayern,8.855000000000004
92655,Bayern,Bayern,8.855000000000004
92660,Bayern,Bayern,8.855000000000004
92665,Bayern,Bayern,8.855000000000004
92670,Bayern,Bayern,8.855000000000004
92676,Bayern,Bayern,8.855000000000004
92681,Bayern,Bayern,8.855000000000004
92685,Bayern,Bayern,8.855000000000004
92690,Bayern,Bayern,8.855000000000004
92693,Bayern,Bayern,8.855000000000004
92694,Bayern,Bayern,8.855000000000004
92696,Bayern,Bayern,8.855000000000004
92697,Bayern,Bayern,8.855000000000004
92699,Bayern,Bayern,8.855000000000004
92700,Bayern,Bayern,8.855000000000004
92702,Bayern,Bayern,8.855000000000004
92703,Bayern,Bayern,8.855000000000004
92705,Bayern,Bayern,8.855000000000004
92706,Bayern,Bayern,8.855000000000004
92708,Bayern,Bayern,8.855000000000004
92709,Bayern,Bayern,8.855000000000004
92711,Bayern,Bayern,8.855000000000004
92712,Bayern,Bayern,8.855000000000004
92714,Bayern,Bayern,8.855000000000004
92715,Bayern,Bayern,8.855000000000004
92717,Bayern,Bayern,8.855000000000004
92718,Bayern,Bayern,8.855000000000004
92720,Bayern,Bayern,8.855000000000004
92721,Bayern,Bayern,8.855000000000004
92723,Bayern,Bayern,8.855000000000004
92724,Bayern,Bayern,8.855000000000004
92726,Bayern,Bayern,8.855000000000004
92727,Bayern,Bayern,8.855000000000004
92729,Bayern,Bayern,8.855000000000004
93012,Bavaria,Bayern,8.855000000000004
93013,Bavaria,Bayern,8.855000000000004
93037,Bavaria,Bayern,8.855000000000004
93038,Bavaria,Bayern,8.855000000000004
93039,Bavaria,Bayern,8.855000000000004
93040,Bavaria,Bayern,8.855000000000004
93041,Bavaria,Bayern,8.855000000000004
93042,Bavaria,Bayern,8.855000000000004
93043,Bavaria,Bayern,8.855000000000004
93045,Bavaria,Bayern,8.855000000000004
93047,Bayern,Bayern,8.855000000000004
93049,Bayern,Bayern,8.855000000000004
93051,Bayern,Bayern,8.855000000000004
93053,Bayern,Bayern,8.855000000000004
93055,Bayern,Bayern,8.855000000000004
93057,Bayern,Bayern,8.855000000000004
93059,Bayern,Bayern,8.855000000000004
93065,Bavaria,Bayern,8.855000000000004
93066,Bavaria,Bayern,8.855000000000004
93072,Bavaria,Bayern,8.855000000000004
93073,Bayern,Bayern,8.855000000000004
93077,Bayern,Bayern,8.855000000000004
93080,Bayern,Bayern,8.855000000000004
93083,Bayern,Bayern,8.855000000000004
93086,Bayern,Bayern,8.855000000000004
93087,Bayern,Bayern,8.855000000000004
93089,Bayern,Bayern,8.855000000000004
93090,Bayern,Bayern,8.855000000000004
93092,Bayern,Bayern,8.855000000000004
93093,Bayern,Bayern,8.855000000000004
93095,Bayern,Bayern,8.855000000000004
93096,Bayern,Bayern,8.855000000000004
93098,Bayern,Bayern,8.855000000000004
93099,Bayern,Bayern,8.855000000000004
93101,Bayern,Bayern,8.855000000000004
93102,Bayern,Bayern,8.855000000000004
93104,Bayern,Bayern,8.855000000000004
93105,Bayern,Bayern,8.855000000000004
93107,Bayern,Bayern,8.855000000000004
93109,Bayern,Bayern,8.855000000000004
93128,Bayern,Bayern,8.855000000000004
93133,Bayern,Bayern,8.855000000000004
93138,Bayern,Bayern,8.855000000000004
93142,Bayern,Bayern,8.855000000000004
93149,Bayern,Bayern,8.855000000000004
93152,Bayern,Bayern,8.855000000000004
93155,Bayern,Bayern,8.855000000000004
93158,Bayern,Bayern,8.855000000000004
93161,Bayern,Bayern,8.855000000000004
93164,Bayern,Bayern,8.855000000000004
93167,Bayern,Bayern,8.855000000000004
93170,Bayern,Bayern,8.855000000000004
93173,Bayern,Bayern,8.855000000000004
93176,Bayern,Bayern,8.855000000000004
93177,Bayern,Bayern,8.855000000000004
93179,Bayern,Bayern,8.855000000000004
93180,Bayern,Bayern,8.855000000000004
93182,Bayern,Bayern,8.855000000000004
93183,Bayern,Bayern,8.855000000000004
93185,Bayern,Bayern,8.855000000000004
93186,Bayern,Bayern,8.855000000000004
93188,Bayern,Bayern,8.855000000000004
93189,Bayern,Bayern,8.855000000000004
93191,Bayern,Bayern,8.855000000000004
93192,Bayern,Bayern,8.855000000000004
93194,Bayern,Bayern,8.855000000000004
93195,Bayern,Bayern,8.855000000000004
93197,Bayern,Bayern,8.855000000000004
93199,Bayern,Bayern,8.855000000000004
93308,Bavaria,Bayern,8.855000000000004
93309,Bayern,Bayern,8.855000000000004
93326,Bayern,Bayern,8.855000000000004
93333,Bayern,Bayern,8.855000000000004
93336,Bayern,Bayern,8.855000000000004
93339,Bayern,Bayern,8.855000000000004
93342,Bayern,Bayern,8.855000000000004
93343,Bayern,Bayern,8.855000000000004
93345,Bayern,Bayern,8.855000000000004
93346,Bayern,Bayern,8.855000000000004
93348,Bayern,Bayern,8.855000000000004
93349,Bayern,Bayern,8.855000000000004
93351,Bayern,Bayern,8.855000000000004
93352,Bayern,Bayern,8.855000000000004
93354,Bayern,Bayern,8.855000000000004
93356,Bayern,Bayern,8.855000000000004
93358,Bayern,Bayern,8.855000000000004
93359,Bayern,Bayern,8.855000000000004
93411,Bavaria,Bayern,8.855000000000004
93413,Bayern,Bayern,8.855000000000004
93426,Bayern,Bayern,8.855000000000004
93437,Bayern,Bayern,8.855000000000004
93444,Bayern,Bayern,8.855000000000004
93449,Bayern,Bayern,8.855000000000004
93453,Bayern,Bayern,8.855000000000004
93455,Bayern,Bayern,8.855000000000004
93458,Bayern,Bayern,8.855000000000004
93462,Bayern,Bayern,8.855000000000004
93464,Bayern,Bayern,8.855000000000004
93466,Bayern,Bayern,8.855000000000004
93468,Bayern,Bayern,8.855000000000004
93470,Bayern,Bayern,8.855000000000004
93471,Bayern,Bayern,8.855000000000004
93473,Bayern,Bayern,8.855000000000004
93474,Bayern,Bayern,8.855000000000004
93476,Bayern,Bayern,8.855000000000004
93477,Bayern,Bayern,8.855000000000004
93479,Bayern,Bayern,8.855000000000004
93480,Bayern,Bayern,8.855000000000004
93482,Bayern,Bayern,8.855000000000004
93483,Bayern,Bayern,8.855000000000004
93485,Bayern,Bayern,8.855000000000004
93486,Bayern,Bayern,8.855000000000004
93488,Bayern,Bayern,8.855000000000004
93489,Bayern,Bayern,8.855000000000004
93491,Bayern,Bayern,8.855000000000004
93492,Bayern,Bayern,8.855000000000004
93494,Bayern,Bayern,8.855000000000004
93495,Bayern,Bayern,8.855000000000004
93497,Bayern,Bayern,8.855000000000004
93499,Bayern,Bayern,8.855000000000004
94028,Bavaria,Bayern,8.855000000000004
94030,Bavaria,Bayern,8.855000000000004
94032,Bayern,Bayern,8.855000000000004
94034,Bayern,Bayern,8.855000000000004
94036,Bayern,Bayern,8.855000000000004
94051,Bayern,Bayern,8.855000000000004
94060,Bayern,Bayern,8.855000000000004
94065,Bayern,Bayern,8.855000000000004
94072,Bayern,Bayern,8.855000000000004
94078,Bayern,Bayern,8.855000000000004
94081,Bayern,Bayern,8.855000000000004
94086,Bayern,Bayern,8.855000000000004
94089,Bayern,Bayern,8.855000000000004
94094,Bayern,Bayern,8.855000000000004
94099,Bayern,Bayern,8.855000000000004
94104,Bayern,Bayern,8.855000000000004
94107,Bayern,Bayern,8.855000000000004
94110,Bayern,Bayern,8.855000000000004
94113,Bayern,Bayern,8.855000000000004
94116,Bayern,Bayern,8.855000000000004
94118,Bayern,Bayern,8.855000000000004
94121,Bayern,Bayern,8.855000000000004
94124,Bayern,Bayern,8.855000000000004
94127,Bayern,Bayern,8.855000000000004
94130,Bayern,Bayern,8.855000000000004
94133,Bayern,Bayern,8.855000000000004
94136,Bayern,Bayern,8.855000000000004
94137,Bayern,Bayern,8.855000000000004
94139,Bayern,Bayern,8.855000000000004
94140,Bayern,Bayern,8.855000000000004
94142,Bayern,Bayern,8.855000000000004
94143,Bayern,Bayern,8.855000000000004
94145,Bayern,Bayern,8.855000000000004
94146,Bayern,Bayern,8.855000000000004
94148,Bayern,Bayern,8.855000000000004
94149,Bayern,Bayern,8.855000000000004
94151,Bayern,Bayern,8.855000000000004
94152,Bayern,Bayern,8.855000000000004
94154,Bayern,Bayern,8.855000000000004
94155,Bayern,Bayern,8.855000000000004
94157,Bayern,Bayern,8.855000000000004
94158,Bayern,Bayern,8.855000000000004
94160,Bayern,Bayern,8.855000000000004
94161,Bayern,Bayern,8.855000000000004
94163,Bayern,Bayern,8.855000000000004
94164,Bayern,Bayern,8.855000000000004
94166,Bayern,Bayern,8.855000000000004
94167,Bayern,Bayern,8.855000000000004
94169,Bayern,Bayern,8.855000000000004
94209,Bayern,Bayern,8.855000000000004
94227,Bayern,Bayern,8.855000000000004
94232,Bavaria,Bayern,8.855000000000004
94233,Bavaria,Bayern,8.855000000000004
94234,Bayern,Bayern,8.855000000000004
94239,Bayern,Bayern,8.855000000000004
94244,Bayern,Bayern,8.855000000000004
94249,Bayern,Bayern,8.855000000000004
94250,Bayern,Bayern,8.855000000000004
94252,Bayern,Bayern,8.855000000000004
94253,Bayern,Bayern,8.855000000000004
94255,Bayern,Bayern,8.855000000000004
94256,Bayern,Bayern,8.855000000000004
94258,Bayern,Bayern,8.855000000000004
94259,Bayern,Bayern,8.855000000000004
94261,Bayern,Bayern,8.855000000000004
94262,Bayern,Bayern,8.855000000000004
94264,Bayern,Bayern,8.855000000000004
94265,Bayern,Bayern,8.855000000000004
94267,Bayern,Bayern,8.855000000000004
94269,Bayern,Bayern,8.855000000000004
94310,Bavaria,Bayern,8.855000000000004
94312,Bavaria,Bayern,8.855000000000004
94315,Bayern,Bayern,8.855000000000004
94327,Bayern,Bayern,8.855000000000004
94330,Bayern,Bayern,8.855000000000004
94333,Bayern,Bayern,8.855000000000004
94336,Bayern,Bayern,8.855000000000004
94339,Bayern,Bayern,8.855000000000004
94342,Bayern,Bayern,8.855000000000004
94344,Bayern,Bayern,8.855000000000004
94345,Bayern,Bayern,8.855000000000004
94347,Bayern,Bayern,8.855000000000004
94348,Bayern,Bayern,8.855000000000004
94350,Bayern,Bayern,8.855000000000004
94351,Bayern,Bayern,8.855000000000004
94353,Bayern,Bayern,8.855000000000004
94354,Bayern,Bayern,8.855000000000004
94356,Bayern,Bayern,8.855000000000004
94357,Bayern,Bayern,8.855000000000004
94359,Bayern,Bayern,8.855000000000004
94360,Bayern,Bayern,8.855000000000004
94362,Bayern,Bayern,8.855000000000004
94363,Bayern,Bayern,8.855000000000004
94365,Bayern,Bayern,8.855000000000004
94366,Bayern,Bayern,8.855000000000004
94368,Bayern,Bayern,8.855000000000004
94369,Bayern,Bayern,8.855000000000004
94371,Bayern,Bayern,8.855000000000004
94372,Bayern,Bayern,8.855000000000004
94374,Bayern,Bayern,8.855000000000004
94375,Bayern,Bayern,8.855000000000004
94377,Bayern,Bayern,8.855000000000004
94379,Bayern,Bayern,8.855000000000004
94405,Bayern,Bayern,8.855000000000004
94419,Bayern,Bayern,8.855000000000004
94424,Bayern,Bayern,8.855000000000004
94428,Bayern,Bayern,8.855000000000004
94431,Bayern,Bayern,8.855000000000004
94436,Bayern,Bayern,8.855000000000004
94437,Bayern,Bayern,8.855000000000004
94439,Bayern,Bayern,8.855000000000004
94447,Bayern,Bayern,8.855000000000004
94466,Bavaria,Bayern,8.855000000000004
94469,Bayern,Bayern,8.855000000000004
94474,Bayern,Bayern,8.855000000000004
94481,Bayern,Bayern,8.855000000000004
94486,Bayern,Bayern,8.855000000000004
94491,Bayern,Bayern,8.855000000000004
94496,Bayern,Bayern,8.855000000000004
94501,Bayern,Bayern,8.855000000000004
94505,Bayern,Bayern,8.855000000000004
94508,Bayern,Bayern,8.855000000000004
94513,Bayern,Bayern,8.855000000000004
94518,Bayern,Bayern,8.855000000000004
94522,Bayern,Bayern,8.855000000000004
94526,Bayern,Bayern,8.855000000000004
94527,Bayern,Bayern,8.855000000000004
94529,Bayern,Bayern,8.855000000000004
94530,Bayern,Bayern,8.855000000000004
94532,Bayern,Bayern,8.855000000000004
94533,Bayern,Bayern,8.855000000000004
94535,Bayern,Bayern,8.855000000000004
94536,Bayern,Bayern,8.855000000000004
94538,Bayern,Bayern,8.855000000000004
94539,Bayern,Bayern,8.855000000000004
94541,Bayern,Bayern,8.855000000000004
94542,Bayern,Bayern,8.855000000000004
94544,Bayern,Bayern,8.855000000000004
94545,Bayern,Bayern,8.855000000000004
94547,Bayern,Bayern,8.855000000000004
94548,Bayern,Bayern,8.855000000000004
94550,Bayern,Bayern,8.855000000000004
94551,Bayern,Bayern,8.855000000000004
94553,Bayern,Bayern,8.855000000000004
94554,Bayern,Bayern,8.855000000000004
94556,Bayern,Bayern,8.855000000000004
94557,Bayern,Bayern,8.855000000000004
94559,Bayern,Bayern,8.855000000000004
94560,Bayern,Bayern,8.855000000000004
94562,Bayern,Bayern,8.855000000000004
94563,Bayern,Bayern,8.855000000000004
94565,Bayern,Bayern,8.855000000000004
94566,Bayern,Bayern,8.855000000000004
94568,Bayern,Bayern,8.855000000000004
94569,Bayern,Bayern,8.855000000000004
94571,Bayern,Bayern,8.855000000000004
94572,Bayern,Bayern,8.855000000000004
94574,Bayern,Bayern,8.855000000000004
94575,Bayern,Bayern,8.855000000000004
94577,Bayern,Bayern,8.855000000000004
94579,Bayern,Bayern,8.855000000000004
95025,Bavaria,Bayern,8.855000000000004
95027,Bavaria,Bayern,8.855000000000004
95028,Bayern,Bayern,8.855000000000004
95030,Bayern,Bayern,8.855000000000004
95032,Bayern,Bayern,8.855000000000004
95098,Bavaria,Bayern,8.855000000000004
95100,Bayern,Bayern,8.855000000000004
95111,Bayern,Bayern,8.855000000000004
95119,Bayern,Bayern,8.855000000000004
95126,Bayern,Bayern,8.855000000000004
95131,Bayern,Bayern,8.855000000000004
95138,Bayern,Bayern,8.855000000000004
95145,Bayern,Bayern,8.855000000000004
95152,Bayern,Bayern,8.855000000000004
95158,Bayern,Bayern,8.855000000000004
95163,Bayern,Bayern,8.855000000000004
95168,Bayern,Bayern,8.855000000000004
95173,Bayern,Bayern,8.855000000000004
95176,Bayern,Bayern,8.855000000000004
95179,Bayern,Bayern,8.855000000000004
95180,Bayern,Bayern,8.855000000000004
95182,Bayern,Bayern,8.855000000000004
95183,Bayern,Bayern,8.855000000000004
95185,Bayern,Bayern,8.855000000000004
95186,Bayern,Bayern,8.855000000000004
95188,Bayern,Bayern,8.855000000000004
95189,Bayern,Bayern,8.855000000000004
95191,Bayern,Bayern,8.855000000000004
95192,Bayern,Bayern,8.855000000000004
95194,Bayern,Bayern,8.855000000000004
95195,Bayern,Bayern,8.855000000000004
95197,Bayern,Bayern,8.855000000000004
95199,Bayern,Bayern,8.855000000000004
95212,Bavaria,Bayern,8.855000000000004
95213,Bayern,Bayern,8.855000000000004
95233,Bayern,Bayern,8.855000000000004
95234,Bayern,Bayern,8.855000000000004
95236,Bayern,Bayern,8.855000000000004
95237,Bayern,Bayern,8.855000000000004
95239,Bayern,Bayern,8.855000000000004
95326,Bayern,Bayern,8.855000000000004
95336,Bayern,Bayern,8.855000000000004
95339,Bayern,Bayern,8.855000000000004
95346,Bayern,Bayern,8.855000000000004
95349,Bayern,Bayern,8.855000000000004
95352,Bayern,Bayern,8.855000000000004
95355,Bayern,Bayern,8.855000000000004
95356,Bayern,Bayern,8.855000000000004
95358,Bayern,Bayern,8.855000000000004
95359,Bayern,Bayern,8.855000000000004
95361,Bayern,Bayern,8.855000000000004
95362,Bayern,Bayern,8.855000000000004
95364,Bayern,Bayern,8.855000000000004
95365,Bayern,Bayern,8.855000000000004
95367,Bayern,Bayern,8.855000000000004
95369,Bayern,Bayern,8.855000000000004
95440,Bavaria,Bayern,8.855000000000004
95442,Bavaria,Bayern,8.855000000000004
95444,Bayern,Bayern,8.855000000000004
95445,Bayern,Bayern,8.855000000000004
95447,Bayern,Bayern,8.855000000000004
95448,Bayern,Bayern,8.855000000000004
95455,Bavaria,Bayern,8.855000000000004
95460,Bayern,Bayern,8.855000000000004
95463,Bayern,Bayern,8.855000000000004
95466,Bayern,Bayern,8.855000000000004
95469,Bayern,Bayern,8.855000000000004
95473,Bayern,Bayern,8.855000000000004
95478,Bayern,Bayern,8.855000000000004
95482,Bayern,Bayern,8.855000000000004
95485,Bayern,Bayern,8.855000000000004
95488,Bayern,Bayern,8.855000000000004
95490,Bayern,Bayern,8.855000000000004
95491,Bayern,Bayern,8.855000000000004
95493,Bayern,Bayern,8.855000000000004
95494,Bayern,Bayern,8.855000000000004
95496,Bayern,Bayern,8.855000000000004
95497,Bayern,Bayern,8.855000000000004
95499,Bayern,Bayern,8.855000000000004
95500,Bayern,Bayern,8.855000000000004
95502,Bayern,Bayern,8.855000000000004
95503,Bayern,Bayern,8.855000000000004
95505,Bayern,Bayern,8.855000000000004
95506,Bayern,Bayern,8.855000000000004
95508,Bayern,Bayern,8.855000000000004
95509,Bayern,Bayern,8.855000000000004
95511,Bayern,Bayern,8.855000000000004
95512,Bayern,Bayern,8.855000000000004
95514,Bayern,Bayern,8.855000000000004
95515,Bayern,Bayern,8.855000000000004
95517,Bayern,Bayern,8.855000000000004
95519,Bayern,Bayern,8.855000000000004
95614,Bavaria,Bayern,8.855000000000004
95615,Bayern,Bayern,8.855000000000004
95631,Bavaria,Bayern,8.855000000000004
95632,Bayern,Bayern,8.855000000000004
95643,Bayern,Bayern,8.855000000000004
95652,Bayern,Bayern,8.855000000000004
95659,Bayern,Bayern,8.855000000000004
95666,Bayern,Bayern,8.855000000000004
95671,Bayern,Bayern,8.855000000000004
95676,Bayern,Bayern,8.855000000000004
95679,Bayern,Bayern,8.855000000000004
95680,Bayern,Bayern,8.855000000000004
95682,Bayern,Bayern,8.855000000000004
95683,Bayern,Bayern,8.855000000000004
95685,Bayern,Bayern,8.855000000000004
95686,Bayern,Bayern,8.855000000000004
95688,Bayern,Bayern,8.855000000000004
95689,Bayern,Bayern,8.855000000000004
95691,Bayern,Bayern,8.855000000000004
95692,Bayern,Bayern,8.855000000000004
95694,Bayern,Bayern,8.855000000000004
95695,Bayern,Bayern,8.855000000000004
95697,Bayern,Bayern,8.855000000000004
95698,Bayern,Bayern,8.855000000000004
95700,Bayern,Bayern,8.855000000000004
95701,Bayern,Bayern,8.855000000000004
95703,Bayern,Bayern,8.855000000000004
95704,Bayern,Bayern,8.855000000000004
95706,Bayern,Bayern,8.855000000000004
95707,Bayern,Bayern,8.855000000000004
95709,Bayern,Bayern,8.855000000000004
96035,Land Berlin,Brandenburg/Berlin,10.165
96039,Nordrhein-Westfalen,Nordrhein-Westfalen,10.21
96044,Bavaria,Bayern,8.855000000000004
96045,Bavaria,Bayern,8.855000000000004
96047,Bayern,Bayern,8.855000000000004
96049,Bayern,Bayern,8.855000000000004
96050,Bayern,Bayern,8.855000000000004
96052,Bayern,Bayern,8.855000000000004
96060,Bavaria,Bayern,8.855000000000004
96061,Bavaria,Bayern,8.855000000000004
96063,Hessen,Hessen,9.555
96076,Land Berlin,Brandenburg/Berlin,10.165
96077,Bavaria,Bayern,8.855000000000004
96103,Bayern,Bayern,8.855000000000004
96106,Bayern,Bayern,8.855000000000004
96110,Bayern,Bayern,8.855000000000004
96114,Bayern,Bayern,8.855000000000004
96117,Bayern,Bayern,8.855000000000004
96120,Bayern,Bayern,8.855000000000004
96123,Bayern,Bayern,8.855000000000004
96126,Bayern,Bayern,8.855000000000004
96129,Bayern,Bayern,8.855000000000004
96132,Bayern,Bayern,8.855000000000004
96135,Bayern,Bayern,8.855000000000004
96138,Bayern,Bayern,8.855000000000004
96142,Bayern,Bayern,8.855000000000004
96145,Bayern,Bayern,8.855000000000004
96146,Bayern,Bayern,8.855000000000004
96148,Bayern,Bayern,8.855000000000004
96149,Bayern,Bayern,8.855000000000004
96151,Bayern,Bayern,8.855000000000004
96152,Bayern,Bayern,8.855000000000004
96154,Bayern,Bayern,8.855000000000004
96155,Bayern,Bayern,8.855000000000004
96157,Bayern,Bayern,8.855000000000004
96158,Bayern,Bayern,8.855000000000004
96160,Bayern,Bayern,8.855000000000004
96161,Bayern,Bayern,8.855000000000004
96163,Bayern,Bayern,8.855000000000004
96164,Bayern,Bayern,8.855000000000004
96166,Bayern,Bayern,8.855000000000004
96167,Bayern,Bayern,8.855000000000004
96169,Bayern,Bayern,8.855000000000004
96170,Bayern,Bayern,8.855000000000004
96172,Bayern,Bayern,8.855000000000004
96173,Bayern,Bayern,8.855000000000004
96175,Bayern,Bayern,8.855000000000004
96176,Bayern,Bayern,8.855000000000004
96178,Bayern,Bayern,8.855000000000004
96179,Bayern,Bayern,8.855000000000004
96181,Bayern,Bayern,8.855000000000004
96182,Bayern,Bayern,8.855000000000004
96184,Bayern,Bayern,8.855000000000004
96185,Bayern,Bayern,8.855000000000004
96187,Bayern,Bayern,8.855000000000004
96188,Bayern,Bayern,8.855000000000004
96190,Bayern,Bayern,8.855000000000004
96191,Bayern,Bayern,8.855000000000004
96193,Bayern,Bayern,8.855000000000004
96194,Bayern,Bayern,8.855000000000004
96196,Bayern,Bayern,8.855000000000004
96197,Bayern,Bayern,8.855000000000004
96199,Bayern,Bayern,8.855000000000004
96215,Bayern,Bayern,8.855000000000004
96222,Bavaria,Bayern,8.855000000000004
96223,Bavaria,Bayern,8.855000000000004
96224,Bayern,Bayern,8.855000000000004
96231,Bayern,Bayern,8.855000000000004
96237,Bayern,Bayern,8.855000000000004
96242,Bayern,Bayern,8.855000000000004
96247,Bayern,Bayern,8.855000000000004
96250,Bayern,Bayern,8.855000000000004
96253,Bayern,Bayern,8.855000000000004
96257,Bayern,Bayern,8.855000000000004
96260,Bayern,Bayern,8.855000000000004
96264,Bayern,Bayern,8.855000000000004
96268,Bayern,Bayern,8.855000000000004
96269,Bayern,Bayern,8.855000000000004
96271,Bayern,Bayern,8.855000000000004
96272,Bayern,Bayern,8.855000000000004
96274,Bayern,Bayern,8.855000000000004
96275,Bayern,Bayern,8.855000000000004
96277,Bayern,Bayern,8.855000000000004
96279,Bayern,Bayern,8.855000000000004
96317,Bayern,Bayern,8.855000000000004
96328,Bayern,Bayern,8.855000000000004
96332,Bayern,Bayern,8.855000000000004
96337,Bayern,Bayern,8.855000000000004
96342,Bayern,Bayern,8.855000000000004
96346,Bayern,Bayern,8.855000000000004
96349,Bayern,Bayern,8.855000000000004
96352,Bayern,Bayern,8.855000000000004
96355,Bayern,Bayern,8.855000000000004
96358,Bayern,Bayern,8.855000000000004
96361,Bayern,Bayern,8.855000000000004
96364,Bayern,Bayern,8.855000000000004
96365,Bayern,Bayern,8.855000000000004
96367,Bayern,Bayern,8.855000000000004
96369,Bayern,Bayern,8.855000000000004
96435,Bavaria,Bayern,8.855000000000004
96436,Bavaria,Bayern,8.855000000000004
96438,Bavaria,Bayern,8.855000000000004
96441,Bavaria,Bayern,8.855000000000004
96444,Bavaria,Bayern,8.855000000000004
96447,Bavaria,Bayern,8.855000000000004
96448,Bavaria,Bayern,8.855000000000004
96450,Bayern,Bayern,8.855000000000004
96465,Bayern,Bayern,8.855000000000004
96472,Bayern,Bayern,8.855000000000004
96475,Bavaria,Bayern,8.855000000000004
96476,Bayern,Bayern,8.855000000000004
96479,Bayern,Bayern,8.855000000000004
96482,Bayern,Bayern,8.855000000000004
96484,Bayern,Bayern,8.855000000000004
96486,Bayern,Bayern,8.855000000000004
96487,Bayern,Bayern,8.855000000000004
96489,Bayern,Bayern,8.855000000000004
96515,Thüringen,Thueringen,9.075000000000001
96523,Thüringen,Thueringen,9.075000000000001
96524,Thüringen,Thueringen,9.075000000000001
96528,Thüringen,Thueringen,9.075000000000001
97024,Bavaria,Bayern,8.855000000000004
97025,Bavaria,Bayern,8.855000000000004
97064,Bavaria,Bayern,8.855000000000004
97066,Bavaria,Bayern,8.855000000000004
97067,Bavaria,Bayern,8.855000000000004
97070,Bayern,Bayern,8.855000000000004
97072,Bayern,Bayern,8.855000000000004
97074,Bayern,Bayern,8.855000000000004
97076,Bayern,Bayern,8.855000000000004
97078,Bayern,Bayern,8.855000000000004
97080,Bayern,Bayern,8.855000000000004
97082,Bayern,Bayern,8.855000000000004
97084,Bayern,Bayern,8.855000000000004
97099,Bavaria,Bayern,8.855000000000004
97101,Bavaria,Bayern,8.855000000000004
97103,Bavaria,Bayern,8.855000000000004
97199,Bayern,Bayern,8.855000000000004
97204,Bayern,Bayern,8.855000000000004
97209,Bayern,Bayern,8.855000000000004
97215,Bayern,Bayern,8.855000000000004
97218,Bayern,Bayern,8.855000000000004
97222,Bayern,Bayern,8.855000000000004
97225,Bayern,Bayern,8.855000000000004
97227,Bavaria,Bayern,8.855000000000004
97228,Bayern,Bayern,8.855000000000004
97230,Bayern,Bayern,8.855000000000004
97232,Bayern,Bayern,8.855000000000004
97234,Bayern,Bayern,8.855000000000004
97236,Bayern,Bayern,8.855000000000004
97237,Bayern,Bayern,8.855000000000004
97239,Bayern,Bayern,8.855000000000004
97241,Bayern,Bayern,8.855000000000004
97243,Bayern,Bayern,8.855000000000004
97244,Bayern,Bayern,8.855000000000004
97246,Bayern,Bayern,8.855000000000004
97247,Bayern,Bayern,8.855000000000004
97249,Bayern,Bayern,8.855000000000004
97250,Bayern,Bayern,8.855000000000004
97252,Bayern,Bayern,8.855000000000004
97253,Bayern,Bayern,8.855000000000004
97255,Bayern,Bayern,8.855000000000004
97256,Bayern,Bayern,8.855000000000004
97258,Bayern,Bayern,8.855000000000004
97259,Bayern,Bayern,8.855000000000004
97261,Bayern,Bayern,8.855000000000004
97262,Bayern,Bayern,8.855000000000004
97264,Bayern,Bayern,8.855000000000004
97265,Bayern,Bayern,8.855000000000004
97267,Bayern,Bayern,8.855000000000004
97268,Bayern,Bayern,8.855000000000004
97270,Bayern,Bayern,8.855000000000004
97271,Bayern,Bayern,8.855000000000004
97273,Bayern,Bayern,8.855000000000004
97274,Bayern,Bayern,8.855000000000004
97276,Bayern,Bayern,8.855000000000004
97277,Bayern,Bayern,8.855000000000004
97279,Bayern,Bayern,8.855000000000004
97280,Bayern,Bayern,8.855000000000004
97282,Bayern,Bayern,8.855000000000004
97283,Bayern,Bayern,8.855000000000004
97285,Bayern,Bayern,8.855000000000004
97286,Bayern,Bayern,8.855000000000004
97288,Bayern,Bayern,8.855000000000004
97289,Bayern,Bayern,8.855000000000004
97291,Bayern,Bayern,8.855000000000004
97292,Bayern,Bayern,8.855000000000004
97294,Bayern,Bayern,8.855000000000004
97295,Bayern,Bayern,8.855000000000004
97297,Bayern,Bayern,8.855000000000004
97299,Bayern,Bayern,8.855000000000004
97318,Bayern,Bayern,8.855000000000004
97320,Bayern,Bayern,8.855000000000004
97332,Bayern,Bayern,8.855000000000004
97334,Bayern,Bayern,8.855000000000004
97337,Bayern,Bayern,8.855000000000004
97340,Bayern,Bayern,8.855000000000004
97342,Bayern,Bayern,8.855000000000004
97346,Bayern,Bayern,8.855000000000004
97348,Bayern,Bayern,8.855000000000004
97350,Bayern,Bayern,8.855000000000004
97353,Bayern,Bayern,8.855000000000004
97355,Bayern,Bayern,8.855000000000004
97357,Bayern,Bayern,8.855000000000004
97359,Bayern,Bayern,8.855000000000004
97412,Bayern,Bayern,8.855000000000004
97418,Bavaria,Bayern,8.855000000000004
97419,Bavaria,Bayern,8.855000000000004
97420,Bavaria,Bayern,8.855000000000004
97421,Bayern,Bayern,8.855000000000004
97422,Bayern,Bayern,8.855000000000004
97424,Bayern,Bayern,8.855000000000004
97437,Bayern,Bayern,8.855000000000004
97440,Bayern,Bayern,8.855000000000004
97447,Bayern,Bayern,8.855000000000004
97450,Bayern,Bayern,8.855000000000004
97453,Bayern,Bayern,8.855000000000004
97456,Bayern,Bayern,8.855000000000004
97461,Bayern,Bayern,8.855000000000004
97464,Bayern,Bayern,8.855000000000004
97469,Bayern,Bayern,8.855000000000004
97475,Bayern,Bayern,8.855000000000004
97478,Bayern,Bayern,8.855000000000004
97483,Bayern,Bayern,8.855000000000004
97486,Bayern,Bayern,8.855000000000004
97488,Bayern,Bayern,8.855000000000004
97490,Bayern,Bayern,8.855000000000004
97491,Bayern,Bayern,8.855000000000004
97493,Bayern,Bayern,8.855000000000004
97494,Bayern,Bayern,8.855000000000004
97496,Bayern,Bayern,8.855000000000004
97497,Bayern,Bayern,8.855000000000004
97499,Bayern,Bayern,8.855000000000004
97500,Bayern,Bayern,8.855000000000004
97502,Bayern,Bayern,8.855000000000004
97503,Bayern,Bayern,8.855000000000004
97505,Bayern,Bayern,8.855000000000004
97506,Bayern,Bayern,8.855000000000004
97508,Bayern,Bayern,8.855000000000004
97509,Bayern,Bayern,8.855000000000004
97511,Bayern,Bayern,8.855000000000004
97513,Bayern,Bayern,8.855000000000004
97514,Bayern,Bayern,8.855000000000004
97516,Bayern,Bayern,8.855000000000004
97517,Bayern,Bayern,8.855000000000004
97519,Bayern,Bayern,8.855000000000004
97520,Bayern,Bayern,8.855000000000004
97522,Bayern,Bayern,8.855000000000004
97523,Bayern,Bayern,8.855000000000004
97525,Bayern,Bayern,8.855000000000004
97526,Bayern,Bayern,8.855000000000004
97528,Bayern,Bayern,8.855000000000004
97529,Bayern,Bayern,8.855000000000004
97531,Bayern,Bayern,8.855000000000004
97532,Bayern,Bayern,8.855000000000004
97534,Bayern,Bayern,8.855000000000004
97535,Bayern,Bayern,8.855000000000004
97537,Bayern,Bayern,8.855000000000004
97539,Bayern,Bayern,8.855000000000004
97615,Bavaria,Bayern,8.855000000000004
97616,Bayern,Bayern,8.855000000000004
97618,Bayern,Bayern,8.855000000000004
97631,Bayern,Bayern,8.855000000000004
97633,Bayern,Bayern,8.855000000000004
97638,Bayern,Bayern,8.855000000000004
97640,Bayern,Bayern,8.855000000000004
97645,Bayern,Bayern,8.855000000000004
97647,Bayern,Bayern,8.855000000000004
97650,Bayern,Bayern,8.855000000000004
97653,Bayern,Bayern,8.855000000000004
97654,Bayern,Bayern,8.855000000000004
97656,Bayern,Bayern,8.855000000000004
97657,Bayern,Bayern,8.855000000000004
97659,Bayern,Bayern,8.855000000000004
97685,Bavaria,Bayern,8.855000000000004
97688,Bayern,Bayern,8.855000000000004
97702,Bayern,Bayern,8.855000000000004
97705,Bayern,Bayern,8.855000000000004
97708,Bayern,Bayern,8.855000000000004
97711,Bayern,Bayern,8.855000000000004
97714,Bayern,Bayern,8.855000000000004
97717,Bayern,Bayern,8.855000000000004
97720,Bayern,Bayern,8.855000000000004
97723,Bayern,Bayern,8.855000000000004
97724,Bayern,Bayern,8.855000000000004
97725,Bayern,Bayern,8.855000000000004
97727,Bayern,Bayern,8.855000000000004
97729,Bayern,Bayern,8.855000000000004
97737,Bayern,Bayern,8.855000000000004
97753,Bayern,Bayern,8.855000000000004
97762,Bayern,Bayern,8.855000000000004
97769,Bayern,Bayern,8.855000000000004
97772,Bayern,Bayern,8.855000000000004
97773,Bayern,Bayern,8.855000000000004
97775,Bayern,Bayern,8.855000000000004
97776,Bayern,Bayern,8.855000000000004
97778,Bayern,Bayern,8.855000000000004
97779,Bayern,Bayern,8.855000000000004
97780,Bayern,Bayern,8.855000000000004
97782,Bayern,Bayern,8.855000000000004
97783,Bayern,Bayern,8.855000000000004
97785,Bayern,Bayern,8.855000000000004
97786,Bayern,Bayern,8.855000000000004
97788,Bayern,Bayern,8.855000000000004
97789,Bayern,Bayern,8.855000000000004
97791,Bayern,Bayern,8.855000000000004
97792,Bayern,Bayern,8.855000000000004
97794,Bayern,Bayern,8.855000000000004
97795,Bayern,Bayern,8.855000000000004
97797,Bayern,Bayern,8.855000000000004
97799,Bayern,Bayern,8.855000000000004
97813,Bavaria,Bayern,8.855000000000004
97814,Bavaria,Bayern,8.855000000000004
97816,Bayern,Bayern,8.855000000000004
97828,Bayern,Bayern,8.855000000000004
97833,Bayern,Bayern,8.855000000000004
97834,Bayern,Bayern,8.855000000000004
97836,Bayern,Bayern,8.855000000000004
97837,Bayern,Bayern,8.855000000000004
97839,Bayern,Bayern,8.855000000000004
97840,Bayern,Bayern,8.855000000000004
97842,Bayern,Bayern,8.855000000000004
97843,Bayern,Bayern,8.855000000000004
97845,Bayern,Bayern,8.855000000000004
97846,Bayern,Bayern,8.855000000000004
97848,Bayern,Bayern,8.855000000000004
97849,Bayern,Bayern,8.855000000000004
97851,Bayern,Bayern,8.855000000000004
97852,Bayern,Bayern,8.855000000000004
97854,Bayern,Bayern,8.855000000000004
97855,Bayern,Bayern,8.855000000000004
97857,Bayern,Bayern,8.855000000000004
97859,Bayern,Bayern,8.855000000000004
97877,Baden-Württemberg,Baden-Wuerttemberg,9.350000000000001
97892,Bayern,Bayern,8.855000000000004
97896,Baden-Württemberg,Baden-Wuerttemberg,9.350000000000001
97900,Baden-Württemberg,Baden-Wuerttemberg,9.350000000000001
97901,Bayern,Bayern,8.855000000000004
97903,Bayern,Bayern,8.855000000000004
97904,Bayern,Bayern,8.855000000000004
97906,Bayern,Bayern,8.855000000000004
97907,Bayern,Bayern,8.855000000000004
97909,Bayern,Bayern,8.855000000000004
97922,Baden-Württemberg,Baden-Wuerttemberg,9.350000000000001
97941,Baden-Württemberg,Baden-Wuerttemberg,9.350000000000001
97944,Baden-Württemberg,Baden-Wuerttemberg,9.350000000000001
97947,Baden-Württemberg,Baden-Wuerttemberg,9.350000000000001
97950,Baden-Württemberg,Baden-Wuerttemberg,9.350000000000001
97953,Baden-Württemberg,Baden-Wuerttemberg,9.350000000000001
97956,Baden-Württemberg,Baden-Wuerttemberg,9.350000000000001
97957,Baden-Württemberg,Baden-Wuerttemberg,9.350000000000001
97959,Baden-Württemberg,Baden-Wuerttemberg,9.350000000000001
97980,Baden-Württemberg,Baden-Wuerttemberg,9.350000000000001
97990,Baden-Württemberg,Baden-Wuerttemberg,9.350000000000001
97993,Baden-Württemberg,Baden-Wuerttemberg,9.350000000000001
97996,Baden-Württemberg,Baden-Wuerttemberg,9.350000000000001
97999,Baden-Württemberg,Baden-Wuerttemberg,9.350000000000001
98496,Thuringia,Thueringen,9.075000000000001
98497,Thuringia,Thueringen,9.075000000000001
98523,Thuringia,Thueringen,9.075000000000001
98527,Thüringen,Thueringen,9.075000000000001
98528,Thüringen,Thueringen,9.075000000000001
98529,Thüringen,Thueringen,9.075000000000001
98530,Thüringen,Thueringen,9.075000000000001
98544,Thüringen,Thueringen,9.075000000000001
98547,Thüringen,Thueringen,9.075000000000001
98553,Thüringen,Thueringen,9.075000000000001
98554,Thüringen,Thueringen,9.075000000000001
98559,Thüringen,Thueringen,9.075000000000001
98574,Thüringen,Thueringen,9.075000000000001
98587,Thüringen,Thueringen,9.075000000000001
98590,Thüringen,Thueringen,9.075000000000001
98593,Thüringen,Thueringen,9.075000000000001
98596,Thüringen,Thueringen,9.075000000000001
98597,Thüringen,Thueringen,9.075000000000001
98599,Thüringen,Thueringen,9.075000000000001
98610,Thuringia,Thueringen,9.075000000000001
98617,Thüringen,Thueringen,9.075000000000001
98630,Thüringen,Thueringen,9.075000000000001
98631,Thüringen,Thueringen,9.075000000000001
98634,Thüringen,Thueringen,9.075000000000001
98639,Thüringen,Thueringen,9.075000000000001
98646,Thüringen,Thueringen,9.075000000000001
98660,Thüringen,Thueringen,9.075000000000001
98663,Thüringen,Thueringen,9.075000000000001
98666,Thüringen,Thueringen,9.075000000000001
98667,Thüringen,Thueringen,9.075000000000001
98669,Thüringen,Thueringen,9.075000000000001
98673,Thüringen,Thueringen,9.075000000000001
98678,Thüringen,Thueringen,9.075000000000001
98693,Thüringen,Thueringen,9.075000000000001
98701,Thüringen,Thueringen,9.075000000000001
98704,Thüringen,Thueringen,9.075000000000001
98708,Thüringen,Thueringen,9.075000000000001
98711,Thüringen,Thueringen,9.075000000000001
98714,Thüringen,Thueringen,9.075000000000001
98716,Thüringen,Thueringen,9.075000000000001
98724,Thüringen,Thueringen,9.075000000000001
98739,Thüringen,Thueringen,9.075000000000001
98743,Thüringen,Thueringen,9.075000000000001
98744,Thüringen,Thueringen,9.075000000000001
98746,Thüringen,Thueringen,9.075000000000001
98749,Thüringen,Thueringen,9.075000000000001
99060,Thuringia,Thueringen,9.075000000000001
99068,Thuringia,Thueringen,9.075000000000001
99073,Thuringia,Thueringen,9.075000000000001
99075,Thuringia,Thueringen,9.075000000000001
99077,Thuringia,Thueringen,9.075000000000001
99078,Thuringia,Thueringen,9.075000000000001
99079,Thuringia,Thueringen,9.075000000000001
99080,Thuringia,Thueringen,9.075000000000001
99081,Thuringia,Thueringen,9.075000000000001
99084,Thüringen,Thueringen,9.075000000000001
99085,Thüringen,Thueringen,9.075000000000001
99086,Thüringen,Thueringen,9.075000000000001
99087,Thüringen,Thueringen,9.075000000000001
99089,Thüringen,Thueringen,9.075000000000001
99091,Thüringen,Thueringen,9.075000000000001
99092,Thüringen,Thueringen,9.075000000000001
99094,Thüringen,Thueringen,9.075000000000001
99096,Thüringen,Thueringen,9.075000000000001
99097,Thüringen,Thueringen,9.075000000000001
99098,Thüringen,Thueringen,9.075000000000001
99099,Thüringen,Thueringen,9.075000000000001
99100,Thüringen,Thueringen,9.075000000000001
99102,Thüringen,Thueringen,9.075000000000001
99111,Thuringia,Thueringen,9.075000000000001
99112,Thuringia,Thueringen,9.075000000000001
99113,Thuringia,Thueringen,9.075000000000001
99114,Thuringia,Thueringen,9.075000000000001
99115,Thuringia,Thueringen,9.075000000000001
99116,Thuringia,Thueringen,9.075000000000001
99117,Thuringia,Thueringen,9.075000000000001
99130,Thüringen,Thueringen,9.075000000000001
99189,Thüringen,Thueringen,9.075000000000001
99192,Thüringen,Thueringen,9.075000000000001
99195,Thüringen,Thueringen,9.075000000000001
99198,Thüringen,Thueringen,9.075000000000001
99310,Thüringen,Thueringen,9.075000000000001
99326,Thüringen,Thueringen,9.075000000000001
99330,Thüringen,Thueringen,9.075000000000001
99334,Thüringen,Thueringen,9.075000000000001
99338,Thüringen,Thueringen,9.075000000000001
99420,Thuringia,Thueringen,9.075000000000001
99421,Thuringia,Thueringen,9.075000000000001
99423,Thüringen,Thueringen,9.075000000000001
99425,Thüringen,Thueringen,9.075000000000001
99427,Thüringen,Thueringen,9.075000000000001
99428,Thüringen,Thueringen,9.075000000000001
99437,Thuringia,Thueringen,9.075000000000001
99438,Thüringen,Thueringen,9.075000000000001
99439,Thüringen,Thueringen,9.075000000000001
99441,Thüringen,Thueringen,9.075000000000001
99444,Thüringen,Thueringen,9.075000000000001
99448,Thüringen,Thueringen,9.075000000000001
99510,Thüringen,Thueringen,9.075000000000001
99518,Thüringen,Thueringen,9.075000000000001
99610,Thüringen,Thueringen,9.075000000000001
99625,Thüringen,Thueringen,9.075000000000001
99628,Thüringen,Thueringen,9.075000000000001
99631,Thüringen,Thueringen,9.075000000000001
99634,Thüringen,Thueringen,9.075000000000001
99636,Thüringen,Thueringen,9.075000000000001
99638,Thüringen,Thueringen,9.075000000000001
99706,Thüringen,Thueringen,9.075000000000001
99707,Thüringen,Thueringen,9.075000000000001
99713,Thüringen,Thueringen,9.075000000000001
99718,Thüringen,Thueringen,9.075000000000001
99734,Thüringen,Thueringen,9.075000000000001
99735,Thüringen,Thueringen,9.075000000000001
99738,Thuringia,Thueringen,9.075000000000001
99752,Thüringen,Thueringen,9.075000000000001
99755,Thüringen,Thueringen,9.075000000000001
99759,Thüringen,Thueringen,9.075000000000001
99762,Thüringen,Thueringen,9.075000000000001
99765,Thüringen,Thueringen,9.075000000000001
99768,Thüringen,Thueringen,9.075000000000001
99815,Thuringia,Thueringen,9.075000000000001
99817,Thüringen,Thueringen,9.075000000000001
99819,Thüringen,Thueringen,9.075000000000001
99820,Thüringen,Thueringen,9.075000000000001
99826,Thüringen,Thueringen,9.075000000000001
99830,Thüringen,Thueringen,9.075000000000001
99831,Thüringen,Thueringen,9.075000000000001
99834,Thüringen,Thueringen,9.075000000000001
99837,Thüringen,Thueringen,9.075000000000001
99842,Thüringen,Thueringen,9.075000000000001
99846,Thüringen,Thueringen,9.075000000000001
99848,Thüringen,Thueringen,9.075000000000001
99867,Thüringen,Thueringen,9.075000000000001
99869,Thüringen,Thueringen,9.075000000000001
99878,Thuringia,Thueringen,9.075000000000001
99880,Thüringen,Thueringen,9.075000000000001
99885,Thüringen,Thueringen,9.075000000000001
99887,Thüringen,Thueringen,9.075000000000001
99891,Thüringen,Thueringen,9.075000000000001
99893,Thuringia,Thueringen,9.075000000000001
99894,Thüringen,Thueringen,9.075000000000001
99897,Thüringen,Thueringen,9.075000000000001
99947,Thüringen,Thueringen,9.075000000000001
99955,Thüringen,Thueringen,9.075000000000001
99958,Thüringen,Thueringen,9.075000000000001
99974,Thüringen,Thueringen,9.075000000000001
99976,Thüringen,Thueringen,9.075000000000001
99986,Thüringen,Thueringen,9.075000000000001
99988,Thüringen,Thueringen,9.075000000000001
99991,Thüringen,Thueringen,9.075000000000001
99994,Thüringen,Thueringen,9.075000000000001
99996,Thüringen,Thueringen,9.075000000000001
99998,Thüringen,Thueringen,9.075000000000001
