Postal Code,Design Temperature (°C)
01053,-10.54
01054,-10.54
01055,-10.54
01056,-10.54
01057,-10.54
01058,-10.54
01059,-10.54
01060,-10.54
01062,-10.54
01063,-10.54
01064,-10.54
01065,-10.54
01067,-10.54
01069,-10.54
01070,-10.54
01095,-10.54
01097,-10.54
01099,-10.54
01108,-10.54
01109,-10.54
01127,-10.54
01129,-10.54
01139,-10.54
01156,-10.54
01157,-10.54
01159,-10.54
01169,-10.54
01187,-10.54
01189,-10.54
01213,-10.54
01217,-10.54
01219,-10.54
01237,-10.54
01239,-10.54
01255,-10.54
01257,-10.54
01259,-10.54
01264,-10.54
01277,-10.54
01279,-10.54
01303,-10.54
01304,-10.54
01305,-10.54
01307,-10.54
01309,-10.54
01324,-10.54
01326,-10.54
01328,-10.54
01332,-10.54
01333,-10.54
01445,-10.54
01454,-10.54
01458,-10.54
01465,-10.54
01468,-10.54
01471,-10.54
01477,-10.54
01558,-10.54
01561,-10.54
01585,-10.54
01587,-10.54
01589,-10.54
01591,-10.54
01594,-10.54
01609,-10.54
01612,-10.54
01616,-10.54
01619,-10.54
01623,-10.54
01640,-10.54
01662,-10.54
01665,-10.54
01683,-10.54
01689,-10.54
01705,-10.54
01723,-10.54
01728,-10.54
01730,-10.54
01731,-10.54
01734,-10.54
01737,-10.54
01738,-10.54
01744,-10.54
01762,-10.54
01768,-10.54
01773,-10.54
01774,-10.54
01776,-10.54
01778,-10.54
01793,-10.54
01796,-10.54
01809,-10.54
01814,-10.54
01816,-10.54
01819,-10.54
01824,-10.54
01825,-10.54
01829,-10.54
01833,-10.54
01844,-10.54
01847,-10.54
01848,-10.54
01855,-10.54
01877,-10.54
01896,-10.54
01900,-10.54
01904,-10.54
01906,-10.54
01909,-10.54
01917,-10.54
01920,-10.54
01936,-10.54
01945,-9.85
01968,-9.85
01979,-9.85
01983,-9.85
01987,-9.85
01990,-9.85
01993,-9.85
01994,-9.85
01996,-9.85
01998,-9.85
02619,-10.54
02620,-10.54
02621,-10.54
02625,-10.54
02627,-10.54
02633,-10.54
02643,-10.54
02681,-10.54
02689,-10.54
02692,-10.54
02694,-10.54
02699,-10.54
02708,-10.54
02727,-10.54
02730,-10.54
02733,-10.54
02736,-10.54
02739,-10.54
02742,-10.54
02747,-10.54
02748,-10.54
02763,-10.54
02779,-10.54
02782,-10.54
02785,-10.54
02788,-10.54
02791,-10.54
02794,-10.54
02796,-10.54
02797,-10.54
02799,-10.54
02826,-10.54
02827,-10.54
02828,-10.54
02829,-10.54
02894,-10.54
02899,-10.54
02906,-10.54
02923,-10.54
02929,-10.54
02943,-10.54
02953,-10.54
02956,-10.54
02957,-10.54
02959,-10.54
02977,-10.54
02979,-10.54
02991,-10.54
02994,-10.54
02997,-10.54
02999,-10.54
03039,-9.85
03042,-9.85
03044,-9.85
03046,-9.85
03048,-9.85
03050,-9.85
03051,-9.85
03052,-9.85
03053,-9.85
03054,-9.85
03055,-9.85
03058,-9.85
03065,-9.85
03075,-9.79
03096,-9.85
03099,-9.85
03103,-9.85
03116,-9.85
03119,-9.85
03130,-9.85
03139,-9.85
03149,-9.85
03159,-9.85
03172,-9.85
03185,-9.85
03197,-9.85
03202,-9.85
03205,-9.85
03222,-9.85
03226,-9.85
03229,-9.85
03238,-9.85
03246,-9.85
03249,-9.85
03253,-9.85
04022,-10.54
04024,-10.54
04056,-10.54
04063,-10.54
04064,-10.54
04079,-10.54
04080,-10.54
04081,-10.54
04082,-10.54
04083,-10.54
04084,-10.54
04086,-10.54
04087,-10.54
04088,-10.54
04089,-10.54
04091,-10.54
04092,-10.54
04095,-10.54
04097,-10.54
04103,-10.54
04105,-10.54
04107,-10.54
04109,-10.54
04129,-10.54
04150,-10.54
04151,-10.54
04155,-10.54
04157,-10.54
04158,-10.54
04159,-10.54
04160,-9.79
04177,-10.54
04178,-10.54
04179,-10.54
04205,-10.54
04207,-10.54
04209,-10.54
04227,-10.54
04229,-10.54
04249,-10.54
04275,-10.54
04277,-10.54
04279,-10.54
04288,-10.54
04289,-10.54
04299,-10.54
04310,-10.54
04311,-10.54
04312,-10.54
04315,-10.54
04316,-10.54
04317,-10.54
04318,-10.54
04319,-10.54
04328,-10.54
04329,-10.54
04347,-10.54
04349,-10.54
04350,-10.54
04356,-10.54
04357,-10.54
04360,-10.54
04365,-10.54
04370,-10.54
04416,-10.54
04420,-10.54
04425,-10.54
04435,-10.54
04442,-10.54
04451,-10.54
04460,-10.54
04463,-10.54
04509,-10.54
04519,-10.54
04523,-10.54
04539,-10.54
04550,-10.54
04552,-10.54
04564,-10.54
04565,-10.54
04567,-10.54
04571,-10.54
04574,-10.54
04575,-10.54
04579,-10.54
04600,-10.925
04603,-10.925
04610,-10.925
04613,-10.925
04617,-10.925
04618,-10.925
04626,-10.925
04639,-10.925
04643,-10.54
04651,-10.54
04654,-10.54
04655,-10.54
04657,-10.54
04668,-10.54
04680,-10.54
04683,-10.54
04685,-10.54
04687,-10.54
04688,-10.54
04703,-10.54
04720,-10.54
04736,-10.54
04741,-10.54
04746,-10.54
04749,-10.54
04756,-10.54
04758,-10.54
04769,-10.54
04774,-10.54
04779,-10.54
04808,-10.54
04821,-10.54
04824,-10.54
04827,-10.54
04828,-10.54
04838,-10.54
04849,-10.54
04855,-10.54
04860,-10.54
04862,-10.54
04874,-10.54
04880,-10.54
04886,-10.54
04889,-10.54
04895,-9.85
04910,-9.85
04916,-9.85
04924,-9.85
04928,-9.85
04931,-9.85
04932,-9.85
04934,-9.85
04936,-9.85
04938,-9.85
06073,-9.825
06075,-9.825
06076,-9.825
06077,-9.825
06089,-9.825
06090,-9.825
06091,-9.825
06092,-9.825
06094,-9.825
06095,-9.825
06097,-9.825
06098,-9.825
06099,-9.825
06100,-9.825
06103,-9.825
06104,-9.825
06105,-9.825
06106,-9.825
06108,-9.825
06110,-9.825
06112,-9.825
06114,-9.825
06116,-9.825
06118,-9.825
06120,-9.825
06122,-9.825
06124,-9.825
06126,-9.825
06128,-9.825
06130,-9.825
06132,-9.825
06144,-9.825
06145,-9.825
06146,-9.825
06147,-9.825
06179,-9.825
06184,-9.825
06188,-9.825
06193,-9.825
06198,-9.825
06217,-9.825
06231,-9.825
06237,-9.825
06242,-9.825
06246,-9.825
06249,-9.825
06252,-9.825
06254,-9.825
06255,-9.825
06258,-9.825
06259,-9.825
06268,-9.825
06279,-9.825
06291,-9.825
06295,-9.825
06308,-9.825
06311,-9.825
06313,-9.825
06317,-9.825
06318,-9.825
06333,-9.825
06343,-9.825
06347,-9.825
06348,-9.825
06359,-9.825
06366,-9.825
06369,-9.825
06385,-9.825
06386,-9.825
06388,-9.825
06400,-9.825
06406,-9.825
06408,-9.825
06420,-9.825
06425,-9.825
06429,-9.825
06449,-9.825
06456,-9.825
06458,-9.825
06463,-9.825
06464,-9.825
06466,-9.825
06467,-9.825
06469,-9.825
06484,-9.825
06493,-9.825
06502,-9.825
06507,-9.825
06526,-9.825
06528,-9.825
06536,-9.825
06537,-9.825
06542,-9.825
06543,-9.825
06547,-9.825
06553,-10.925
06556,-10.925
06567,-10.925
06571,-10.925
06577,-10.925
06578,-10.925
06618,-9.825
06628,-9.825
06632,-9.825
06636,-9.825
06638,-9.825
06642,-9.825
06647,-9.825
06648,-9.825
06667,-9.825
06679,-9.825
06682,-9.825
06686,-9.825
06688,-9.825
06712,-9.825
06721,-9.825
06722,-9.825
06724,-9.825
06725,-9.825
06727,-9.825
06729,-9.825
06731,-9.825
06749,-9.825
06766,-9.825
06773,-9.825
06774,-9.825
06779,-9.825
06780,-9.825
06785,-9.825
06786,-9.825
06791,-9.825
06792,-9.825
06794,-9.825
06796,-9.825
06800,-9.825
06803,-9.825
06804,-9.825
06808,-9.825
06809,-9.825
06838,-9.825
06839,-9.825
06842,-9.825
06844,-9.825
06846,-9.825
06847,-9.825
06849,-9.825
06861,-9.825
06862,-9.825
06868,-9.825
06869,-9.825
06886,-9.825
06888,-9.825
06889,-9.825
06895,-9.825
06896,-9.825
06901,-9.825
06905,-9.825
06909,-9.825
06917,-9.825
06918,-9.825
06922,-9.825
06925,-9.825
06926,-9.825
06928,-9.825
07318,-10.925
07330,-10.925
07333,-10.925
07334,-10.925
07336,-10.925
07338,-10.925
07343,-10.925
07349,-10.925
07356,-10.925
07366,-10.925
07368,-10.925
07381,-10.925
07387,-10.925
07389,-10.925
07407,-10.925
07422,-10.925
07426,-10.925
07427,-10.925
07429,-10.925
07497,-10.925
07499,-10.925
07541,-10.925
07543,-10.925
07545,-10.925
07546,-10.925
07548,-10.925
07549,-10.925
07551,-10.925
07552,-10.925
07554,-10.925
07557,-10.925
07570,-10.925
07580,-10.925
07584,-10.925
07586,-10.925
07589,-10.925
07607,-10.925
07613,-10.925
07616,-10.925
07619,-10.925
07629,-10.925
07639,-10.925
07646,-10.925
07737,-10.925
07738,-10.925
07739,-10.925
07740,-10.925
07743,-10.925
07745,-10.925
07747,-10.925
07749,-10.925
07751,-10.925
07768,-10.925
07774,-10.925
07778,-10.925
07806,-10.925
07819,-10.925
07907,-10.925
07919,-10.54
07922,-10.925
07924,-10.925
07926,-10.925
07927,-10.925
07929,-10.925
07937,-10.925
07950,-10.925
07952,-10.54
07955,-10.925
07957,-10.925
07958,-10.925
07973,-10.925
07980,-10.925
07985,-10.54
07987,-10.925
07989,-10.925
08037,-10.54
08048,-10.54
08056,-10.54
08058,-10.54
08060,-10.54
08062,-10.54
08064,-10.54
08066,-10.54
08080,-10.54
08081,-10.54
08107,-10.54
08112,-10.54
08115,-10.54
08118,-10.54
08132,-10.54
08134,-10.54
08141,-10.54
08144,-10.54
08147,-10.54
08209,-10.54
08223,-10.54
08228,-10.54
08233,-10.54
08236,-10.54
08237,-10.54
08239,-10.54
08248,-10.54
08258,-10.54
08261,-10.54
08262,-10.54
08265,-10.54
08267,-10.54
08269,-10.54
08280,-10.54
08289,-10.54
08294,-10.54
08297,-10.54
08301,-10.54
08304,-10.54
08309,-10.54
08312,-10.54
08315,-10.54
08318,-10.54
08321,-10.54
08324,-10.54
08325,-10.54
08326,-10.54
08328,-10.54
08340,-10.54
08344,-10.54
08349,-10.54
08352,-10.54
08355,-10.54
08359,-10.54
08371,-10.54
08373,-10.54
08393,-10.54
08396,-10.54
08412,-10.54
08427,-10.54
08428,-10.54
08432,-10.54
08439,-10.54
08451,-10.54
08459,-10.54
08468,-10.54
08485,-10.54
08491,-10.54
08496,-10.54
08499,-10.54
08520,-10.54
08523,-10.54
08525,-10.54
08527,-10.54
08529,-10.54
08538,-10.54
08539,-10.54
08541,-10.54
08543,-10.54
08547,-10.54
08548,-10.54
08606,-10.54
08626,-10.54
08645,-10.54
08648,-10.54
09028,-10.54
09030,-10.54
09091,-10.54
09092,-10.54
09093,-10.54
09094,-10.54
09095,-10.54
09096,-10.54
09097,-10.54
09099,-10.54
09100,-10.54
09103,-10.54
09105,-10.54
09106,-10.54
09107,-10.54
09108,-10.54
09109,-10.54
09111,-10.54
09112,-10.54
09113,-10.54
09114,-10.54
09116,-10.54
09117,-10.54
09119,-10.54
09120,-10.54
09122,-10.54
09123,-10.54
09125,-10.54
09126,-10.54
09127,-10.54
09128,-10.54
09130,-10.54
09131,-10.54
09212,-10.54
09217,-10.54
09221,-10.54
09224,-10.54
09227,-10.54
09228,-10.54
09231,-10.54
09232,-10.54
09235,-10.54
09236,-10.54
09241,-10.54
09243,-10.54
09244,-10.54
09247,-10.54
09249,-10.54
09306,-10.54
09322,-10.54
09326,-10.54
09328,-10.54
09337,-10.54
09350,-10.54
09353,-10.54
09355,-10.54
09356,-10.54
09366,-10.54
09376,-10.54
09380,-10.54
09385,-10.54
09387,-10.54
09390,-10.54
09392,-10.54
09394,-10.54
09395,-10.54
09399,-10.54
09405,-10.54
09419,-10.54
09423,-10.54
09427,-10.54
09429,-10.54
09430,-10.54
09432,-10.54
09435,-10.54
09437,-10.54
09439,-10.54
09450,-10.54
09453,-10.54
09454,-10.54
09456,-10.54
09465,-10.54
09468,-10.54
09471,-10.54
09474,-10.54
09477,-10.54
09481,-10.54
09484,-10.54
09487,-10.54
09488,-10.54
09496,-10.54
09509,-10.54
09514,-10.54
09517,-10.54
09518,-10.54
09526,-10.54
09544,-10.54
09548,-10.54
09557,-10.54
09569,-10.54
09573,-10.54
09575,-10.54
09577,-10.54
09579,-10.54
09595,-10.54
09596,-10.54
09599,-10.54
09600,-10.54
09603,-10.54
09618,-10.54
09619,-10.54
09623,-10.54
09627,-10.54
09629,-10.54
09633,-10.54
09634,-10.54
09638,-10.54
09648,-10.54
09660,-10.54
09661,-10.54
09669,-10.54
10026,-9.835
10082,-9.835
10083,-9.835
10086,-9.835
10096,-9.835
10098,-9.835
10099,-9.835
10102,-9.835
10103,-9.835
10104,-9.835
10105,-9.835
10106,-9.835
10107,-9.835
10108,-9.835
10109,-9.835
10112,-9.835
10115,-9.835
10117,-9.835
10119,-9.835
10150,-9.835
10169,-9.835
10173,-9.835
10178,-9.835
10179,-9.835
10243,-9.835
10245,-9.835
10247,-9.835
10249,-9.835
10306,-9.835
10313,-9.835
10315,-9.835
10317,-9.835
10318,-9.835
10319,-9.835
10356,-9.835
10358,-9.835
10360,-9.835
10361,-9.835
10362,-9.835
10365,-9.835
10367,-9.835
10369,-9.835
10400,-9.835
10405,-9.835
10407,-9.835
10409,-9.835
10431,-9.835
10435,-9.835
10437,-9.835
10439,-9.835
10546,-9.835
10547,-9.835
10548,-9.835
10551,-9.835
10553,-9.835
10555,-9.835
10557,-9.835
10559,-9.835
10585,-9.835
10587,-9.835
10589,-9.835
10617,-9.835
10623,-9.835
10625,-9.835
10627,-9.835
10629,-9.835
10702,-9.835
10703,-9.835
10704,-9.835
10705,-9.835
10707,-9.835
10709,-9.835
10711,-9.835
10713,-9.835
10715,-9.835
10717,-9.835
10719,-9.835
10768,-9.835
10772,-9.835
10773,-9.835
10774,-9.835
10777,-9.835
10779,-9.835
10781,-9.835
10783,-9.835
10785,-9.835
10787,-9.835
10789,-9.835
10819,-9.835
10820,-9.835
10823,-9.835
10825,-9.835
10827,-9.835
10829,-9.835
10842,-9.835
10850,-9.835
10858,-9.85
10859,-9.835
10860,-9.835
10861,-9.835
10862,-9.835
10863,-9.835
10864,-9.835
10865,-9.835
10867,-9.835
10868,-9.835
10871,-9.835
10872,-9.835
10873,-9.835
10874,-9.835
10875,-10.65
10876,-9.835
10877,-9.835
10878,-9.835
10880,-9.835
10881,-9.835
10882,-9.835
10883,-9.835
10884,-9.835
10885,-9.835
10886,-9.835
10887,-9.835
10888,-9.835
10889,-9.835
10890,-9.835
10891,-9.835
10892,-9.835
10893,-9.835
10896,-9.835
10898,-10.445
10899,-9.835
10901,-9.835
10902,-9.835
10903,-9.835
10904,-9.835
10905,-9.835
10907,-9.835
10908,-9.85
10909,-9.85
10910,-9.79
10912,-9.835
10913,-9.835
10914,-9.835
10916,-9.835
10917,-9.835
10918,-9.835
10919,-9.835
10934,-9.835
10956,-9.835
10958,-9.835
10959,-9.835
10961,-9.835
10963,-9.835
10965,-9.835
10967,-9.835
10969,-9.835
10997,-9.835
10999,-9.835
11010,-9.835
11011,-9.835
11013,-9.835
11014,-9.835
11017,-9.835
11052,-9.835
11053,-9.835
11054,-9.835
11055,-9.835
11056,-9.835
11501,-9.835
11503,-9.835
11504,-9.835
11505,-9.835
11506,-9.835
11507,-9.835
11508,-9.835
11509,-9.835
11510,-9.835
11511,-9.835
11512,-10.65
11513,-9.835
11515,-9.835
11516,-9.835
12028,-9.835
12032,-9.835
12037,-9.835
12038,-9.835
12039,-9.835
12040,-9.835
12043,-9.835
12045,-9.835
12047,-9.835
12049,-9.835
12051,-9.835
12053,-9.835
12055,-9.835
12057,-9.835
12059,-9.835
12095,-9.835
12096,-9.835
12099,-9.835
12101,-9.835
12103,-9.835
12105,-9.835
12107,-9.835
12109,-9.835
12154,-9.835
12157,-9.835
12159,-9.835
12161,-9.835
12163,-9.835
12165,-9.835
12167,-9.835
12169,-9.835
12200,-9.835
12203,-9.835
12205,-9.835
12207,-9.835
12209,-9.835
12247,-9.835
12249,-9.835
12274,-9.835
12277,-9.835
12279,-9.835
12305,-9.835
12307,-9.835
12309,-9.835
12345,-9.835
12347,-9.835
12349,-9.835
12351,-9.835
12353,-9.835
12355,-9.835
12357,-9.835
12359,-9.835
12435,-9.835
12437,-9.835
12439,-9.835
12459,-9.835
12485,-9.835
12487,-9.835
12489,-9.835
12521,-9.85
12524,-9.835
12526,-9.835
12527,-9.835
12529,-9.85
12552,-9.835
12555,-9.835
12557,-9.835
12559,-9.835
12587,-9.835
12589,-9.835
12616,-9.835
12619,-9.835
12621,-9.835
12623,-9.835
12627,-9.835
12629,-9.835
12670,-9.835
12671,-9.835
12677,-9.835
12678,-10.445
12679,-9.835
12681,-9.835
12683,-9.835
12685,-9.835
12687,-9.835
12689,-9.835
12712,-9.85
13047,-9.835
13048,-9.835
13051,-9.835
13053,-9.835
13055,-9.835
13057,-9.835
13059,-9.835
13086,-9.835
13088,-9.835
13089,-9.835
13122,-9.835
13125,-9.835
13127,-9.835
13129,-9.835
13156,-9.835
13158,-9.835
13159,-9.835
13187,-9.835
13189,-9.835
13340,-9.835
13341,-9.835
13342,-9.835
13343,-9.835
13344,-9.835
13347,-9.835
13349,-9.835
13351,-9.835
13353,-9.835
13355,-9.835
13357,-9.835
13359,-9.835
13400,-9.835
13403,-9.835
13405,-9.835
13407,-9.835
13409,-9.835
13435,-9.835
13437,-9.835
13439,-9.835
13465,-9.835
13467,-9.835
13469,-9.835
13496,-9.835
13497,-9.835
13498,-9.835
13499,-9.835
13500,-9.835
13503,-9.835
13505,-9.835
13507,-9.835
13509,-9.835
13565,-9.835
13578,-9.835
13581,-9.835
13583,-9.835
13585,-9.835
13587,-9.835
13589,-9.835
13591,-9.835
13593,-9.835
13595,-9.835
13597,-9.835
13599,-9.835
13619,-9.835
13622,-9.835
13623,-9.835
13624,-9.835
13625,-9.835
13627,-9.835
13629,-9.835
13660,-9.85
14045,-9.835
14046,-9.835
14047,-9.835
14050,-9.835
14052,-9.835
14053,-9.835
14055,-9.835
14057,-9.835
14059,-9.835
14089,-9.835
14107,-9.835
14109,-9.835
14129,-9.835
14131,-9.835
14160,-9.835
14163,-9.835
14165,-9.835
14167,-9.835
14169,-9.835
14191,-9.835
14193,-9.835
14195,-9.835
14197,-9.835
14199,-9.835
14322,-9.85
14328,-9.835
14329,-9.85
14424,-9.85
14425,-9.85
14456,-9.85
14457,-9.835
14458,-9.85
14459,-9.85
14461,-9.85
14462,-9.85
14463,-9.85
14464,-9.85
14465,-9.85
14467,-9.85
14469,-9.85
14471,-9.85
14473,-9.85
14476,-9.85
14478,-9.85
14480,-9.85
14482,-9.85
14510,-9.85
14513,-9.85
14532,-9.85
14542,-9.85
14547,-9.85
14548,-9.85
14550,-9.85
14552,-9.85
14554,-9.85
14557,-9.85
14558,-9.85
14612,-9.85
14621,-9.85
14624,-9.85
14627,-9.85
14641,-9.85
14655,-9.85
14656,-9.85
14662,-9.85
14669,-9.85
14710,-9.85
14712,-9.85
14715,-9.85
14727,-9.85
14728,-9.85
14765,-9.85
14767,-9.85
14770,-9.85
14772,-9.85
14774,-9.85
14776,-9.85
14778,-9.85
14789,-9.85
14793,-9.85
14797,-9.85
14798,-9.85
14806,-9.85
14822,-9.85
14823,-9.85
14827,-9.85
14828,-9.85
14913,-9.85
14929,-9.85
14943,-9.85
14947,-9.85
14959,-9.85
14974,-9.85
14979,-9.85
14980,-9.85
15220,-9.85
15224,-9.85
15227,-9.835
15228,-9.85
15229,-9.85
15230,-9.85
15232,-9.85
15234,-9.85
15236,-9.85
15295,-9.85
15299,-9.85
15306,-9.85
15320,-9.85
15324,-9.85
15326,-9.85
15328,-9.85
15344,-9.85
15345,-9.85
15366,-9.85
15370,-9.85
15372,-9.85
15374,-9.85
15377,-9.85
15378,-9.85
15515,-9.85
15517,-9.85
15518,-9.85
15526,-9.85
15528,-9.85
15537,-9.85
15559,-9.85
15562,-9.85
15566,-9.85
15569,-9.85
15711,-9.85
15712,-9.85
15713,-9.85
15732,-9.85
15738,-9.85
15741,-9.85
15745,-9.85
15746,-9.85
15748,-9.85
15749,-9.85
15752,-9.85
15754,-9.85
15755,-9.85
15757,-9.85
15806,-9.85
15827,-9.85
15831,-9.85
15834,-9.85
15837,-9.85
15838,-9.85
15848,-9.85
15859,-9.85
15864,-9.85
15868,-9.85
15887,-9.85
15888,-9.85
15890,-9.85
15898,-9.85
15907,-9.85
15910,-9.85
15913,-9.85
15926,-9.85
15936,-9.85
15938,-9.85
16222,-9.85
16225,-9.85
16227,-9.85
16230,-9.85
16244,-9.85
16247,-9.85
16248,-9.85
16259,-9.85
16269,-9.85
16278,-9.85
16303,-9.85
16306,-9.85
16307,-9.85
16321,-9.85
16341,-9.85
16348,-9.85
16352,-9.85
16356,-9.85
16359,-9.85
16515,-9.85
16540,-9.85
16547,-9.85
16548,-9.85
16552,-9.85
16556,-9.85
16559,-9.85
16562,-9.85
16565,-9.85
16567,-9.85
16727,-9.85
16759,-9.85
16761,-9.85
16766,-9.85
16767,-9.85
16775,-9.85
16792,-9.85
16798,-9.85
16814,-9.85
16816,-9.85
16818,-9.85
16827,-9.85
16831,-9.85
16833,-9.85
16835,-9.85
16837,-9.85
16845,-9.85
16866,-9.85
16868,-9.85
16909,-9.85
16918,-9.85
16921,-9.85
16928,-9.85
16945,-9.85
16949,-9.85
17030,-10.31
17033,-10.31
17034,-10.31
17036,-10.31
17039,-10.31
17049,-10.31
17050,-10.31
17087,-10.31
17089,-10.31
17091,-10.31
17094,-10.31
17098,-10.31
17099,-10.31
17109,-10.31
17111,-10.31
17121,-10.31
17126,-10.31
17129,-10.31
17139,-10.31
17153,-10.31
17154,-10.31
17159,-10.31
17166,-10.31
17168,-10.31
17179,-10.31
17192,-10.31
17194,-10.31
17207,-10.31
17209,-10.31
17213,-10.31
17214,-10.31
17217,-10.31
17219,-10.31
17235,-10.31
17237,-10.31
17240,-9.835
17248,-10.31
17252,-10.31
17255,-10.31
17258,-10.31
17259,-10.31
17268,-9.85
17279,-9.85
17291,-9.85
17305,-10.31
17306,-10.31
17308,-10.31
17309,-10.31
17321,-10.31
17322,-10.31
17326,-9.85
17328,-10.31
17329,-10.31
17335,-10.31
17337,-9.85
17348,-10.31
17349,-10.31
17358,-10.31
17367,-10.31
17373,-10.31
17375,-10.31
17379,-10.31
17389,-10.31
17390,-10.31
17391,-10.31
17392,-10.31
17398,-10.31
17406,-10.31
17419,-10.31
17424,-10.31
17429,-10.31
17438,-10.31
17440,-10.31
17449,-10.31
17454,-10.31
17459,-10.31
17474,-10.31
17475,-10.31
17489,-10.31
17491,-10.31
17493,-10.31
17495,-10.31
17498,-10.31
17506,-10.31
17509,-10.31
18048,-10.31
18050,-10.31
18051,-10.31
18052,-10.31
18053,-10.31
18055,-10.31
18057,-10.31
18059,-10.31
18060,-10.31
18069,-10.31
18101,-10.31
18106,-10.31
18107,-10.31
18109,-10.31
18119,-10.31
18146,-10.31
18147,-10.31
18181,-10.31
18182,-10.31
18184,-10.31
18190,-10.31
18195,-10.31
18196,-10.31
18198,-10.31
18209,-10.31
18211,-10.31
18225,-10.31
18230,-10.31
18231,-10.31
18233,-10.31
18236,-10.31
18239,-10.31
18246,-10.31
18249,-10.31
18258,-10.31
18271,-10.31
18273,-10.31
18276,-10.31
18279,-10.31
18292,-10.31
18299,-10.31
18311,-10.31
18314,-10.31
18317,-10.31
18320,-10.31
18334,-10.31
18337,-10.31
18347,-10.31
18356,-10.31
18374,-10.31
18375,-10.31
18431,-10.31
18432,-10.31
18435,-10.31
18437,-10.31
18439,-10.31
18442,-10.31
18445,-10.31
18461,-10.31
18465,-10.31
18469,-10.31
18507,-10.31
18510,-10.31
18513,-10.31
18516,-10.31
18519,-10.31
18528,-10.31
18546,-10.31
18551,-10.31
18556,-10.31
18565,-10.31
18569,-10.31
18573,-10.31
18574,-10.31
18581,-10.31
18586,-10.31
18609,-10.31
19020,-10.31
19048,-10.31
19049,-10.31
19050,-10.31
19051,-10.31
19053,-10.31
19055,-10.31
19057,-10.31
19059,-10.31
19061,-10.31
19063,-10.31
19065,-10.31
19067,-10.31
19069,-10.31
19071,-10.31
19073,-10.31
19075,-10.31
19077,-10.31
19079,-10.31
19085,-10.31
19086,-10.31
19089,-10.31
19101,-10.31
19205,-10.31
19209,-10.31
19217,-10.31
19230,-10.31
19243,-10.31
19246,-10.31
19249,-10.31
19258,-10.31
19260,-10.31
19273,-10.31
19288,-10.31
19294,-10.31
19300,-10.31
19303,-10.31
19306,-10.31
19309,-9.85
19322,-9.85
19334,-9.85
19336,-9.85
19339,-9.85
19348,-9.85
19357,-9.85
19367,-10.31
19370,-10.31
19372,-10.31
19374,-10.31
19376,-10.31
19386,-10.31
19395,-10.31
19399,-10.31
19406,-10.31
19412,-10.31
19417,-10.31
20038,-9.955
20066,-9.955
20067,-9.955
20068,-9.955
20069,-9.955
20070,-9.955
20071,-9.955
20072,-9.955
20073,-9.955
20074,-9.955
20076,-9.955
20077,-9.955
20079,-9.955
20080,-9.955
20081,-9.955
20083,-11.145
20084,-9.955
20085,-9.955
20086,-9.955
20087,-9.955
20088,-9.955
20090,-9.955
20091,-9.955
20092,-9.955
20095,-9.955
20097,-9.955
20099,-9.955
20139,-9.955
20140,-9.955
20144,-9.955
20146,-9.955
20148,-9.955
20149,-9.955
20242,-9.955
20243,-9.955
20244,-9.955
20245,-9.955
20246,-9.955
20247,-9.955
20249,-9.955
20251,-9.955
20253,-9.955
20255,-9.955
20257,-9.955
20259,-9.955
20346,-9.955
20347,-9.955
20348,-9.955
20350,-9.955
20351,-9.955
20354,-9.955
20355,-9.955
20357,-9.955
20359,-9.955
20444,-9.955
20445,-9.955
20446,-9.955
20449,-9.955
20450,-9.955
20451,-9.955
20452,-9.955
20453,-9.955
20454,-9.955
20457,-9.955
20459,-9.955
20531,-9.955
20533,-9.955
20535,-9.955
20537,-9.955
20539,-9.955
20901,-9.955
20903,-9.955
20911,-9.955
20912,-9.955
20913,-9.955
20914,-9.955
20915,-9.955
21027,-9.955
21029,-9.955
21031,-9.955
21033,-9.955
21035,-9.955
21037,-9.955
21039,-9.955
21071,-9.955
21073,-9.955
21075,-9.955
21077,-9.955
21079,-9.955
21105,-9.955
21107,-9.955
21109,-9.955
21129,-9.955
21147,-9.955
21149,-9.955
21170,-9.955
21172,-9.955
21175,-9.955
21217,-9.955
21218,-9.955
21220,-9.955
21224,-9.955
21227,-9.955
21228,-9.955
21244,-9.955
21255,-9.955
21256,-9.955
21258,-9.955
21259,-9.955
21261,-9.955
21266,-9.955
21271,-9.955
21272,-9.955
21274,-9.955
21279,-9.955
21332,-9.955
21333,-9.955
21335,-9.955
21337,-9.955
21339,-9.955
21354,-9.955
21357,-9.955
21358,-9.955
21360,-9.955
21365,-9.955
21368,-9.955
21369,-9.955
21371,-9.955
21376,-9.955
21379,-9.955
21380,-9.955
21382,-9.955
21385,-9.955
21386,-9.955
21388,-9.955
21391,-9.955
21394,-9.955
21395,-9.955
21397,-9.955
21398,-9.955
21400,-9.955
21401,-9.955
21403,-9.955
21406,-9.955
21407,-9.955
21409,-9.955
21421,-9.955
21423,-9.955
21435,-9.955
21436,-9.955
21438,-9.955
21439,-9.955
21441,-9.955
21442,-9.955
21444,-9.955
21445,-9.955
21447,-9.955
21449,-9.955
21462,-10.34
21465,-10.34
21481,-10.34
21483,-10.34
21493,-10.34
21500,-10.34
21502,-10.34
21509,-10.34
21514,-10.34
21516,-10.34
21521,-10.34
21522,-9.955
21524,-10.34
21526,-10.34
21527,-10.34
21529,-10.34
21614,-9.955
21629,-9.955
21635,-9.955
21640,-9.955
21641,-9.955
21643,-9.955
21644,-9.955
21646,-9.955
21647,-9.955
21649,-9.955
21676,-9.955
21677,-9.955
21680,-9.955
21682,-9.955
21683,-9.955
21684,-9.955
21698,-9.955
21702,-9.955
21706,-9.955
21709,-9.955
21710,-9.955
21712,-9.955
21714,-9.955
21717,-9.955
21720,-9.955
21723,-9.955
21726,-9.955
21727,-9.955
21729,-9.955
21730,-9.955
21732,-9.955
21734,-9.955
21737,-9.955
21739,-9.955
21745,-9.955
21755,-9.955
21756,-9.955
21762,-9.955
21763,-9.955
21765,-9.955
21769,-9.955
21770,-9.955
21772,-9.955
21775,-9.955
21776,-9.955
21781,-9.955
21782,-9.955
21784,-9.955
21785,-9.955
21787,-9.955
21789,-9.955
22032,-9.955
22033,-11.145
22034,-9.955
22035,-9.955
22036,-9.955
22037,-9.955
22039,-9.955
22041,-9.955
22043,-9.955
22045,-9.955
22047,-9.955
22049,-9.955
22078,-9.955
22079,-9.955
22081,-9.955
22083,-9.955
22085,-9.955
22087,-9.955
22089,-9.955
22102,-9.955
22111,-9.955
22113,-10.34
22115,-9.955
22117,-9.955
22119,-9.955
22139,-10.34
22140,-10.34
22143,-9.955
22145,-9.955
22147,-9.955
22149,-9.955
22159,-9.955
22175,-9.955
22177,-9.955
22179,-9.955
22222,-9.955
22276,-9.955
22277,-9.955
22278,-9.955
22279,-9.955
22280,-9.955
22281,-9.955
22282,-9.955
22283,-9.955
22284,-9.955
22287,-9.955
22288,-9.955
22290,-9.955
22291,-9.955
22292,-9.955
22293,-9.955
22294,-9.955
22297,-9.955
22299,-9.955
22301,-9.955
22303,-9.955
22305,-9.955
22307,-9.955
22309,-9.955
22331,-9.955
22332,-9.955
22335,-9.955
22337,-9.955
22339,-9.955
22357,-9.955
22359,-9.955
22389,-9.955
22391,-9.955
22393,-9.955
22395,-9.955
22397,-9.955
22399,-9.955
22413,-9.955
22415,-9.955
22417,-9.955
22419,-9.955
22451,-9.955
22453,-9.955
22455,-9.955
22457,-9.955
22459,-9.955
22520,-9.955
22521,-9.955
22523,-9.955
22525,-9.955
22527,-9.955
22529,-9.955
22545,-9.955
22547,-9.955
22549,-9.955
22557,-9.955
22559,-9.955
22585,-9.955
22587,-9.955
22589,-9.955
22603,-9.955
22605,-9.955
22607,-9.955
22609,-9.955
22743,-9.955
22744,-9.955
22745,-9.955
22746,-9.955
22747,-9.955
22748,-9.955
22750,-9.955
22754,-9.955
22755,-9.955
22756,-9.955
22758,-9.955
22761,-9.955
22763,-9.955
22765,-9.955
22767,-9.955
22769,-9.955
22776,-9.955
22777,-9.955
22778,-9.955
22779,-9.955
22780,-10.445
22781,-10.65
22782,-9.955
22783,-9.955
22785,-9.955
22787,-9.955
22788,-9.955
22789,-9.955
22790,-9.955
22791,-9.955
22792,-9.955
22794,-9.955
22795,-9.955
22796,-9.955
22797,-9.955
22799,-9.955
22839,-10.34
22841,-10.34
22842,-10.34
22844,-10.34
22846,-10.34
22848,-10.34
22850,-10.34
22851,-10.34
22865,-10.34
22866,-9.955
22867,-10.34
22869,-10.34
22876,-10.34
22880,-10.34
22885,-10.34
22889,-10.34
22923,-10.34
22926,-10.34
22927,-10.34
22929,-10.34
22939,-10.34
22941,-10.34
22946,-10.34
22949,-10.34
22952,-10.34
22955,-10.34
22956,-10.34
22958,-10.34
22959,-10.34
22962,-10.34
22964,-10.34
22965,-10.34
22967,-10.34
22969,-10.34
23533,-10.34
23538,-10.34
23539,-10.34
23540,-10.34
23541,-10.34
23542,-10.34
23543,-10.34
23544,-10.34
23546,-10.34
23547,-10.34
23552,-10.34
23554,-10.34
23556,-10.34
23558,-10.34
23560,-10.34
23562,-10.34
23564,-10.34
23566,-10.34
23568,-10.34
23569,-10.34
23570,-10.34
23590,-10.34
23611,-10.34
23615,-10.34
23616,-10.34
23617,-10.34
23619,-10.34
23623,-10.34
23626,-10.34
23627,-10.34
23628,-10.34
23629,-10.34
23669,-10.34
23683,-10.34
23684,-10.34
23689,-10.34
23701,-10.34
23714,-10.34
23715,-10.34
23717,-10.34
23719,-10.34
23730,-10.34
23738,-10.34
23743,-10.34
23744,-10.34
23746,-10.34
23747,-10.34
23749,-10.34
23758,-10.34
23769,-10.34
23774,-10.34
23775,-10.34
23777,-10.34
23779,-10.34
23791,-10.34
23792,-10.34
23795,-10.34
23812,-10.34
23813,-10.34
23815,-10.34
23816,-10.34
23818,-10.34
23820,-10.34
23821,-10.34
23823,-10.34
23824,-10.34
23826,-10.34
23827,-10.34
23829,-10.34
23840,-10.34
23841,-10.34
23843,-10.34
23845,-10.34
23847,-10.34
23858,-10.34
23860,-10.34
23863,-10.34
23864,-10.34
23866,-10.34
23867,-10.34
23869,-10.34
23879,-10.34
23881,-10.34
23883,-10.34
23896,-10.34
23898,-10.34
23899,-10.34
23909,-10.34
23911,-10.34
23919,-10.34
23923,-10.31
23935,-10.31
23936,-10.31
23942,-10.31
23944,-10.31
23946,-10.31
23948,-10.31
23952,-10.31
23966,-10.31
23968,-10.31
23970,-10.31
23972,-10.31
23974,-10.31
23992,-10.31
23996,-10.31
23999,-10.31
24088,-10.34
24090,-10.34
24091,-10.34
24094,-10.34
24095,-10.34
24096,-10.34
24097,-10.34
24098,-10.34
24099,-10.34
24100,-10.34
24103,-10.34
24105,-10.34
24106,-10.34
24107,-10.34
24109,-10.34
24111,-10.34
24113,-10.34
24114,-10.34
24116,-10.34
24118,-10.34
24119,-10.34
24130,-10.34
24131,-10.34
24143,-10.34
24145,-10.34
24146,-10.34
24147,-10.34
24148,-10.34
24149,-10.34
24159,-10.34
24161,-10.34
24180,-10.34
24211,-10.34
24214,-10.34
24217,-10.34
24220,-10.34
24222,-10.34
24223,-10.34
24226,-10.34
24229,-10.34
24232,-10.34
24235,-10.34
24238,-10.34
24239,-10.34
24241,-10.34
24242,-10.34
24244,-10.34
24245,-10.34
24247,-10.34
24248,-10.34
24250,-10.34
24251,-10.34
24253,-10.34
24254,-10.34
24256,-10.34
24257,-10.34
24259,-10.34
24300,-10.34
24306,-10.34
24321,-10.34
24326,-10.34
24327,-10.34
24329,-10.34
24340,-10.34
24349,-10.34
24351,-10.34
24354,-10.34
24357,-10.34
24358,-10.34
24360,-10.34
24361,-10.34
24363,-10.34
24364,-10.34
24366,-10.34
24367,-10.34
24369,-10.34
24376,-10.34
24392,-10.34
24395,-10.34
24398,-10.34
24399,-10.34
24401,-10.34
24402,-10.34
24404,-10.34
24405,-10.34
24407,-10.34
24409,-10.34
24530,-10.34
24531,-10.34
24534,-10.34
24536,-10.34
24537,-10.34
24539,-10.34
24558,-10.34
24568,-10.34
24576,-10.34
24582,-10.34
24589,-10.34
24594,-10.34
24598,-10.34
24601,-10.34
24610,-10.34
24613,-10.34
24616,-10.34
24619,-10.34
24620,-10.34
24622,-10.34
24623,-10.34
24625,-10.34
24626,-10.34
24628,-10.34
24629,-10.34
24631,-10.34
24632,-10.34
24634,-10.34
24635,-10.34
24637,-10.34
24638,-10.34
24640,-10.34
24641,-10.34
24643,-10.34
24644,-10.34
24646,-10.34
24647,-10.34
24649,-10.34
24768,-10.34
24782,-10.34
24783,-10.34
24784,-10.34
24787,-10.34
24790,-10.34
24791,-10.34
24793,-10.34
24794,-10.34
24796,-10.34
24797,-10.34
24799,-10.34
24800,-10.34
24802,-10.34
24803,-10.34
24805,-10.34
24806,-10.34
24808,-10.34
24809,-10.34
24811,-10.34
24813,-10.34
24814,-10.34
24816,-10.34
24817,-10.34
24819,-10.34
24837,-10.34
24848,-10.34
24850,-10.34
24852,-10.34
24855,-10.34
24857,-10.34
24860,-10.34
24861,-10.34
24863,-10.34
24864,-10.34
24866,-10.34
24867,-10.34
24869,-10.34
24870,-10.34
24872,-10.34
24873,-10.34
24875,-10.34
24876,-10.34
24878,-10.34
24879,-10.34
24881,-10.34
24882,-10.34
24884,-10.34
24885,-10.34
24887,-10.34
24888,-10.34
24890,-10.34
24891,-10.34
24893,-10.34
24894,-10.34
24896,-10.34
24897,-10.34
24899,-10.34
24927,-10.34
24930,-10.34
24932,-10.34
24933,-10.34
24937,-10.34
24939,-10.34
24941,-10.34
24943,-10.34
24944,-10.34
24945,-10.34
24955,-10.34
24960,-10.34
24963,-10.34
24966,-10.34
24969,-10.34
24972,-10.34
24975,-10.34
24976,-10.34
24977,-10.34
24980,-10.34
24983,-10.34
24986,-10.34
24988,-10.34
24989,-10.34
24991,-10.34
24992,-10.34
24994,-10.34
24996,-10.34
24997,-10.34
24999,-10.34
25320,-10.34
25333,-10.34
25335,-10.34
25336,-10.34
25337,-10.34
25348,-10.34
25355,-10.34
25358,-10.34
25361,-10.34
25364,-10.34
25365,-10.34
25368,-10.34
25370,-10.34
25371,-10.34
25373,-10.34
25376,-10.34
25377,-10.34
25379,-10.34
25389,-10.34
25392,-10.34
25404,-10.34
25421,-10.34
25429,-10.34
25436,-10.34
25437,-10.34
25450,-10.34
25451,-10.34
25462,-10.34
25469,-10.34
25474,-10.34
25479,-10.34
25482,-10.34
25485,-10.34
25486,-10.34
25488,-10.34
25489,-10.34
25491,-10.34
25492,-10.34
25494,-10.34
25495,-10.34
25497,-10.34
25499,-10.34
25518,-10.34
25520,-10.34
25521,-10.34
25522,-10.34
25524,-10.34
25541,-10.34
25548,-10.34
25551,-10.34
25554,-10.34
25557,-10.34
25560,-10.34
25563,-10.34
25566,-10.34
25569,-10.34
25572,-10.34
25573,-10.34
25575,-10.34
25576,-10.34
25578,-10.34
25579,-10.34
25581,-10.34
25582,-10.34
25584,-10.34
25585,-10.34
25587,-10.34
25588,-10.34
25590,-10.34
25591,-10.34
25593,-10.34
25594,-10.34
25596,-10.34
25597,-10.34
25599,-10.34
25693,-10.34
25704,-10.34
25709,-10.34
25712,-10.34
25715,-10.34
25718,-10.34
25719,-10.34
25721,-10.34
25724,-10.34
25725,-10.34
25727,-10.34
25729,-10.34
25742,-10.34
25744,-10.34
25746,-10.34
25761,-10.34
25764,-10.34
25767,-10.34
25770,-10.34
25774,-10.34
25776,-10.34
25779,-10.34
25782,-10.34
25785,-10.34
25786,-10.34
25788,-10.34
25791,-10.34
25792,-10.34
25794,-10.34
25795,-10.34
25797,-10.34
25799,-10.34
25813,-10.34
25821,-10.34
25826,-10.34
25832,-10.34
25836,-10.34
25840,-10.34
25842,-10.34
25845,-10.34
25849,-10.34
25850,-10.34
25852,-10.34
25853,-10.34
25855,-10.34
25856,-10.34
25858,-10.34
25859,-10.34
25860,-10.34
25862,-10.34
25863,-10.34
25864,-10.34
25866,-10.34
25868,-10.34
25869,-10.34
25870,-10.34
25872,-10.34
25873,-10.34
25875,-10.34
25876,-10.34
25878,-10.34
25879,-10.34
25881,-10.34
25882,-10.34
25884,-10.34
25885,-10.34
25887,-10.34
25889,-10.34
25899,-10.34
25917,-10.34
25920,-10.34
25923,-10.34
25924,-10.34
25926,-10.34
25927,-10.34
25938,-10.34
25946,-10.34
25980,-10.34
25992,-10.34
25996,-10.34
25997,-10.34
25999,-10.34
26060,-11.145
26066,-11.145
26090,-9.955
26101,-9.955
26102,-9.955
26105,-9.955
26106,-9.955
26107,-9.955
26108,-9.955
26109,-9.955
26110,-9.955
26111,-9.955
26114,-9.955
26119,-9.955
26121,-9.955
26122,-9.955
26123,-9.955
26125,-9.955
26127,-9.955
26129,-9.955
26131,-9.955
26133,-9.955
26135,-9.955
26158,-9.955
26160,-9.955
26169,-9.955
26177,-9.955
26178,-9.955
26180,-9.955
26188,-9.955
26197,-9.955
26203,-9.955
26209,-9.955
26215,-9.955
26219,-9.955
26316,-9.955
26340,-9.955
26345,-9.955
26349,-9.955
26379,-9.955
26380,-9.955
26382,-9.955
26384,-9.955
26386,-9.955
26388,-9.955
26389,-9.955
26392,-9.955
26409,-9.955
26419,-9.955
26425,-9.955
26427,-9.955
26434,-9.955
26441,-9.955
26446,-9.955
26452,-9.955
26465,-9.955
26474,-9.955
26486,-9.955
26487,-9.955
26489,-9.955
26506,-9.955
26524,-9.955
26529,-9.955
26532,-9.955
26548,-9.955
26553,-9.955
26556,-9.955
26571,-9.955
26579,-9.955
26603,-9.955
26605,-9.955
26607,-9.955
26623,-9.955
26624,-9.955
26629,-9.955
26632,-9.955
26639,-9.955
26653,-9.955
26655,-9.955
26670,-9.955
26676,-9.955
26683,-9.955
26689,-9.955
26721,-9.955
26723,-9.955
26725,-9.955
26736,-9.955
26757,-9.955
26759,-9.955
26786,-9.955
26787,-9.955
26789,-9.955
26802,-9.955
26810,-9.955
26817,-9.955
26826,-9.955
26831,-9.955
26835,-9.955
26842,-9.955
26844,-9.955
26845,-9.955
26847,-9.955
26849,-9.955
26869,-9.955
26871,-9.955
26892,-9.955
26897,-9.955
26899,-9.955
26901,-9.955
26903,-9.955
26904,-9.955
26906,-9.955
26907,-9.955
26909,-9.955
26919,-9.955
26930,-9.955
26931,-9.955
26935,-9.955
26936,-9.955
26937,-9.955
26939,-9.955
26954,-9.955
26969,-9.955
27209,-9.955
27211,-9.955
27232,-9.955
27239,-9.955
27243,-9.955
27245,-9.955
27246,-9.955
27248,-9.955
27249,-9.955
27251,-9.955
27252,-9.955
27254,-9.955
27257,-9.955
27259,-9.955
27270,-9.955
27279,-9.955
27280,-9.955
27281,-9.955
27283,-9.955
27298,-9.955
27299,-9.955
27305,-9.955
27308,-9.955
27313,-9.955
27317,-9.955
27318,-9.955
27321,-9.955
27324,-9.955
27327,-9.955
27330,-9.955
27333,-9.955
27336,-9.955
27337,-9.955
27339,-9.955
27356,-9.955
27357,-9.955
27367,-9.955
27374,-9.955
27383,-9.955
27386,-9.955
27389,-9.955
27400,-9.955
27404,-9.955
27412,-9.955
27419,-9.955
27432,-9.955
27442,-9.955
27446,-9.955
27449,-9.955
27470,-9.955
27472,-9.955
27474,-9.955
27476,-9.955
27478,-9.955
27498,-10.34
27499,-9.955
27554,-9.955
27568,-9.955
27570,-9.955
27572,-9.955
27574,-9.955
27576,-9.955
27578,-9.955
27580,-9.955
27607,-9.955
27612,-9.955
27616,-9.955
27619,-9.955
27624,-9.955
27628,-9.955
27637,-9.955
27638,-9.955
27639,-9.955
27709,-9.955
27711,-9.955
27721,-9.955
27726,-9.955
27729,-9.955
27747,-9.955
27749,-9.955
27751,-9.955
27753,-9.955
27755,-9.955
27777,-9.955
27793,-9.955
27798,-9.955
27801,-9.955
27804,-9.955
27809,-9.955
28100,-9.955
28101,-9.955
28102,-9.955
28103,-9.955
28104,-9.955
28105,-9.955
28107,-9.955
28111,-9.955
28163,-9.955
28174,-9.955
28177,-9.955
28178,-9.955
28181,-9.955
28182,-9.955
28183,-9.955
28184,-9.955
28185,-9.955
28187,-9.955
28188,-9.955
28189,-9.955
28190,-9.955
28192,-9.955
28195,-9.955
28197,-9.955
28199,-9.955
28201,-9.955
28203,-9.955
28205,-9.955
28207,-9.955
28209,-9.955
28211,-9.955
28213,-9.955
28215,-9.955
28217,-9.955
28219,-9.955
28237,-9.955
28239,-9.955
28259,-9.955
28275,-9.955
28277,-9.955
28279,-9.955
28305,-9.955
28307,-9.955
28309,-9.955
28323,-9.955
28325,-9.955
28327,-9.955
28329,-9.955
28335,-9.955
28353,-9.955
28355,-9.955
28357,-9.955
28359,-9.955
28363,-9.955
28365,-9.955
28366,-9.955
28375,-9.955
28390,-9.955
28700,-9.955
28717,-9.955
28719,-9.955
28751,-9.955
28755,-9.955
28757,-9.955
28759,-9.955
28777,-9.955
28779,-9.955
28788,-9.955
28790,-9.955
28816,-9.955
28832,-9.955
28844,-9.955
28855,-9.955
28857,-9.955
28865,-9.955
28869,-9.955
28870,-9.955
28876,-9.955
28879,-9.955
29216,-9.955
29218,-9.955
29219,-9.955
29220,-9.955
29221,-9.955
29223,-9.955
29225,-9.955
29227,-9.955
29229,-9.955
29270,-9.955
29303,-9.955
29308,-9.955
29313,-9.955
29320,-9.955
29323,-9.955
29328,-9.955
29331,-9.955
29336,-9.955
29339,-9.955
29342,-9.955
29345,-9.955
29348,-9.955
29351,-9.955
29352,-9.955
29353,-9.955
29355,-9.955
29356,-9.955
29358,-9.955
29359,-9.955
29361,-9.955
29362,-9.955
29364,-9.955
29365,-9.955
29367,-9.955
29369,-9.955
29377,-9.955
29378,-9.955
29379,-9.955
29386,-9.955
29389,-9.955
29392,-9.955
29393,-9.955
29394,-9.955
29396,-9.955
29399,-9.955
29410,-9.825
29413,-9.825
29416,-9.825
29439,-9.955
29451,-9.955
29456,-9.955
29459,-9.955
29462,-9.955
29465,-9.955
29468,-9.955
29471,-9.955
29472,-9.955
29473,-9.955
29475,-9.955
29476,-9.955
29478,-9.955
29479,-9.955
29481,-9.955
29482,-9.955
29484,-9.955
29485,-9.955
29487,-9.955
29488,-9.955
29490,-9.955
29491,-9.955
29493,-9.955
29494,-9.955
29496,-9.955
29497,-9.955
29499,-9.955
29523,-9.955
29525,-9.955
29549,-9.955
29553,-9.955
29556,-9.955
29559,-9.955
29562,-9.955
29565,-9.955
29568,-9.955
29571,-9.955
29574,-9.955
29575,-9.955
29576,-9.955
29578,-9.955
29579,-9.955
29581,-9.955
29582,-9.955
29584,-9.955
29585,-9.955
29587,-9.955
29588,-9.955
29590,-9.955
29591,-9.955
29593,-9.955
29594,-9.955
29596,-9.955
29597,-9.955
29599,-9.955
29611,-9.955
29612,-9.955
29614,-9.955
29633,-9.955
29640,-9.955
29643,-9.955
29646,-9.955
29649,-9.955
29664,-9.955
29683,-9.955
29690,-9.955
29693,-9.955
29699,-9.955
30125,-9.955
30126,-9.955
30127,-9.955
30130,-9.955
30131,-9.955
30132,-9.955
30133,-9.955
30134,-9.955
30135,-9.955
30138,-9.955
30139,-9.955
30140,-9.955
30141,-9.955
30142,-9.955
30144,-9.955
30145,-9.955
30146,-9.955
30147,-9.955
30148,-9.955
30149,-9.955
30151,-9.955
30152,-9.955
30153,-9.955
30154,-9.955
30156,-9.955
30157,-9.955
30159,-9.955
30161,-9.955
30163,-9.955
30165,-9.955
30167,-9.955
30169,-9.955
30171,-9.955
30173,-9.955
30175,-9.955
30177,-9.955
30179,-9.955
30417,-9.955
30419,-9.955
30449,-9.955
30451,-9.955
30453,-9.955
30455,-9.955
30457,-9.955
30459,-9.955
30517,-9.955
30519,-9.955
30521,-9.955
30539,-9.955
30559,-9.955
30619,-9.955
30620,-9.955
30621,-9.955
30622,-9.955
30623,-9.955
30625,-9.955
30627,-9.955
30629,-9.955
30645,-9.955
30647,-9.955
30655,-9.955
30657,-9.955
30659,-9.955
30669,-9.955
30684,-9.955
30686,-9.79
30689,-9.955
30690,-9.955
30691,-9.955
30692,-9.955
30700,-9.955
30820,-9.955
30821,-9.955
30823,-9.955
30826,-9.955
30827,-9.955
30851,-9.955
30853,-9.955
30855,-9.955
30875,-9.955
30876,-9.955
30880,-9.955
30890,-9.955
30900,-9.955
30916,-9.955
30926,-9.955
30938,-9.955
30952,-9.955
30966,-9.955
30974,-9.955
30982,-9.955
30988,-9.955
30989,-9.955
31007,-9.955
31008,-9.955
31020,-9.955
31028,-9.955
31029,-9.955
31032,-9.955
31033,-9.955
31036,-9.955
31039,-9.955
31061,-9.955
31073,-9.955
31079,-9.955
31084,-9.955
31085,-9.955
31088,-9.955
31089,-9.955
31091,-9.955
31093,-9.955
31094,-9.955
31096,-9.955
31097,-9.955
31099,-9.955
31120,-9.955
31121,-9.955
31129,-9.955
31130,-9.955
31131,-9.955
31132,-9.955
31134,-9.955
31135,-9.955
31137,-9.955
31139,-9.955
31141,-9.955
31157,-9.955
31162,-9.955
31167,-9.955
31171,-9.955
31174,-9.955
31177,-9.955
31180,-9.955
31185,-9.955
31188,-9.955
31191,-9.955
31195,-9.955
31196,-9.955
31199,-9.955
31221,-9.955
31224,-9.955
31226,-9.955
31228,-9.955
31234,-9.955
31241,-9.955
31246,-9.955
31249,-9.955
31272,-9.955
31273,-9.955
31275,-9.955
31300,-9.955
31303,-9.955
31311,-9.955
31319,-9.955
31513,-9.955
31515,-9.955
31533,-9.955
31535,-9.955
31542,-9.955
31547,-9.955
31552,-9.955
31553,-9.955
31555,-9.955
31556,-9.955
31558,-9.955
31559,-9.955
31577,-9.955
31582,-9.955
31592,-9.955
31595,-9.955
31600,-9.955
31603,-9.955
31604,-9.955
31606,-9.955
31608,-9.955
31609,-9.955
31613,-9.955
31618,-9.955
31619,-9.955
31621,-9.955
31622,-9.955
31623,-9.955
31626,-9.955
31627,-9.955
31628,-9.955
31629,-9.955
31632,-9.955
31633,-9.955
31634,-9.955
31636,-9.955
31637,-9.955
31638,-9.955
31653,-9.955
31655,-9.955
31673,-9.955
31675,-9.955
31681,-9.955
31682,-9.955
31683,-9.955
31688,-9.955
31691,-9.955
31693,-9.955
31698,-9.955
31699,-9.955
31700,-9.955
31702,-9.955
31707,-9.955
31708,-9.955
31710,-9.955
31711,-9.955
31712,-9.955
31714,-9.955
31715,-9.955
31717,-9.955
31718,-9.955
31719,-9.955
31735,-9.955
31737,-9.955
31749,-9.955
31774,-9.79
31778,-9.955
31779,-9.955
31780,-9.955
31781,-9.955
31783,-9.955
31784,-9.955
31785,-9.955
31787,-9.955
31789,-9.955
31810,-9.955
31812,-9.955
31829,-11.145
31830,-9.955
31832,-9.955
31840,-9.955
31848,-9.955
31855,-9.955
31860,-9.955
31863,-9.955
31867,-9.955
31868,-9.955
32042,-9.79
32044,-9.79
32045,-9.79
32046,-9.79
32049,-9.79
32051,-9.79
32052,-9.79
32058,-9.79
32061,-9.79
32102,-9.79
32105,-9.79
32107,-9.79
32108,-9.79
32120,-9.79
32130,-9.79
32139,-9.79
32255,-9.79
32257,-9.79
32278,-9.79
32289,-9.79
32310,-9.79
32312,-9.79
32337,-9.79
32339,-9.79
32351,-9.79
32361,-9.79
32369,-9.79
32419,-9.79
32420,-9.79
32421,-9.79
32423,-9.79
32425,-9.79
32427,-9.79
32429,-9.79
32455,-9.79
32457,-9.79
32469,-9.79
32479,-9.79
32543,-9.79
32545,-9.79
32547,-9.79
32549,-9.79
32582,-9.79
32584,-9.79
32602,-9.79
32609,-9.79
32655,-9.79
32657,-9.79
32676,-9.79
32683,-9.79
32689,-9.79
32694,-9.79
32699,-9.79
32750,-9.79
32753,-9.79
32754,-9.79
32756,-9.79
32758,-9.79
32760,-9.79
32791,-9.79
32805,-9.79
32816,-9.79
32823,-9.79
32825,-9.79
32832,-9.79
32839,-9.79
33014,-9.79
33034,-9.79
33039,-9.79
33093,-9.79
33094,-9.79
33095,-9.79
33096,-9.79
33098,-9.79
33100,-9.79
33102,-9.79
33104,-9.79
33106,-9.79
33129,-9.79
33142,-9.79
33154,-9.79
33161,-9.79
33165,-9.79
33175,-9.79
33178,-9.79
33181,-9.79
33184,-9.79
33189,-9.79
33311,-9.79
33324,-9.79
33325,-9.79
33326,-9.79
33330,-9.79
33332,-9.79
33334,-9.79
33335,-9.79
33372,-9.79
33373,-9.79
33374,-9.79
33375,-9.79
33378,-9.79
33393,-9.79
33394,-9.79
33395,-9.79
33397,-9.79
33411,-9.79
33413,-9.79
33414,-9.79
33415,-9.79
33426,-9.79
33428,-9.79
33441,-9.79
33442,-9.79
33449,-9.79
33519,-9.79
33547,-9.79
33583,-9.79
33584,-9.79
33591,-9.79
33594,-9.79
33595,-9.79
33596,-9.79
33597,-9.79
33598,-9.79
33600,-9.79
33602,-9.79
33604,-9.79
33605,-9.79
33607,-9.79
33609,-9.79
33611,-9.79
33613,-9.79
33615,-9.79
33617,-9.79
33619,-9.79
33644,-9.79
33645,-9.79
33647,-9.79
33649,-9.79
33659,-9.79
33687,-9.955
33689,-9.79
33699,-9.79
33719,-9.79
33729,-9.79
33739,-9.79
33756,-9.79
33758,-9.79
33769,-9.79
33775,-9.79
33788,-9.79
33790,-9.79
33801,-9.79
33803,-9.79
33813,-9.79
33818,-9.79
33824,-9.79
33829,-9.79
34105,-10.445
34106,-10.445
34108,-10.445
34109,-10.445
34110,-10.445
34111,-10.445
34112,-10.445
34113,-10.445
34114,-10.445
34115,-10.445
34117,-10.445
34119,-10.445
34121,-10.445
34123,-10.445
34125,-10.445
34127,-10.445
34128,-10.445
34130,-10.445
34131,-10.445
34132,-10.445
34134,-10.445
34195,-10.445
34196,-10.445
34197,-10.445
34198,-10.445
34209,-10.445
34212,-10.445
34219,-10.445
34225,-10.445
34233,-10.445
34246,-10.445
34253,-10.445
34260,-10.445
34265,-10.445
34266,-10.445
34270,-10.445
34277,-10.445
34281,-10.445
34286,-10.445
34289,-10.445
34292,-10.445
34295,-10.445
34298,-10.445
34302,-10.445
34305,-10.445
34308,-10.445
34311,-10.445
34314,-10.445
34317,-10.445
34320,-10.445
34323,-10.445
34326,-10.445
34327,-10.445
34329,-10.445
34346,-9.955
34355,-9.955
34359,-10.445
34369,-10.445
34376,-10.445
34379,-10.445
34385,-10.445
34388,-10.445
34393,-10.445
34396,-10.445
34399,-10.445
34414,-9.79
34431,-9.79
34434,-9.79
34439,-9.79
34454,-10.445
34466,-10.445
34471,-10.445
34474,-10.445
34477,-10.445
34479,-10.445
34494,-10.445
34495,-10.445
34497,-10.445
34508,-10.445
34513,-10.445
34516,-10.445
34519,-10.445
34535,-10.445
34537,-10.445
34549,-10.445
34558,-10.445
34560,-10.445
34574,-10.445
34576,-10.445
34582,-10.445
34587,-10.445
34590,-10.445
34593,-10.445
34596,-10.445
34599,-10.445
34613,-10.445
34621,-10.445
34626,-10.445
34628,-10.445
34630,-10.445
34632,-10.445
34633,-10.445
34637,-10.445
34639,-10.445
35031,-10.445
35032,-10.445
35034,-10.445
35035,-10.445
35036,-10.445
35037,-10.445
35039,-10.445
35041,-10.445
35043,-10.445
35066,-10.445
35075,-10.445
35080,-10.445
35083,-10.445
35085,-10.445
35088,-10.445
35091,-10.445
35094,-10.445
35096,-10.445
35099,-10.445
35102,-10.445
35104,-10.445
35107,-10.445
35108,-10.445
35110,-10.445
35112,-10.445
35114,-10.445
35116,-10.445
35117,-10.445
35119,-10.445
35216,-10.445
35232,-10.445
35236,-10.445
35239,-10.445
35260,-10.445
35274,-10.445
35279,-10.445
35282,-10.445
35285,-10.445
35287,-10.445
35288,-10.445
35305,-10.445
35315,-10.445
35321,-10.445
35325,-10.445
35327,-10.445
35329,-10.445
35383,-10.445
35384,-10.445
35385,-10.445
35386,-10.445
35387,-10.445
35388,-10.445
35390,-10.445
35392,-10.445
35394,-10.445
35396,-10.445
35398,-10.445
35402,-10.445
35410,-10.445
35415,-10.445
35418,-10.445
35423,-10.445
35428,-10.445
35435,-10.445
35440,-10.445
35444,-10.445
35447,-10.445
35452,-10.445
35457,-10.445
35460,-10.445
35463,-10.445
35466,-10.445
35469,-10.445
35508,-11.145
35509,-10.445
35510,-10.445
35516,-10.445
35519,-10.445
35573,-10.445
35574,-10.445
35576,-10.445
35578,-10.445
35579,-10.445
35580,-10.445
35581,-10.445
35582,-10.445
35583,-10.445
35584,-10.445
35585,-10.445
35586,-10.445
35606,-10.445
35614,-10.445
35619,-10.445
35625,-10.445
35630,-10.445
35633,-10.445
35638,-10.445
35641,-10.445
35644,-10.445
35647,-10.445
35649,-10.445
35683,-10.445
35684,-10.445
35685,-10.445
35686,-10.445
35687,-10.445
35688,-10.445
35689,-10.445
35690,-10.445
35708,-10.445
35713,-10.445
35716,-10.445
35719,-10.445
35745,-10.445
35753,-10.445
35756,-10.445
35759,-10.445
35764,-10.445
35767,-10.445
35768,-10.445
35779,-10.445
35781,-10.445
35789,-10.445
35792,-10.445
35794,-10.445
35796,-10.445
35799,-10.445
36028,-10.445
36030,-10.445
36035,-10.445
36036,-10.445
36037,-10.445
36039,-10.445
36041,-10.445
36043,-10.445
36047,-10.445
36084,-10.445
36085,-10.445
36086,-10.445
36088,-10.445
36093,-10.445
36100,-10.445
36103,-10.445
36110,-10.445
36115,-10.445
36119,-10.445
36124,-10.445
36129,-10.445
36132,-10.445
36137,-10.445
36142,-10.445
36145,-10.445
36148,-10.445
36151,-10.445
36154,-10.445
36157,-10.445
36160,-10.445
36163,-10.445
36166,-10.445
36167,-10.445
36169,-10.445
36179,-10.445
36199,-10.445
36205,-10.445
36208,-10.445
36211,-10.445
36214,-10.445
36217,-10.445
36219,-10.445
36242,-10.445
36244,-10.445
36246,-10.445
36247,-10.445
36248,-10.445
36249,-10.445
36251,-10.445
36266,-10.445
36269,-10.445
36272,-10.445
36275,-10.445
36277,-10.445
36280,-10.445
36282,-10.445
36284,-10.445
36286,-10.445
36287,-10.445
36289,-10.445
36304,-10.445
36318,-10.445
36320,-10.445
36323,-10.445
36325,-10.445
36326,-10.445
36329,-10.445
36338,-10.445
36339,-10.445
36341,-10.445
36355,-10.445
36358,-10.445
36364,-10.445
36367,-10.445
36369,-10.445
36380,-10.445
36381,-10.445
36391,-10.445
36396,-10.445
36399,-10.445
36404,-10.925
36414,-10.925
36419,-10.925
36433,-10.925
36448,-10.925
36452,-10.925
36456,-10.925
36457,-10.925
36460,-10.925
36466,-10.925
36469,-10.925
37069,-9.955
37070,-9.955
37073,-9.955
37075,-9.955
37077,-9.955
37079,-9.955
37081,-9.955
37083,-9.955
37085,-9.955
37096,-9.955
37097,-9.955
37099,-9.955
37100,-9.955
37115,-9.955
37120,-9.955
37124,-9.955
37127,-9.955
37130,-9.955
37133,-9.955
37136,-9.955
37139,-9.955
37154,-9.955
37170,-9.955
37176,-9.955
37181,-9.955
37186,-9.955
37191,-9.955
37194,-9.955
37197,-9.955
37199,-9.955
37213,-10.445
37214,-10.445
37215,-10.445
37216,-10.445
37217,-10.445
37218,-10.445
37235,-10.445
37242,-10.445
37247,-10.445
37249,-10.445
37267,-10.445
37269,-10.445
37276,-10.445
37281,-10.445
37284,-10.445
37287,-10.445
37290,-10.445
37293,-10.445
37296,-10.445
37297,-10.445
37299,-10.445
37308,-10.925
37318,-10.925
37327,-10.925
37339,-10.925
37345,-10.925
37351,-10.925
37355,-10.925
37359,-10.925
37412,-9.955
37431,-9.955
37434,-9.955
37441,-9.955
37444,-9.955
37445,-9.955
37447,-9.955
37449,-9.955
37520,-9.955
37534,-9.955
37539,-9.955
37547,-9.955
37568,-9.955
37571,-9.955
37572,-9.955
37574,-9.955
37581,-9.955
37586,-9.955
37589,-9.955
37601,-9.955
37603,-9.955
37619,-9.955
37620,-9.955
37627,-9.955
37632,-9.955
37633,-9.955
37635,-9.955
37639,-9.955
37640,-9.955
37642,-9.955
37643,-9.955
37647,-9.955
37649,-9.955
37669,-9.79
37671,-9.79
37688,-9.79
37691,-9.955
37696,-9.79
37697,-9.955
37699,-9.955
38023,-9.955
38083,-9.955
38084,-9.955
38089,-9.955
38090,-9.955
38091,-9.955
38092,-9.955
38093,-9.955
38094,-9.955
38096,-9.955
38097,-9.955
38098,-9.955
38100,-9.955
38102,-9.955
38104,-9.955
38106,-9.955
38108,-9.955
38110,-9.955
38112,-9.955
38114,-9.955
38116,-9.955
38118,-9.955
38120,-9.955
38122,-9.955
38124,-9.955
38126,-9.955
38140,-9.955
38142,-9.955
38143,-9.955
38144,-9.955
38154,-9.955
38159,-9.955
38162,-9.955
38165,-9.955
38170,-9.955
38173,-9.955
38176,-9.955
38179,-9.955
38223,-9.955
38226,-9.955
38228,-9.955
38229,-9.955
38236,-9.955
38237,-9.955
38239,-9.955
38259,-9.955
38268,-9.955
38271,-9.955
38272,-9.955
38274,-9.955
38275,-9.955
38277,-9.955
38279,-9.955
38281,-9.955
38296,-9.955
38299,-9.955
38300,-9.955
38302,-9.955
38304,-9.955
38312,-9.955
38315,-9.955
38319,-9.955
38321,-9.955
38322,-9.955
38324,-9.955
38325,-9.955
38327,-9.955
38329,-9.955
38346,-9.955
38350,-9.955
38364,-9.955
38367,-9.955
38368,-9.955
38372,-9.955
38373,-9.955
38375,-9.955
38376,-9.955
38378,-9.955
38379,-9.955
38381,-9.955
38382,-9.955
38384,-9.955
38385,-9.955
38387,-9.955
38388,-9.955
38432,-9.955
38433,-9.955
38435,-9.955
38436,-9.955
38438,-9.955
38439,-9.955
38440,-9.955
38442,-9.955
38444,-9.955
38446,-9.955
38448,-9.955
38458,-9.955
38459,-9.955
38461,-9.955
38462,-9.955
38464,-9.955
38465,-9.955
38467,-9.955
38468,-9.955
38470,-9.955
38471,-9.955
38473,-9.955
38474,-9.955
38476,-9.955
38477,-9.955
38479,-9.955
38486,-9.825
38489,-9.825
38516,-9.955
38518,-9.955
38524,-9.955
38526,-9.955
38527,-9.955
38528,-9.955
38530,-9.955
38531,-9.955
38533,-9.955
38536,-9.955
38539,-9.955
38542,-9.955
38543,-9.955
38547,-9.955
38550,-9.955
38551,-9.955
38553,-9.955
38554,-9.955
38556,-9.955
38557,-9.955
38559,-9.955
38640,-9.955
38642,-9.955
38644,-9.955
38667,-9.955
38678,-9.955
38685,-9.955
38690,-9.955
38700,-9.955
38704,-9.955
38707,-9.955
38709,-9.955
38717,-9.955
38723,-9.955
38729,-9.955
38817,-9.825
38820,-9.825
38822,-9.825
38828,-9.825
38829,-9.825
38832,-9.825
38835,-9.825
38836,-9.825
38838,-9.825
38845,-9.825
38855,-9.825
38871,-9.825
38875,-9.825
38877,-9.825
38879,-9.825
38889,-9.825
38895,-9.825
38899,-9.825
38999,-9.955
39014,-9.825
39081,-9.825
39082,-9.825
39083,-9.825
39084,-9.825
39085,-9.825
39087,-9.825
39088,-9.825
39091,-9.825
39092,-9.825
39093,-9.825
39094,-9.825
39097,-9.825
39098,-9.825
39099,-9.825
39104,-9.825
39106,-9.825
39108,-9.825
39110,-9.825
39112,-9.825
39114,-9.825
39116,-9.825
39118,-9.825
39120,-9.825
39122,-9.825
39124,-9.825
39126,-9.825
39128,-9.825
39130,-9.825
39148,-9.825
39149,-9.825
39157,-9.825
39164,-9.825
39167,-9.825
39171,-9.825
39175,-9.825
39178,-9.825
39179,-9.825
39217,-9.825
39218,-9.825
39221,-9.825
39240,-9.825
39245,-9.825
39249,-9.825
39258,-9.825
39261,-9.825
39264,-9.825
39279,-9.825
39288,-9.825
39291,-9.825
39307,-9.825
39317,-9.825
39319,-9.825
39326,-9.825
39340,-9.825
39343,-9.825
39345,-9.825
39356,-9.825
39359,-9.825
39365,-9.825
39387,-9.825
39393,-9.825
39397,-9.825
39398,-9.825
39400,-9.825
39418,-9.825
39434,-9.825
39435,-9.825
39439,-9.825
39443,-9.825
39444,-9.825
39446,-9.825
39448,-9.825
39517,-9.825
39524,-9.825
39539,-9.825
39576,-9.825
39579,-9.825
39590,-9.825
39596,-9.825
39599,-9.825
39606,-9.825
39615,-9.825
39619,-9.825
39624,-9.825
39629,-9.825
39638,-9.825
39646,-9.825
39649,-9.825
40180,-9.79
40181,-9.79
40182,-9.79
40186,-9.79
40187,-9.79
40188,-9.79
40189,-9.79
40190,-9.79
40191,-9.79
40192,-9.79
40193,-9.79
40194,-9.79
40195,-9.79
40196,-9.79
40198,-9.79
40199,-9.79
40202,-9.79
40204,-9.79
40210,-9.79
40211,-9.79
40212,-9.79
40213,-9.79
40215,-9.79
40217,-9.79
40219,-9.79
40221,-9.79
40223,-9.79
40225,-9.79
40227,-9.79
40229,-9.79
40231,-9.79
40233,-9.79
40235,-9.79
40237,-9.79
40239,-9.79
40250,-9.79
40251,-9.79
40252,-9.79
40260,-9.79
40300,-9.79
40302,-9.79
40340,-9.79
40463,-9.79
40464,-9.79
40466,-9.79
40467,-9.79
40468,-9.79
40470,-9.79
40472,-9.79
40474,-9.79
40476,-9.79
40477,-9.79
40479,-9.79
40489,-9.79
40541,-9.79
40542,-9.79
40543,-9.79
40545,-9.79
40547,-9.79
40549,-9.79
40589,-9.79
40591,-9.79
40593,-9.79
40595,-9.79
40597,-9.79
40599,-9.79
40625,-9.79
40627,-9.79
40629,-9.79
40667,-9.79
40668,-9.79
40670,-9.79
40699,-9.79
40718,-9.79
40721,-9.79
40723,-9.79
40724,-9.79
40764,-9.79
40786,-9.79
40789,-9.79
40815,-9.79
40816,-9.79
40822,-9.79
40832,-9.79
40842,-9.79
40878,-9.79
40880,-9.79
40882,-9.79
40883,-9.79
40885,-9.79
41050,-9.79
41052,-9.79
41054,-9.79
41061,-9.79
41063,-9.79
41065,-9.79
41066,-9.79
41068,-9.79
41069,-9.79
41169,-9.79
41179,-9.79
41189,-9.79
41199,-9.79
41200,-9.79
41236,-9.79
41238,-9.79
41239,-9.79
41260,-9.79
41261,-9.79
41334,-9.79
41352,-9.79
41363,-9.79
41366,-9.79
41372,-9.79
41379,-9.79
41424,-9.79
41452,-9.79
41453,-9.79
41455,-9.79
41456,-9.79
41457,-9.79
41460,-9.79
41462,-9.79
41464,-9.79
41466,-9.79
41468,-9.79
41469,-9.79
41470,-9.79
41472,-9.79
41513,-9.79
41515,-9.79
41516,-9.79
41517,-9.79
41538,-9.79
41539,-9.79
41540,-9.79
41541,-9.79
41542,-9.79
41561,-9.79
41564,-9.79
41569,-9.79
41747,-9.79
41748,-9.79
41749,-9.79
41751,-9.79
41812,-9.79
41833,-9.79
41836,-9.79
41844,-9.79
41849,-9.79
42093,-9.79
42094,-9.79
42095,-9.79
42096,-9.79
42097,-9.79
42098,-9.79
42099,-9.79
42101,-9.79
42103,-9.79
42105,-9.79
42107,-9.79
42109,-9.79
42111,-9.79
42113,-9.79
42115,-9.79
42117,-9.79
42119,-9.79
42266,-9.79
42268,-9.79
42269,-9.79
42270,-9.79
42271,-9.79
42272,-9.79
42273,-9.79
42275,-9.79
42277,-9.79
42279,-9.79
42281,-9.79
42283,-9.79
42285,-9.79
42287,-9.79
42289,-9.79
42300,-9.79
42327,-9.79
42329,-9.79
42337,-9.79
42347,-9.79
42349,-9.79
42369,-9.79
42387,-9.79
42389,-9.79
42399,-9.79
42409,-9.79
42477,-9.79
42489,-9.79
42499,-9.79
42547,-9.79
42549,-9.79
42551,-9.79
42553,-9.79
42555,-9.79
42577,-9.79
42579,-9.79
42645,-9.79
42648,-9.79
42649,-9.79
42651,-9.79
42653,-9.79
42655,-9.79
42657,-9.79
42659,-9.79
42697,-9.79
42699,-9.79
42715,-9.79
42717,-9.79
42719,-9.79
42781,-9.79
42799,-9.79
42849,-9.79
42850,-9.79
42853,-9.79
42855,-9.79
42857,-9.79
42859,-9.79
42895,-11.145
42897,-9.79
42899,-9.79
42926,-9.79
42929,-9.79
44111,-9.79
44112,-9.79
44113,-9.79
44115,-9.79
44116,-9.79
44117,-9.79
44118,-9.79
44119,-9.79
44120,-9.79
44121,-9.79
44122,-9.79
44123,-9.79
44124,-9.79
44125,-9.79
44126,-9.79
44127,-9.79
44128,-9.79
44129,-9.79
44130,-9.79
44131,-9.79
44133,-9.79
44135,-9.79
44137,-9.79
44139,-9.79
44141,-9.79
44143,-9.79
44145,-9.79
44147,-9.79
44149,-9.79
44221,-9.79
44222,-9.79
44225,-9.79
44227,-9.79
44229,-9.79
44261,-9.79
44263,-9.79
44265,-9.79
44267,-9.79
44269,-9.79
44280,-9.79
44285,-9.79
44287,-9.79
44289,-9.79
44309,-9.79
44319,-9.79
44328,-9.79
44329,-9.79
44339,-9.79
44357,-9.79
44359,-9.79
44369,-9.79
44379,-9.79
44388,-9.79
44401,-9.79
44402,-9.79
44530,-9.79
44532,-9.79
44534,-9.79
44536,-9.79
44573,-9.79
44575,-9.79
44577,-9.79
44579,-9.79
44581,-9.79
44621,-9.79
44623,-9.79
44625,-9.79
44627,-9.79
44628,-9.79
44629,-9.79
44647,-9.79
44649,-9.79
44651,-9.79
44652,-9.79
44653,-9.79
44771,-9.79
44772,-9.79
44773,-9.79
44774,-9.79
44775,-9.79
44776,-9.79
44778,-9.79
44779,-9.79
44780,-9.79
44781,-9.79
44782,-9.79
44784,-9.79
44785,-9.79
44787,-9.79
44789,-9.79
44791,-9.79
44793,-9.79
44795,-9.79
44797,-9.79
44799,-9.79
44801,-9.79
44803,-9.79
44805,-9.79
44807,-9.79
44809,-9.79
44863,-9.79
44866,-9.79
44867,-9.79
44869,-9.79
44879,-9.79
44892,-9.79
44894,-9.79
45058,-9.79
45060,-9.79
45061,-9.79
45062,-9.79
45063,-9.79
45064,-9.79
45091,-9.79
45092,-9.79
45093,-9.79
45095,-9.79
45097,-9.79
45098,-9.79
45099,-9.79
45102,-9.79
45113,-9.79
45114,-9.79
45115,-9.79
45116,-9.79
45117,-9.79
45119,-9.79
45120,-9.79
45121,-9.79
45122,-9.79
45123,-9.79
45124,-9.79
45125,-9.79
45126,-9.79
45127,-9.79
45128,-9.79
45130,-9.79
45131,-9.79
45133,-9.79
45134,-9.79
45136,-9.79
45138,-9.79
45139,-9.79
45141,-9.79
45143,-9.79
45144,-9.79
45145,-9.79
45147,-9.79
45149,-9.79
45195,-9.79
45196,-9.79
45219,-9.79
45239,-9.79
45257,-9.79
45259,-9.79
45276,-9.79
45277,-9.79
45279,-9.79
45289,-9.79
45307,-9.79
45309,-9.79
45326,-9.79
45327,-9.79
45329,-9.79
45355,-9.79
45356,-9.79
45357,-9.79
45359,-9.79
45365,-9.79
45403,-9.79
45466,-9.79
45468,-9.79
45470,-9.79
45472,-9.79
45473,-9.79
45475,-9.79
45476,-9.79
45478,-9.79
45479,-9.79
45481,-9.79
45523,-9.79
45525,-9.79
45527,-9.79
45529,-9.79
45549,-9.79
45630,-9.79
45655,-9.79
45657,-9.79
45659,-9.79
45661,-9.79
45663,-9.79
45665,-9.79
45697,-9.79
45699,-9.79
45701,-9.79
45711,-9.79
45721,-9.79
45729,-9.79
45731,-9.79
45739,-9.79
45765,-9.79
45768,-9.79
45770,-9.79
45772,-9.79
45801,-9.79
45833,-9.79
45835,-9.79
45875,-9.79
45876,-9.79
45877,-9.79
45879,-9.79
45881,-9.79
45883,-9.79
45884,-9.79
45886,-9.79
45888,-9.79
45889,-9.79
45891,-9.79
45892,-9.79
45894,-9.79
45896,-9.79
45897,-9.79
45899,-9.79
45964,-9.79
45966,-9.79
45968,-9.79
46020,-9.79
46040,-9.79
46042,-9.79
46045,-9.79
46047,-9.79
46049,-9.79
46117,-9.79
46119,-9.79
46142,-9.79
46145,-9.79
46147,-9.79
46149,-9.79
46236,-9.79
46238,-9.79
46240,-9.79
46242,-9.79
46244,-9.79
46282,-9.79
46284,-9.79
46286,-9.79
46322,-9.79
46325,-9.79
46342,-9.79
46348,-9.79
46354,-9.79
46359,-9.79
46393,-9.79
46395,-9.79
46397,-9.79
46399,-9.79
46414,-9.79
46419,-9.79
46444,-9.79
46446,-9.79
46459,-9.79
46480,-9.79
46482,-9.79
46483,-9.79
46485,-9.79
46487,-9.79
46499,-9.79
46509,-9.79
46514,-9.79
46519,-9.79
46535,-9.79
46537,-9.79
46539,-9.79
46562,-9.79
46569,-9.79
47044,-9.79
47048,-9.79
47049,-9.79
47050,-9.79
47051,-9.79
47053,-9.79
47055,-9.79
47057,-9.79
47058,-9.79
47059,-9.79
47118,-9.79
47119,-9.79
47137,-9.79
47138,-9.79
47139,-9.79
47161,-9.79
47163,-9.79
47166,-9.79
47167,-9.79
47169,-9.79
47178,-9.79
47179,-9.79
47198,-9.79
47199,-9.79
47226,-9.79
47228,-9.79
47229,-9.79
47239,-9.79
47249,-9.79
47259,-9.79
47269,-9.79
47279,-9.79
47299,-9.79
47300,-9.79
47303,-9.79
47305,-9.79
47439,-9.79
47441,-9.79
47443,-9.79
47445,-9.79
47447,-9.79
47475,-9.79
47493,-9.79
47495,-9.79
47504,-9.79
47506,-9.79
47509,-9.79
47526,-9.79
47533,-9.79
47546,-9.79
47551,-9.79
47559,-9.79
47574,-9.79
47589,-9.79
47608,-9.79
47623,-9.79
47624,-9.79
47625,-9.79
47626,-9.79
47627,-9.79
47638,-9.79
47647,-9.79
47652,-9.79
47661,-9.79
47665,-9.79
47669,-9.79
47789,-10.34
47791,-9.79
47792,-9.79
47795,-9.79
47796,-9.79
47798,-9.79
47799,-9.79
47800,-9.79
47802,-9.79
47803,-9.79
47804,-9.79
47805,-9.79
47807,-9.79
47809,-9.79
47829,-9.79
47839,-9.79
47875,-9.79
47877,-9.79
47904,-9.79
47906,-9.79
47918,-9.79
47929,-9.79
48079,-9.79
48084,-9.79
48108,-9.79
48119,-9.79
48121,-9.79
48122,-9.79
48123,-9.79
48124,-9.79
48125,-9.79
48126,-9.79
48127,-9.79
48128,-9.79
48129,-9.79
48130,-9.79
48131,-9.79
48132,-9.79
48133,-9.79
48134,-9.79
48135,-9.79
48136,-9.79
48137,-9.79
48138,-9.79
48139,-9.79
48140,-9.79
48141,-9.79
48143,-9.79
48145,-9.79
48147,-9.79
48149,-9.79
48151,-9.79
48153,-9.79
48155,-9.79
48157,-9.79
48159,-9.79
48161,-9.79
48163,-9.79
48165,-9.79
48167,-9.79
48172,-9.79
48229,-9.79
48231,-9.79
48249,-9.79
48268,-9.79
48282,-9.79
48291,-9.79
48301,-9.79
48308,-9.79
48317,-9.79
48324,-9.79
48329,-9.79
48336,-9.79
48341,-9.79
48346,-9.79
48351,-9.79
48356,-9.79
48361,-9.79
48366,-9.79
48369,-9.79
48416,-9.79
48427,-9.79
48429,-9.79
48431,-9.79
48432,-9.79
48455,-9.955
48465,-9.955
48477,-9.79
48480,-9.955
48485,-9.79
48488,-9.955
48493,-9.79
48496,-9.79
48499,-9.955
48522,-9.955
48525,-9.955
48527,-9.955
48529,-9.955
48531,-9.955
48563,-9.79
48565,-9.79
48596,-9.79
48599,-9.79
48607,-9.79
48612,-9.79
48619,-9.79
48624,-9.79
48629,-9.79
48649,-9.79
48651,-9.79
48653,-9.79
48681,-9.79
48683,-9.79
48691,-9.79
48702,-9.79
48703,-9.79
48712,-9.79
48720,-9.79
48727,-9.79
48734,-9.79
48739,-9.79
49068,-9.955
49070,-9.955
49074,-9.955
49076,-9.955
49078,-9.955
49080,-9.955
49082,-9.955
49084,-9.955
49086,-9.955
49088,-9.955
49090,-9.955
49101,-9.955
49124,-9.955
49134,-9.955
49143,-9.955
49152,-9.955
49163,-9.955
49170,-9.955
49176,-9.955
49179,-9.955
49186,-9.955
49191,-9.955
49195,-9.955
49196,-9.955
49201,-9.955
49205,-9.955
49213,-9.955
49214,-9.955
49219,-9.955
49324,-9.955
49326,-9.955
49328,-9.955
49356,-9.955
49374,-9.955
49375,-9.955
49377,-9.955
49393,-9.955
49401,-9.955
49406,-9.955
49413,-9.955
49419,-9.955
49424,-9.955
49429,-9.955
49434,-9.955
49439,-9.955
49447,-9.79
49448,-9.955
49451,-9.955
49453,-9.955
49456,-9.955
49457,-9.955
49459,-9.955
49475,-9.79
49477,-9.79
49479,-9.79
49492,-9.79
49497,-9.79
49504,-9.79
49509,-9.79
49523,-9.79
49525,-9.79
49536,-9.79
49541,-9.79
49545,-9.79
49549,-9.79
49562,-9.955
49565,-9.955
49577,-9.955
49584,-9.955
49586,-9.955
49593,-9.955
49594,-9.955
49596,-9.955
49597,-9.955
49599,-9.955
49609,-9.955
49610,-9.955
49624,-9.955
49626,-9.955
49632,-9.955
49635,-9.955
49637,-9.955
49638,-9.955
49659,-9.955
49661,-9.955
49681,-9.955
49685,-9.955
49688,-9.955
49691,-9.955
49692,-9.955
49696,-9.955
49699,-9.955
49716,-9.955
49733,-9.955
49740,-9.955
49744,-9.955
49751,-9.955
49757,-9.955
49762,-9.955
49767,-9.955
49770,-9.955
49774,-9.955
49777,-9.955
49779,-9.955
49801,-9.955
49803,-9.955
49808,-9.955
49809,-9.955
49811,-9.955
49824,-9.955
49828,-9.955
49832,-9.955
49835,-9.955
49838,-9.955
49843,-9.955
49844,-9.955
49846,-9.955
49847,-9.955
49849,-9.955
50123,-9.79
50124,-9.79
50126,-9.79
50127,-9.79
50129,-9.79
50169,-9.79
50170,-9.79
50171,-9.79
50181,-9.79
50189,-9.79
50226,-9.79
50259,-9.79
50318,-9.79
50319,-9.79
50321,-9.79
50351,-9.79
50354,-9.79
50374,-9.79
50387,-9.79
50389,-9.79
50399,-9.79
50411,-9.79
50412,-9.79
50413,-9.79
50414,-9.79
50415,-9.79
50416,-9.79
50417,-9.79
50418,-9.79
50419,-9.79
50421,-9.79
50422,-9.79
50423,-9.955
50424,-9.91
50425,-9.79
50426,-9.79
50427,-9.79
50428,-9.79
50569,-9.79
50574,-9.79
50575,-9.79
50576,-9.79
50579,-9.79
50580,-9.79
50581,-9.79
50582,-9.79
50583,-9.79
50585,-9.79
50586,-9.79
50587,-9.79
50588,-9.79
50589,-9.79
50590,-9.79
50591,-9.79
50592,-9.79
50593,-9.79
50594,-9.79
50595,-9.79
50596,-9.79
50598,-9.79
50600,-9.79
50602,-9.79
50603,-9.79
50604,-9.79
50605,-9.79
50606,-10.65
50607,-9.79
50657,-9.79
50658,-9.79
50661,-9.79
50662,-9.79
50663,-9.79
50664,-9.79
50667,-9.79
50668,-9.79
50670,-9.79
50672,-9.79
50674,-9.79
50676,-9.79
50677,-9.79
50678,-9.79
50679,-9.79
50725,-9.79
50726,-9.79
50727,-9.79
50728,-9.79
50729,-9.79
50730,-9.79
50733,-9.79
50735,-9.79
50737,-9.79
50739,-9.79
50765,-9.79
50767,-9.79
50769,-9.79
50819,-9.79
50820,-9.79
50823,-9.79
50825,-9.79
50827,-9.79
50829,-9.79
50855,-9.79
50858,-9.79
50859,-9.79
50919,-9.79
50922,-9.79
50924,-9.79
50925,-9.79
50926,-9.79
50927,-9.79
50928,-9.79
50931,-9.79
50933,-9.79
50935,-9.79
50937,-9.79
50939,-9.79
50960,-9.79
50962,-9.79
50963,-9.79
50964,-9.79
50965,-9.79
50966,-9.79
50968,-9.79
50969,-9.79
50996,-9.79
50997,-9.79
50999,-9.79
51057,-9.79
51058,-9.79
51059,-9.79
51061,-9.79
51063,-9.79
51065,-9.79
51067,-9.79
51069,-9.79
51101,-9.79
51103,-9.79
51105,-9.79
51107,-9.79
51109,-9.79
51139,-9.79
51140,-9.79
51141,-9.79
51143,-9.79
51145,-9.79
51147,-9.79
51149,-9.79
51169,-9.79
51170,-9.79
51171,-9.79
51172,-9.79
51173,-9.79
51174,-9.79
51175,-9.79
51178,-9.79
51221,-9.79
51222,-9.79
51365,-9.79
51366,-9.79
51367,-9.79
51369,-9.79
51370,-9.79
51371,-9.79
51373,-9.79
51375,-9.79
51377,-9.79
51379,-9.79
51381,-9.79
51399,-9.79
51424,-9.79
51425,-9.79
51427,-9.79
51429,-9.79
51462,-9.79
51463,-9.79
51465,-9.79
51467,-9.79
51469,-9.79
51489,-9.79
51491,-9.79
51503,-9.79
51515,-9.79
51519,-9.79
51545,-9.79
51570,-9.79
51578,-9.79
51580,-9.79
51588,-9.79
51597,-9.79
51598,-10.115
51641,-9.79
51643,-9.79
51645,-9.79
51647,-9.79
51674,-9.79
51688,-9.79
51700,-9.79
51702,-9.79
51709,-9.79
51766,-9.79
51777,-9.79
51789,-9.79
52028,-9.79
52045,-9.79
52046,-9.79
52047,-9.79
52049,-9.79
52053,-9.79
52054,-9.79
52055,-9.79
52056,-9.79
52057,-9.79
52058,-9.79
52059,-9.79
52060,-9.79
52062,-9.79
52064,-9.79
52066,-9.79
52068,-9.79
52070,-9.79
52072,-9.79
52074,-9.79
52076,-9.79
52078,-9.79
52080,-9.79
52081,-9.79
52084,-9.79
52090,-9.79
52099,-9.79
52101,-9.79
52115,-9.79
52134,-9.79
52146,-9.79
52152,-9.79
52156,-9.79
52159,-9.79
52220,-9.79
52222,-9.79
52223,-9.79
52224,-9.79
52249,-9.79
52348,-9.79
52349,-9.79
52351,-9.79
52353,-9.79
52355,-9.79
52372,-9.79
52379,-9.79
52382,-9.79
52385,-9.79
52388,-9.79
52391,-9.79
52393,-9.79
52396,-9.79
52399,-9.79
52425,-9.79
52426,-9.79
52428,-9.79
52441,-9.79
52445,-9.79
52457,-9.79
52459,-9.79
52475,-9.79
52477,-9.79
52499,-9.79
52509,-9.79
52511,-9.79
52523,-9.79
52525,-9.79
52531,-9.79
52538,-9.79
53094,-9.79
53095,-9.79
53096,-9.79
53099,-9.79
53100,-9.79
53102,-9.79
53103,-9.79
53104,-9.79
53105,-9.79
53106,-9.79
53107,-9.79
53108,-9.79
53109,-9.79
53110,-9.79
53111,-9.79
53113,-9.79
53115,-9.79
53117,-9.79
53119,-9.79
53121,-9.79
53123,-9.79
53125,-9.79
53127,-9.79
53129,-9.79
53160,-9.79
53168,-9.79
53169,-9.79
53170,-9.79
53171,-9.79
53173,-9.79
53175,-9.79
53177,-9.79
53179,-9.79
53221,-9.79
53222,-9.79
53223,-9.79
53225,-9.79
53227,-9.79
53229,-9.79
53241,-9.79
53243,-9.79
53245,-9.79
53247,-9.79
53248,-9.79
53249,-9.79
53250,-9.79
53251,-9.79
53252,-9.79
53253,-9.79
53254,-9.79
53255,-9.79
53262,-9.79
53284,-9.79
53285,-9.79
53286,-9.79
53287,-9.79
53288,-9.79
53289,-11.145
53330,-9.79
53332,-9.79
53338,-9.79
53340,-9.79
53343,-9.79
53347,-9.79
53357,-9.79
53359,-9.79
53423,-10.115
53424,-10.115
53426,-10.115
53455,-10.115
53470,-10.115
53474,-10.115
53489,-10.115
53498,-10.115
53501,-10.115
53505,-10.115
53506,-10.115
53507,-10.115
53508,-10.115
53518,-10.115
53520,-10.115
53533,-10.115
53534,-10.115
53539,-10.115
53545,-10.115
53547,-10.115
53557,-10.115
53560,-10.115
53562,-10.115
53567,-10.115
53572,-10.115
53577,-10.115
53578,-10.115
53579,-10.115
53602,-9.79
53604,-9.79
53619,-10.115
53637,-9.79
53639,-9.79
53717,-9.79
53718,-9.79
53719,-9.79
53721,-9.79
53754,-9.79
53757,-9.79
53773,-9.79
53783,-9.79
53797,-9.79
53804,-9.79
53809,-9.79
53819,-9.79
53839,-9.79
53840,-9.79
53842,-9.79
53844,-9.79
53859,-9.79
53877,-9.79
53879,-9.79
53881,-9.79
53884,-9.79
53894,-9.79
53902,-9.79
53909,-9.79
53913,-9.79
53919,-9.79
53925,-9.79
53937,-9.79
53940,-9.79
53945,-9.79
53947,-9.79
53949,-9.79
54187,-10.115
54189,-10.115
54190,-10.115
54286,-10.115
54287,-10.115
54290,-10.115
54292,-10.115
54293,-10.115
54294,-10.115
54295,-10.115
54296,-10.115
54298,-10.115
54306,-10.115
54308,-10.115
54309,-10.115
54310,-10.115
54311,-10.115
54313,-10.115
54314,-10.115
54316,-10.115
54317,-10.115
54318,-10.115
54320,-10.115
54329,-10.115
54331,-10.115
54332,-10.115
54338,-10.115
54340,-10.115
54341,-10.115
54343,-10.115
54344,-10.115
54346,-10.115
54347,-10.115
54349,-10.115
54411,-10.115
54413,-10.115
54421,-10.115
54422,-10.115
54424,-10.115
54426,-10.115
54427,-10.115
54429,-10.115
54439,-10.115
54441,-10.115
54450,-10.115
54451,-10.115
54453,-10.115
54455,-10.115
54456,-10.115
54457,-10.115
54459,-10.115
54469,-10.115
54470,-10.115
54472,-10.115
54483,-10.115
54484,-10.115
54486,-10.115
54487,-10.115
54492,-10.115
54497,-10.115
54498,-10.115
54516,-10.115
54518,-10.115
54523,-10.115
54524,-10.115
54526,-10.115
54528,-10.115
54529,-10.115
54531,-10.115
54533,-10.115
54534,-10.115
54536,-10.115
54538,-10.115
54539,-10.115
54550,-10.115
54552,-10.115
54558,-10.115
54567,-10.115
54568,-10.115
54570,-10.115
54574,-10.115
54576,-10.115
54578,-10.115
54579,-10.115
54584,-10.115
54585,-10.115
54586,-10.115
54587,-10.115
54589,-10.115
54595,-10.115
54597,-10.115
54608,-10.115
54610,-10.115
54611,-10.115
54612,-10.115
54614,-10.115
54616,-10.115
54617,-10.115
54619,-10.115
54634,-10.115
54636,-10.115
54646,-10.115
54647,-10.115
54649,-10.115
54655,-10.115
54657,-10.115
54662,-10.115
54664,-10.115
54666,-10.115
54668,-10.115
54669,-10.115
54673,-10.115
54675,-10.115
54687,-10.115
54689,-10.115
55097,-10.115
55098,-10.115
55099,-10.115
55100,-10.115
55101,-10.115
55116,-10.115
55118,-10.115
55120,-10.115
55122,-10.115
55124,-10.115
55126,-10.115
55127,-10.115
55128,-10.115
55129,-10.115
55130,-10.115
55131,-10.115
55146,-10.115
55147,-10.115
55148,-10.115
55149,-10.115
55150,-10.115
55218,-10.115
55232,-10.115
55234,-10.115
55237,-10.115
55239,-10.115
55246,-10.445
55252,-10.445
55257,-10.115
55262,-10.115
55263,-10.115
55266,-10.115
55268,-10.115
55270,-10.115
55271,-10.115
55276,-10.115
55278,-10.115
55283,-10.115
55286,-10.115
55288,-10.115
55291,-10.115
55294,-10.115
55296,-10.115
55299,-10.115
55408,-10.115
55409,-10.115
55411,-10.115
55413,-10.115
55422,-10.115
55424,-10.115
55425,-10.115
55430,-10.115
55432,-10.115
55435,-10.115
55437,-10.115
55442,-10.115
55444,-10.115
55450,-10.115
55452,-10.115
55457,-10.115
55459,-10.115
55469,-10.115
55471,-10.115
55481,-10.115
55483,-10.115
55487,-10.115
55490,-10.115
55491,-10.115
55494,-10.115
55496,-10.115
55497,-10.115
55499,-10.115
55538,-10.115
55540,-10.115
55541,-11.145
55543,-10.115
55545,-10.115
55546,-10.115
55559,-10.115
55566,-10.115
55568,-10.115
55569,-10.115
55571,-10.115
55576,-10.115
55578,-10.115
55583,-10.115
55585,-10.115
55590,-10.115
55592,-10.115
55593,-10.115
55595,-10.115
55596,-10.115
55597,-10.115
55599,-10.115
55606,-10.115
55608,-10.115
55618,-10.115
55619,-10.115
55621,-10.115
55624,-10.115
55626,-10.115
55627,-10.115
55629,-10.115
55743,-10.115
55756,-10.115
55758,-10.115
55765,-10.115
55767,-10.115
55768,-10.115
55774,-10.115
55776,-10.115
55777,-10.115
55779,-10.115
56037,-10.115
56040,-10.115
56048,-10.115
56053,-10.115
56054,-10.115
56055,-10.115
56056,-10.115
56057,-10.115
56058,-10.115
56059,-10.115
56060,-10.115
56062,-10.115
56063,-10.115
56064,-10.115
56065,-10.115
56066,-10.115
56068,-10.115
56070,-10.115
56072,-10.115
56073,-10.115
56075,-10.115
56076,-10.115
56077,-10.115
56078,-10.115
56079,-10.115
56080,-10.115
56112,-10.115
56128,-10.115
56129,-10.115
56130,-10.115
56132,-10.115
56133,-10.115
56154,-10.115
56170,-10.115
56179,-10.115
56182,-10.115
56191,-10.115
56203,-10.115
56204,-10.115
56206,-10.115
56218,-10.115
56220,-10.115
56235,-10.115
56237,-10.115
56242,-10.115
56244,-10.115
56249,-10.115
56253,-10.115
56254,-10.115
56269,-10.115
56271,-10.115
56276,-10.115
56281,-10.115
56283,-10.115
56288,-10.115
56290,-10.115
56291,-10.115
56294,-10.115
56295,-10.115
56299,-10.115
56305,-10.115
56307,-10.115
56316,-10.115
56317,-10.115
56321,-10.115
56322,-10.115
56323,-10.115
56329,-10.115
56330,-10.115
56332,-10.115
56333,-10.115
56335,-10.115
56337,-10.115
56338,-10.115
56340,-10.115
56341,-10.115
56346,-10.115
56348,-10.115
56349,-10.115
56355,-10.115
56357,-10.115
56368,-10.115
56370,-10.115
56377,-10.115
56379,-10.115
56407,-10.115
56409,-10.115
56410,-10.115
56412,-10.115
56414,-10.115
56422,-10.115
56424,-10.115
56427,-10.115
56428,-10.115
56456,-10.115
56457,-10.115
56459,-10.115
56462,-10.115
56469,-10.115
56470,-10.115
56472,-10.115
56476,-10.445
56477,-10.115
56479,-10.115
56560,-10.115
56562,-10.115
56564,-10.115
56566,-10.115
56567,-10.115
56575,-10.115
56578,-10.115
56579,-10.115
56581,-10.115
56584,-10.115
56587,-10.115
56588,-10.115
56589,-10.115
56593,-10.115
56594,-10.115
56598,-10.115
56599,-10.115
56624,-10.115
56626,-10.115
56630,-10.115
56637,-10.115
56642,-10.115
56645,-10.115
56647,-10.115
56648,-10.115
56651,-10.115
56653,-10.115
56656,-10.115
56659,-10.115
56723,-10.115
56724,-10.115
56725,-10.115
56727,-10.115
56729,-10.115
56736,-10.115
56743,-10.115
56745,-10.115
56746,-10.115
56751,-10.115
56753,-10.115
56754,-10.115
56759,-10.115
56761,-10.115
56766,-10.115
56767,-10.115
56769,-10.115
56812,-10.115
56814,-10.115
56818,-10.115
56820,-10.115
56821,-10.115
56823,-10.115
56825,-10.115
56826,-10.115
56828,-10.115
56829,-10.115
56841,-10.115
56843,-10.115
56850,-10.115
56856,-10.115
56858,-10.115
56859,-10.115
56861,-10.115
56862,-10.115
56864,-10.115
56865,-10.115
56867,-10.115
56869,-10.115
57068,-9.79
57069,-9.79
57070,-9.79
57072,-9.79
57074,-9.79
57076,-9.79
57078,-9.79
57080,-9.79
57110,-9.79
57223,-9.79
57234,-9.79
57250,-9.79
57258,-9.79
57271,-9.79
57289,-9.79
57290,-9.79
57299,-9.79
57319,-9.79
57334,-9.79
57339,-9.79
57368,-9.79
57392,-9.79
57399,-9.79
57413,-9.79
57437,-9.79
57439,-9.79
57462,-9.79
57482,-9.79
57489,-9.79
57517,-10.115
57518,-10.115
57520,-10.115
57537,-10.115
57539,-10.115
57548,-10.115
57555,-10.115
57562,-10.115
57567,-10.115
57572,-10.115
57577,-10.115
57578,-10.115
57580,-10.115
57581,-10.115
57583,-10.115
57584,-10.115
57586,-10.115
57587,-10.115
57589,-10.115
57609,-10.115
57610,-10.115
57612,-10.115
57614,-10.115
57626,-10.115
57627,-10.115
57629,-10.115
57632,-10.115
57635,-10.115
57636,-10.115
57638,-10.115
57639,-10.115
57641,-10.115
57642,-10.115
57644,-10.115
57645,-10.115
57647,-10.115
57648,-10.115
58079,-9.79
58080,-9.79
58081,-9.79
58082,-9.79
58083,-9.79
58084,-9.79
58085,-9.79
58086,-9.79
58089,-9.79
58091,-9.79
58093,-9.79
58095,-9.79
58097,-9.79
58099,-9.79
58117,-9.79
58119,-9.79
58133,-9.79
58135,-9.79
58147,-9.79
58237,-9.79
58239,-9.79
58256,-9.79
58283,-9.79
58285,-9.79
58292,-9.79
58298,-9.79
58300,-9.79
58311,-9.79
58313,-9.79
58330,-9.79
58332,-9.79
58339,-9.79
58448,-9.79
58449,-9.79
58452,-9.79
58453,-9.79
58454,-9.79
58455,-9.79
58456,-9.79
58505,-9.79
58507,-9.79
58509,-9.79
58511,-9.79
58513,-9.79
58515,-9.79
58540,-9.79
58553,-9.79
58566,-9.79
58579,-9.79
58603,-9.79
58634,-9.79
58636,-9.79
58638,-9.79
58640,-9.79
58642,-9.79
58644,-9.79
58675,-9.79
58706,-9.79
58708,-9.79
58710,-9.79
58730,-9.79
58739,-9.79
58762,-9.79
58769,-9.79
58791,-9.79
58802,-9.79
58809,-9.79
58840,-9.79
58849,-9.79
59056,-9.79
59057,-9.79
59059,-9.79
59060,-9.79
59061,-9.79
59062,-9.79
59063,-9.79
59065,-9.79
59067,-9.79
59069,-9.79
59071,-9.79
59073,-9.79
59075,-9.79
59077,-9.79
59089,-9.79
59090,-9.79
59172,-9.79
59174,-9.79
59192,-9.79
59199,-9.79
59215,-9.79
59225,-9.79
59227,-9.79
59229,-9.79
59267,-9.79
59269,-9.79
59299,-9.79
59302,-9.79
59320,-9.79
59329,-9.79
59348,-9.79
59366,-9.79
59368,-9.79
59379,-9.79
59385,-9.79
59387,-9.79
59394,-9.79
59399,-9.79
59423,-9.79
59425,-9.79
59427,-9.79
59438,-9.79
59439,-9.79
59455,-9.79
59457,-9.79
59469,-9.79
59490,-9.79
59491,-9.79
59494,-9.79
59495,-9.79
59505,-9.79
59510,-9.79
59514,-9.79
59519,-9.79
59552,-9.79
59553,-9.79
59555,-9.79
59556,-9.79
59557,-9.79
59558,-9.79
59578,-9.79
59581,-9.79
59590,-9.79
59597,-9.79
59602,-9.79
59609,-9.79
59753,-9.79
59755,-9.79
59757,-9.79
59759,-9.79
59817,-9.79
59818,-9.79
59821,-9.79
59823,-9.79
59844,-9.79
59846,-9.79
59870,-9.79
59872,-9.79
59889,-9.79
59909,-9.79
59929,-9.79
59939,-9.79
59955,-9.79
59964,-9.79
59969,-10.445
60060,-10.445
60185,-10.445
60222,-10.445
60223,-10.445
60252,-10.445
60254,-10.445
60255,-10.445
60256,-10.445
60257,-10.445
60259,-10.445
60261,-10.445
60262,-10.445
60263,-10.445
60264,-10.445
60265,-10.445
60267,-10.445
60270,-10.445
60274,-10.445
60275,-10.445
60276,-10.445
60277,-10.445
60278,-10.445
60279,-10.445
60280,-10.445
60281,-10.445
60282,-10.445
60284,-10.445
60285,-10.445
60286,-10.445
60287,-10.445
60289,-10.445
60290,-10.445
60291,-10.445
60296,-10.445
60297,-10.445
60298,-10.445
60300,-10.445
60301,-10.445
60304,-10.445
60305,-10.445
60306,-10.445
60307,-10.445
60308,-10.445
60309,-10.445
60310,-10.445
60311,-10.445
60313,-10.445
60314,-10.445
60316,-10.445
60318,-10.445
60320,-10.445
60322,-10.445
60323,-10.445
60325,-10.445
60326,-10.445
60327,-10.445
60329,-10.445
60377,-10.445
60379,-10.445
60380,-10.445
60382,-10.445
60385,-10.445
60386,-10.445
60388,-10.445
60389,-10.445
60422,-10.445
60423,-10.445
60424,-10.445
60428,-10.445
60429,-10.445
60431,-10.445
60433,-10.445
60435,-10.445
60437,-10.445
60438,-10.445
60439,-10.445
60482,-10.445
60484,-10.445
60485,-10.445
60486,-10.445
60487,-10.445
60488,-10.445
60489,-10.445
60490,-10.445
60519,-10.445
60521,-10.445
60523,-10.445
60524,-10.445
60525,-10.445
60528,-10.445
60529,-10.445
60544,-10.445
60546,-10.445
60547,-10.445
60549,-10.445
60589,-10.445
60590,-10.445
60591,-10.445
60594,-10.445
60596,-10.445
60598,-10.445
60599,-10.445
60600,-10.445
60607,-10.445
60608,-10.445
60609,-10.445
60610,-10.445
60611,-10.445
60612,-10.445
60613,-10.445
60614,-10.445
60615,-10.445
60620,-10.445
60621,-10.445
60622,-10.445
60623,-10.445
60624,-10.445
60625,-10.445
60626,-10.445
60627,-10.445
60628,-10.445
60629,-10.445
60630,-10.445
60631,-10.445
60632,-10.445
60633,-10.445
60634,-10.445
60637,-10.445
60638,-10.445
60639,-10.445
60640,-10.445
60643,-10.445
60644,-10.445
60645,-10.445
60647,-9.835
60651,-9.79
60652,-9.79
60699,-10.445
61116,-10.445
61118,-10.445
61130,-10.445
61137,-10.445
61138,-10.445
61167,-10.445
61169,-10.445
61182,-10.445
61184,-10.445
61191,-10.445
61194,-10.445
61197,-10.445
61200,-10.445
61203,-10.445
61206,-10.445
61209,-10.445
61229,-10.445
61231,-10.445
61239,-10.445
61250,-10.445
61267,-10.445
61273,-10.445
61276,-10.445
61279,-10.445
61300,-10.445
61341,-10.445
61342,-10.445
61343,-10.445
61344,-10.445
61345,-10.445
61346,-10.445
61348,-10.445
61350,-10.445
61352,-10.445
61378,-10.445
61381,-10.445
61389,-10.445
61434,-10.445
61435,-10.445
61437,-10.445
61440,-10.445
61449,-10.445
61462,-10.445
61474,-10.445
61476,-10.445
61479,-10.445
63057,-10.445
63059,-10.445
63060,-10.445
63061,-10.445
63063,-10.445
63064,-10.445
63065,-10.445
63067,-10.445
63069,-10.445
63071,-10.445
63073,-10.445
63075,-10.445
63106,-10.445
63110,-10.445
63126,-10.445
63128,-10.445
63147,-10.445
63150,-10.445
63165,-10.445
63177,-10.445
63179,-10.445
63222,-10.445
63223,-10.445
63225,-10.445
63256,-10.445
63257,-10.445
63258,-10.445
63259,-10.445
63263,-10.445
63299,-10.445
63303,-10.445
63317,-10.445
63318,-10.445
63322,-10.445
63328,-10.445
63329,-10.445
63405,-10.445
63438,-10.445
63441,-10.445
63442,-10.445
63443,-10.445
63446,-10.445
63447,-10.445
63450,-10.445
63452,-10.445
63454,-10.445
63456,-10.445
63457,-10.445
63475,-10.65
63477,-10.445
63486,-10.445
63499,-10.445
63500,-10.445
63505,-10.445
63512,-10.445
63517,-10.445
63526,-10.445
63532,-10.445
63533,-10.445
63538,-10.445
63543,-10.445
63546,-10.445
63549,-10.445
63569,-10.445
63571,-10.445
63579,-10.445
63584,-10.445
63589,-10.445
63594,-10.445
63599,-10.445
63607,-10.445
63619,-10.445
63628,-10.445
63633,-10.445
63636,-10.445
63637,-10.445
63639,-10.445
63652,-10.445
63654,-10.445
63667,-10.445
63674,-10.445
63679,-10.445
63683,-10.445
63688,-10.445
63691,-10.445
63694,-10.445
63695,-10.445
63697,-10.445
63699,-10.445
63715,-11.145
63735,-11.145
63736,-11.145
63739,-11.145
63741,-11.145
63743,-11.145
63754,-11.145
63755,-11.145
63762,-11.145
63768,-11.145
63773,-11.145
63776,-11.145
63784,-11.145
63785,-11.145
63791,-11.145
63796,-11.145
63801,-11.145
63806,-11.145
63808,-11.145
63811,-11.145
63814,-11.145
63820,-11.145
63825,-11.145
63826,-11.145
63828,-11.145
63829,-11.145
63831,-11.145
63834,-11.145
63839,-11.145
63840,-11.145
63843,-11.145
63846,-11.145
63849,-11.145
63853,-11.145
63856,-11.145
63857,-11.145
63860,-11.145
63863,-11.145
63864,-11.145
63867,-11.145
63868,-11.145
63869,-11.145
63871,-11.145
63872,-11.145
63874,-11.145
63875,-11.145
63877,-11.145
63879,-11.145
63897,-11.145
63906,-11.145
63911,-11.145
63916,-11.145
63920,-11.145
63924,-11.145
63925,-11.145
63927,-11.145
63928,-11.145
63930,-11.145
63931,-11.145
63933,-11.145
63934,-11.145
63936,-11.145
63937,-11.145
63939,-11.145
64271,-10.445
64272,-10.445
64273,-10.445
64275,-10.445
64276,-10.445
64277,-10.445
64278,-10.445
64279,-10.445
64280,-10.445
64283,-10.445
64285,-10.445
64287,-10.445
64289,-10.445
64291,-10.445
64293,-10.445
64295,-10.445
64297,-10.445
64304,-10.445
64305,-10.445
64306,-10.445
64307,-10.445
64308,-10.445
64319,-10.445
64331,-10.445
64342,-10.445
64346,-10.445
64347,-10.445
64354,-10.445
64367,-10.445
64372,-10.445
64380,-10.445
64385,-10.445
64390,-10.445
64395,-10.445
64397,-10.445
64401,-10.445
64404,-10.445
64405,-10.445
64407,-10.445
64409,-10.445
64517,-10.445
64518,-10.65
64520,-10.445
64521,-10.445
64542,-10.445
64543,-10.445
64545,-10.445
64546,-10.445
64560,-10.445
64569,-10.445
64572,-10.445
64579,-10.445
64584,-10.445
64589,-10.445
64623,-10.445
64624,-10.445
64625,-10.445
64646,-10.445
64653,-10.445
64658,-10.445
64665,-10.445
64668,-10.445
64673,-10.445
64678,-10.445
64683,-10.445
64686,-10.445
64689,-10.445
64711,-10.445
64720,-10.445
64732,-10.445
64738,-10.445
64739,-10.445
64743,-10.445
64747,-10.445
64750,-10.445
64753,-10.445
64754,-10.445
64756,-10.445
64757,-10.445
64807,-10.445
64823,-10.445
64832,-10.445
64839,-10.445
64846,-10.445
64850,-10.445
64853,-10.445
64859,-10.445
65164,-9.79
65166,-10.445
65169,-10.445
65170,-10.445
65171,-10.445
65172,-10.445
65173,-10.445
65174,-10.445
65175,-10.445
65176,-10.445
65177,-10.445
65178,-10.445
65179,-10.445
65180,-10.445
65181,-10.445
65182,-10.445
65183,-10.445
65185,-10.445
65187,-10.445
65189,-10.445
65191,-10.445
65193,-10.445
65195,-10.445
65197,-10.445
65199,-10.445
65201,-10.445
65203,-10.445
65205,-10.445
65207,-10.445
65209,-10.445
65212,-10.445
65215,-10.445
65216,-10.445
65218,-10.445
65219,-10.445
65220,-10.445
65221,-10.445
65222,-10.445
65223,-10.445
65224,-10.445
65232,-10.445
65239,-10.445
65307,-10.445
65321,-10.445
65326,-10.445
65329,-10.445
65341,-10.445
65343,-10.445
65344,-10.445
65345,-10.445
65346,-10.445
65347,-10.445
65366,-10.445
65375,-10.445
65385,-10.445
65388,-10.445
65391,-10.445
65396,-10.445
65399,-10.445
65423,-10.445
65424,-10.445
65428,-10.445
65438,-10.445
65439,-10.445
65450,-10.445
65451,-10.445
65462,-10.445
65468,-10.445
65473,-10.445
65474,-10.445
65479,-10.445
65509,-10.445
65510,-10.445
65520,-10.445
65527,-10.445
65529,-10.445
65546,-10.445
65547,-10.445
65549,-10.445
65550,-10.445
65551,-10.445
65552,-10.445
65553,-10.445
65554,-10.445
65555,-10.445
65556,-10.445
65558,-10.115
65580,-10.115
65582,-10.115
65589,-10.445
65594,-10.445
65597,-10.445
65599,-10.445
65604,-10.445
65606,-10.445
65611,-10.445
65614,-10.445
65617,-10.445
65618,-10.445
65620,-10.445
65623,-10.115
65624,-10.115
65626,-10.115
65627,-10.445
65629,-10.115
65717,-10.445
65719,-10.445
65754,-10.445
65755,-10.445
65756,-10.445
65757,-10.445
65758,-10.445
65760,-10.445
65779,-10.445
65784,-10.445
65795,-10.445
65810,-10.445
65812,-10.445
65817,-10.445
65823,-10.445
65824,-10.445
65830,-10.445
65835,-10.445
65840,-10.445
65842,-10.445
65843,-10.445
65844,-10.445
65925,-10.445
65927,-10.445
65929,-10.445
65931,-10.445
65933,-10.445
65934,-10.445
65936,-10.445
66087,-9.91
66088,-9.91
66090,-9.91
66094,-9.91
66097,-9.91
66098,-9.91
66099,-9.91
66100,-9.91
66101,-9.91
66102,-9.91
66103,-9.91
66104,-9.91
66106,-9.91
66108,-9.91
66109,-9.91
66111,-9.91
66113,-9.91
66115,-9.91
66117,-9.91
66119,-9.91
66121,-9.91
66123,-9.91
66125,-9.91
66126,-9.91
66127,-9.91
66128,-9.91
66129,-9.91
66130,-9.91
66131,-9.91
66132,-9.91
66133,-9.91
66150,-9.91
66265,-9.91
66271,-9.91
66280,-9.91
66287,-9.91
66292,-9.91
66299,-9.91
66330,-9.91
66333,-9.91
66346,-9.91
66352,-9.91
66359,-9.91
66386,-9.91
66399,-9.91
66421,-9.91
66424,-9.91
66440,-9.91
66450,-9.91
66453,-9.91
66458,-9.91
66459,-9.91
66482,-10.115
66484,-10.115
66497,-10.115
66500,-10.115
66501,-10.115
66503,-10.115
66504,-10.115
66506,-10.115
66507,-10.115
66509,-10.115
66538,-9.91
66539,-9.91
66540,-9.91
66557,-9.91
66564,-9.91
66571,-9.91
66578,-9.91
66583,-9.91
66589,-9.91
66606,-9.91
66620,-9.91
66625,-9.91
66629,-9.91
66636,-9.91
66640,-9.91
66646,-9.91
66649,-9.91
66661,-9.91
66663,-9.91
66679,-9.91
66687,-9.91
66693,-9.91
66701,-9.91
66706,-9.91
66709,-9.91
66738,-9.91
66740,-9.91
66763,-9.91
66773,-9.91
66780,-9.91
66787,-9.91
66793,-9.91
66798,-9.91
66802,-9.91
66806,-9.91
66809,-9.91
66822,-9.91
66839,-9.91
66849,-10.115
66851,-10.115
66862,-10.115
66869,-10.115
66871,-10.115
66877,-10.115
66879,-10.115
66882,-10.115
66885,-10.115
66887,-10.115
66892,-10.115
66894,-10.115
66901,-10.115
66903,-10.115
66904,-10.115
66907,-10.115
66909,-10.115
66914,-10.115
66916,-10.115
66917,-10.115
66919,-10.115
66950,-10.115
66951,-10.115
66953,-10.115
66954,-10.115
66955,-10.115
66957,-10.115
66969,-10.115
66976,-10.115
66978,-10.115
66981,-10.115
66986,-10.115
66987,-10.115
66989,-10.115
66994,-10.115
66996,-10.115
66999,-10.115
67055,-10.115
67056,-10.115
67057,-10.115
67059,-10.115
67061,-10.115
67063,-10.115
67065,-10.115
67067,-10.115
67069,-10.115
67071,-10.115
67075,-10.115
67076,-10.115
67077,-10.115
67078,-10.115
67082,-10.115
67098,-10.115
67105,-10.115
67112,-10.115
67117,-10.115
67122,-10.115
67125,-10.115
67126,-10.115
67127,-10.115
67133,-10.115
67134,-10.115
67136,-10.115
67141,-10.115
67146,-10.115
67147,-10.115
67149,-10.115
67150,-10.115
67152,-10.115
67157,-10.115
67158,-10.115
67159,-10.115
67161,-10.115
67165,-10.115
67166,-10.115
67167,-10.115
67169,-10.115
67225,-10.115
67227,-10.115
67229,-10.115
67240,-10.115
67245,-10.115
67246,-10.115
67251,-10.115
67256,-10.115
67258,-10.115
67259,-10.115
67269,-10.115
67271,-10.115
67273,-10.115
67278,-10.115
67280,-10.115
67281,-10.115
67283,-10.115
67292,-10.115
67294,-10.115
67295,-10.115
67297,-10.115
67304,-10.115
67305,-10.115
67307,-10.115
67308,-10.115
67310,-10.115
67311,-10.115
67316,-10.115
67317,-10.115
67319,-10.115
67340,-10.115
67342,-10.115
67343,-10.115
67346,-10.115
67354,-10.115
67360,-10.115
67361,-10.115
67363,-10.115
67365,-10.115
67366,-10.115
67368,-10.115
67373,-10.115
67374,-10.115
67376,-10.115
67377,-10.115
67378,-10.115
67429,-10.115
67433,-10.115
67434,-10.115
67435,-10.115
67454,-10.115
67459,-10.115
67466,-10.115
67468,-10.115
67471,-10.115
67472,-10.115
67473,-10.115
67475,-10.115
67480,-10.115
67482,-10.115
67483,-10.115
67487,-10.115
67489,-10.115
67545,-10.115
67547,-10.115
67549,-10.115
67550,-10.115
67551,-10.115
67574,-10.115
67575,-10.115
67577,-10.115
67578,-10.115
67580,-10.115
67582,-10.115
67583,-10.115
67585,-10.115
67586,-10.115
67587,-10.115
67590,-10.115
67591,-10.115
67592,-10.115
67593,-10.115
67595,-10.115
67596,-10.115
67598,-10.115
67599,-10.115
67650,-10.115
67653,-10.115
67655,-10.115
67657,-10.115
67659,-10.115
67661,-10.115
67663,-10.115
67677,-10.115
67678,-10.115
67680,-10.115
67681,-10.115
67685,-10.115
67686,-10.115
67688,-10.115
67691,-10.115
67693,-10.115
67697,-10.115
67699,-10.115
67700,-10.115
67701,-10.115
67705,-10.115
67706,-10.115
67707,-10.115
67714,-10.115
67715,-10.115
67716,-10.115
67718,-10.115
67722,-10.115
67724,-10.115
67725,-10.115
67727,-10.115
67728,-10.115
67729,-10.115
67731,-10.115
67732,-10.115
67734,-10.115
67735,-10.115
67737,-10.115
67742,-10.115
67744,-10.115
67745,-10.115
67746,-10.115
67748,-10.115
67749,-10.115
67752,-10.115
67753,-10.115
67754,-10.115
67756,-10.115
67757,-10.115
67759,-10.115
67806,-10.115
67808,-10.115
67811,-10.115
67813,-10.115
67814,-10.115
67816,-10.115
67817,-10.115
67819,-10.115
67821,-10.115
67822,-10.115
67823,-10.115
67824,-10.115
67826,-10.115
67827,-10.115
67829,-10.115
68051,-10.65
68112,-10.65
68122,-10.65
68123,-10.65
68124,-10.65
68126,-10.65
68127,-10.65
68128,-10.65
68130,-10.65
68131,-10.65
68132,-10.65
68133,-10.65
68134,-10.65
68135,-10.65
68136,-10.65
68138,-10.65
68139,-10.65
68140,-10.65
68141,-10.65
68142,-10.65
68143,-10.65
68144,-10.65
68145,-10.65
68146,-10.65
68147,-10.65
68148,-10.65
68149,-10.65
68150,-10.65
68151,-10.65
68156,-10.65
68159,-10.65
68161,-10.65
68163,-10.65
68165,-10.65
68167,-10.65
68169,-10.65
68197,-10.65
68199,-10.65
68219,-10.65
68229,-10.65
68239,-10.65
68259,-10.65
68298,-10.65
68299,-10.65
68300,-10.65
68301,-10.65
68302,-10.65
68305,-10.65
68307,-10.65
68309,-10.65
68517,-10.445
68519,-10.445
68526,-10.65
68535,-10.65
68542,-10.65
68549,-10.65
68619,-10.445
68623,-10.445
68642,-10.445
68647,-10.445
68649,-10.445
68721,-10.65
68723,-10.65
68753,-10.65
68764,-10.65
68766,-10.65
68775,-10.65
68782,-10.65
68789,-10.65
68794,-10.65
68799,-10.65
68804,-10.65
68809,-10.65
69108,-10.65
69110,-10.65
69111,-10.65
69112,-10.65
69113,-10.65
69115,-10.65
69117,-10.65
69118,-10.65
69120,-10.65
69121,-10.65
69123,-10.65
69124,-10.65
69126,-10.65
69151,-10.65
69159,-10.65
69168,-10.65
69181,-10.65
69189,-10.65
69190,-10.65
69198,-10.65
69207,-10.65
69214,-10.65
69221,-10.65
69226,-10.65
69231,-10.65
69234,-10.65
69239,-10.445
69242,-10.65
69245,-10.65
69250,-10.65
69251,-10.65
69253,-10.65
69254,-10.65
69256,-10.65
69257,-10.65
69259,-10.65
69412,-10.65
69427,-10.65
69429,-10.65
69434,-10.65
69436,-10.65
69437,-10.65
69439,-10.65
69465,-10.65
69469,-10.65
69483,-10.445
69488,-10.445
69493,-10.65
69502,-10.65
69509,-10.445
69514,-10.65
69517,-10.445
69518,-10.445
70131,-10.65
70134,-10.65
70135,-10.65
70136,-10.65
70137,-10.65
70138,-10.65
70139,-10.65
70140,-10.65
70141,-10.65
70143,-10.65
70144,-10.65
70145,-10.65
70146,-10.65
70148,-10.65
70149,-10.65
70150,-10.65
70151,-10.65
70152,-10.65
70153,-10.65
70154,-10.65
70155,-10.65
70158,-10.65
70161,-10.65
70162,-10.65
70166,-10.65
70167,-10.65
70168,-10.65
70171,-10.65
70173,-10.65
70174,-10.65
70176,-10.65
70178,-10.65
70180,-10.65
70182,-10.65
70184,-10.65
70186,-10.65
70188,-10.65
70190,-10.65
70191,-10.65
70192,-10.65
70193,-10.65
70195,-10.65
70197,-10.65
70199,-10.65
70320,-10.65
70322,-10.65
70323,-10.65
70324,-10.65
70327,-10.65
70329,-10.65
70345,-10.65
70363,-10.65
70365,-10.65
70366,-10.65
70367,-10.65
70369,-10.65
70372,-10.65
70374,-10.65
70376,-10.65
70378,-10.65
70429,-10.65
70431,-10.65
70432,-10.65
70435,-10.65
70437,-10.65
70439,-10.65
70464,-10.65
70465,-10.65
70466,-10.65
70467,-10.65
70469,-10.65
70494,-10.65
70496,-10.65
70499,-10.65
70537,-10.65
70538,-10.65
70539,-10.65
70545,-10.65
70546,-10.65
70547,-10.65
70549,-10.65
70550,-10.65
70551,-10.65
70552,-10.65
70556,-10.65
70560,-10.65
70563,-10.65
70565,-10.65
70567,-10.65
70569,-10.65
70593,-10.65
70594,-10.65
70597,-10.65
70599,-10.65
70619,-10.65
70627,-10.65
70628,-10.65
70629,-10.65
70637,-10.65
70640,-10.65
70644,-10.65
70730,-10.65
70731,-10.65
70732,-10.65
70734,-10.65
70736,-10.65
70764,-10.65
70765,-10.65
70766,-10.65
70767,-10.65
70768,-10.65
70769,-10.65
70771,-10.65
70788,-10.65
70790,-10.65
70791,-10.65
70792,-10.65
70794,-10.65
70801,-10.65
70803,-10.65
70804,-10.65
70806,-10.65
70821,-10.65
70822,-10.65
70825,-10.65
70836,-10.65
70839,-10.65
71028,-10.65
71029,-10.65
71032,-10.65
71034,-10.65
71058,-10.65
71060,-10.65
71063,-10.65
71065,-10.65
71067,-10.65
71069,-10.65
71083,-10.65
71087,-10.65
71088,-10.65
71093,-10.65
71101,-10.65
71106,-10.65
71111,-10.65
71116,-10.65
71120,-10.65
71125,-10.65
71126,-10.65
71131,-10.65
71134,-10.65
71137,-10.65
71139,-10.65
71144,-10.65
71148,-10.65
71149,-10.65
71154,-10.65
71155,-10.65
71157,-10.65
71159,-10.65
71226,-10.65
71229,-10.65
71252,-10.65
71254,-10.65
71261,-10.65
71263,-10.65
71272,-10.65
71277,-10.65
71282,-10.65
71287,-10.65
71292,-10.65
71296,-10.65
71297,-10.65
71299,-10.65
71327,-10.65
71328,-10.65
71332,-10.65
71334,-10.65
71336,-10.65
71361,-10.65
71364,-10.65
71384,-10.65
71394,-10.65
71397,-10.65
71404,-10.65
71409,-10.65
71520,-10.65
71522,-10.65
71540,-10.65
71543,-10.65
71546,-10.65
71549,-10.65
71554,-10.65
71560,-10.65
71563,-10.65
71566,-10.65
71570,-10.65
71573,-10.65
71576,-10.65
71577,-10.65
71579,-10.65
71629,-10.65
71630,-10.65
71631,-10.65
71632,-10.65
71634,-10.65
71636,-10.65
71638,-10.65
71640,-10.65
71642,-10.65
71665,-10.65
71672,-10.65
71679,-10.65
71686,-10.65
71691,-10.65
71696,-10.65
71701,-10.65
71706,-10.65
71711,-10.65
71717,-10.65
71718,-10.65
71720,-10.65
71723,-10.65
71726,-10.65
71729,-10.65
71732,-10.65
71735,-10.65
71737,-10.65
71739,-10.65
72070,-10.65
72072,-10.65
72074,-10.65
72076,-10.65
72105,-10.65
72108,-10.65
72116,-10.65
72119,-10.65
72124,-10.65
72127,-10.65
72131,-10.65
72135,-10.65
72138,-10.65
72141,-10.65
72144,-10.65
72145,-10.65
72147,-10.65
72149,-10.65
72160,-10.65
72172,-10.65
72175,-10.65
72178,-10.65
72181,-10.65
72184,-10.65
72186,-10.65
72189,-10.65
72200,-10.65
72202,-10.65
72213,-10.65
72218,-10.65
72221,-10.65
72224,-10.65
72226,-10.65
72227,-10.65
72229,-10.65
72250,-10.65
72270,-10.65
72275,-10.65
72280,-10.65
72285,-10.65
72290,-10.65
72291,-10.65
72293,-10.65
72294,-10.65
72296,-10.65
72297,-10.65
72299,-10.65
72332,-10.65
72334,-10.65
72336,-10.65
72348,-10.65
72351,-10.65
72355,-10.65
72356,-10.65
72358,-10.65
72359,-10.65
72361,-10.65
72362,-10.65
72364,-10.65
72365,-10.65
72367,-10.65
72369,-10.65
72379,-10.65
72393,-10.65
72401,-10.65
72406,-10.65
72411,-10.65
72414,-10.65
72415,-10.65
72417,-10.65
72419,-10.65
72458,-10.65
72459,-10.65
72461,-10.65
72469,-10.65
72474,-10.65
72475,-10.65
72477,-10.65
72479,-10.65
72488,-10.65
72501,-10.65
72505,-10.65
72510,-10.65
72511,-10.65
72513,-10.65
72514,-10.65
72516,-10.65
72517,-10.65
72519,-10.65
72525,-10.65
72531,-10.65
72532,-10.65
72534,-10.65
72535,-10.65
72537,-10.65
72539,-10.65
72555,-10.65
72574,-10.65
72581,-10.65
72582,-10.65
72584,-10.65
72585,-10.65
72587,-10.65
72589,-10.65
72622,-10.65
72631,-10.65
72636,-10.65
72639,-10.65
72644,-10.65
72649,-10.65
72654,-10.65
72655,-10.65
72657,-10.65
72658,-10.65
72660,-10.65
72661,-10.65
72663,-10.65
72664,-10.65
72666,-10.65
72667,-10.65
72669,-10.65
72757,-10.65
72758,-10.65
72760,-10.65
72762,-10.65
72764,-10.65
72766,-10.65
72768,-10.65
72770,-10.65
72780,-10.65
72781,-10.65
72793,-10.65
72800,-10.65
72805,-10.65
72810,-10.65
72813,-10.65
72818,-10.65
72820,-10.65
72827,-10.65
72829,-10.65
73025,-10.65
73027,-10.65
73033,-10.65
73035,-10.65
73037,-10.65
73047,-10.65
73054,-10.65
73061,-10.65
73066,-10.65
73072,-10.65
73079,-10.65
73084,-10.65
73087,-10.65
73092,-10.65
73095,-10.65
73098,-10.65
73099,-10.65
73101,-10.65
73102,-10.65
73104,-10.65
73105,-10.65
73107,-10.65
73108,-10.65
73110,-10.65
73111,-10.65
73113,-10.65
73114,-10.65
73116,-10.65
73117,-10.65
73119,-10.65
73207,-10.65
73227,-10.65
73228,-10.65
73230,-10.65
73235,-10.65
73240,-10.65
73249,-10.65
73252,-10.65
73257,-10.65
73262,-10.65
73265,-10.65
73266,-10.65
73268,-10.65
73269,-10.65
73271,-10.65
73272,-10.65
73274,-10.65
73275,-10.65
73277,-10.65
73278,-10.65
73309,-10.65
73312,-10.65
73326,-10.65
73329,-10.65
73333,-10.65
73337,-10.65
73340,-10.65
73342,-10.65
73344,-10.65
73345,-10.65
73347,-10.65
73349,-10.65
73425,-10.65
73427,-10.65
73428,-10.65
73430,-10.65
73431,-10.65
73432,-10.65
73433,-10.65
73434,-10.65
73441,-10.65
73446,-10.65
73447,-10.65
73450,-10.65
73453,-10.65
73457,-10.65
73460,-10.65
73463,-10.65
73466,-10.65
73467,-10.65
73469,-10.65
73477,-10.65
73479,-10.65
73485,-10.65
73486,-10.65
73488,-10.65
73489,-10.65
73491,-10.65
73492,-10.65
73494,-10.65
73495,-10.65
73497,-10.65
73499,-10.65
73520,-10.65
73521,-10.65
73522,-10.65
73524,-10.65
73525,-10.65
73527,-10.65
73529,-10.65
73538,-10.65
73540,-10.65
73547,-10.65
73550,-10.65
73553,-10.65
73557,-10.65
73560,-10.65
73563,-10.65
73565,-10.65
73566,-10.65
73568,-10.65
73569,-10.65
73571,-10.65
73572,-10.65
73574,-10.65
73575,-10.65
73577,-10.65
73579,-10.65
73614,-10.65
73630,-10.65
73635,-10.65
73642,-10.65
73650,-10.65
73655,-10.65
73660,-10.65
73663,-10.65
73666,-10.65
73667,-10.65
73669,-10.65
73726,-10.65
73728,-10.65
73730,-10.65
73732,-10.65
73733,-10.65
73734,-10.65
73760,-10.65
73765,-10.65
73770,-10.65
73773,-10.65
73776,-10.65
73779,-10.65
74064,-10.65
74065,-10.65
74066,-10.65
74067,-10.65
74068,-10.65
74071,-9.79
74072,-10.65
74074,-10.65
74076,-10.65
74078,-10.65
74080,-10.65
74081,-10.65
74099,-10.65
74166,-10.65
74167,-10.65
74168,-10.65
74169,-10.65
74170,-10.65
74172,-10.65
74177,-10.65
74182,-10.65
74189,-10.65
74193,-10.65
74196,-10.65
74199,-10.65
74206,-10.65
74211,-10.65
74214,-10.65
74219,-10.65
74223,-10.65
74226,-10.65
74229,-10.65
74232,-10.65
74235,-10.65
74238,-10.65
74239,-10.65
74243,-10.65
74245,-10.65
74246,-10.65
74248,-10.65
74249,-10.65
74251,-10.65
74252,-10.65
74254,-10.65
74255,-10.65
74257,-10.65
74259,-10.65
74319,-10.65
74321,-10.65
74336,-10.65
74337,-10.65
74343,-10.65
74348,-10.65
74354,-10.65
74357,-10.65
74360,-10.65
74363,-10.65
74366,-10.65
74369,-10.65
74372,-10.65
74374,-10.65
74376,-10.65
74379,-10.65
74382,-10.65
74385,-10.65
74388,-10.65
74389,-10.65
74391,-10.65
74392,-10.65
74394,-10.65
74395,-10.65
74397,-10.65
74399,-10.65
74405,-10.65
74417,-10.65
74420,-10.65
74423,-10.65
74424,-10.65
74426,-10.65
74427,-10.65
74429,-10.65
74509,-10.65
74520,-10.65
74523,-10.65
74532,-10.65
74535,-10.65
74538,-10.65
74541,-10.65
74542,-10.65
74544,-10.65
74545,-10.65
74547,-10.65
74549,-10.65
74564,-10.65
74569,-10.65
74571,-10.65
74572,-10.65
74575,-10.65
74579,-10.65
74582,-10.65
74585,-10.65
74586,-10.65
74587,-10.65
74588,-10.65
74589,-10.65
74592,-10.65
74594,-10.65
74595,-10.65
74597,-10.65
74599,-10.65
74611,-10.65
74613,-10.65
74626,-10.65
74629,-10.65
74632,-10.65
74635,-10.65
74638,-10.65
74639,-10.65
74650,-10.65
74651,-10.65
74653,-10.65
74670,-10.65
74673,-10.65
74676,-10.65
74677,-10.65
74679,-10.65
74706,-10.65
74722,-10.65
74731,-10.65
74736,-10.65
74740,-10.65
74743,-10.65
74744,-10.65
74746,-10.65
74747,-10.65
74749,-10.65
74819,-10.65
74821,-10.65
74831,-10.65
74832,-10.65
74834,-10.65
74838,-10.65
74842,-10.65
74847,-10.65
74850,-10.65
74855,-10.65
74858,-10.65
74861,-10.65
74862,-10.65
74864,-10.65
74865,-10.65
74867,-10.65
74869,-10.65
74887,-10.65
74889,-10.65
74903,-10.65
74904,-10.65
74906,-10.65
74909,-10.65
74912,-10.65
74915,-10.65
74918,-10.65
74921,-10.65
74924,-10.65
74925,-10.65
74927,-10.65
74928,-10.65
74930,-10.65
74931,-10.65
74933,-10.65
74934,-10.65
74936,-10.65
74937,-10.65
74939,-10.65
75013,-10.65
75015,-10.65
75031,-10.65
75038,-10.65
75045,-10.65
75050,-10.65
75053,-10.65
75056,-10.65
75057,-10.65
75059,-10.65
75093,-10.65
75158,-10.65
75159,-10.65
75162,-10.65
75166,-10.65
75169,-10.65
75170,-10.65
75172,-10.65
75173,-10.65
75175,-10.65
75177,-10.65
75179,-10.65
75180,-10.65
75181,-10.65
75194,-10.65
75196,-10.65
75203,-10.65
75210,-10.65
75217,-10.65
75223,-10.65
75228,-10.65
75233,-10.65
75236,-10.65
75239,-10.65
75242,-10.65
75245,-10.65
75248,-10.65
75249,-10.65
75305,-10.65
75323,-10.65
75328,-10.65
75331,-10.65
75334,-10.65
75335,-10.65
75337,-10.65
75339,-10.65
75363,-10.65
75365,-10.65
75378,-10.65
75382,-10.65
75385,-10.65
75387,-10.65
75389,-10.65
75391,-10.65
75392,-10.65
75394,-10.65
75395,-10.65
75397,-10.65
75399,-10.65
75415,-10.65
75417,-10.65
75428,-10.65
75433,-10.65
75438,-10.65
75443,-10.65
75446,-10.65
75447,-10.65
75449,-10.65
76006,-10.65
76070,-10.65
76073,-10.65
76088,-10.65
76089,-10.65
76097,-10.65
76098,-10.65
76107,-10.65
76109,-10.65
76110,-10.65
76111,-10.65
76112,-10.65
76113,-10.65
76114,-10.65
76115,-10.65
76117,-10.65
76118,-10.65
76119,-10.65
76120,-10.65
76121,-10.65
76122,-10.65
76123,-10.65
76124,-10.65
76125,-10.65
76126,-10.65
76127,-10.65
76128,-10.65
76131,-10.65
76133,-10.65
76135,-10.65
76137,-10.65
76139,-10.65
76147,-10.65
76149,-10.65
76150,-10.65
76180,-10.65
76181,-10.65
76182,-10.65
76185,-10.65
76187,-10.65
76189,-10.65
76199,-10.65
76225,-10.65
76227,-10.65
76228,-10.65
76229,-10.65
76230,-10.65
76240,-10.65
76243,-10.65
76245,-10.65
76246,-10.65
76247,-10.65
76248,-10.65
76249,-10.65
76253,-10.65
76273,-10.65
76275,-10.65
76287,-10.65
76297,-10.65
76307,-10.65
76314,-10.65
76316,-10.65
76327,-10.65
76332,-10.65
76337,-10.65
76344,-10.65
76351,-10.65
76356,-10.65
76359,-10.65
76432,-10.65
76437,-10.65
76448,-10.65
76456,-10.65
76461,-10.65
76467,-10.65
76470,-10.65
76473,-10.65
76474,-10.65
76476,-10.65
76477,-10.65
76479,-10.65
76517,-10.65
76519,-10.65
76520,-10.65
76521,-10.65
76522,-10.65
76523,-10.65
76524,-10.65
76526,-10.65
76527,-10.65
76530,-10.65
76532,-10.65
76534,-10.65
76547,-10.65
76549,-10.65
76568,-10.65
76571,-10.65
76593,-10.65
76596,-10.65
76597,-10.65
76599,-10.65
76642,-10.65
76643,-10.65
76646,-10.65
76661,-10.65
76669,-10.65
76676,-10.65
76684,-10.65
76689,-10.65
76694,-10.65
76698,-10.65
76703,-10.65
76706,-10.65
76707,-10.65
76709,-10.65
76725,-10.115
76726,-10.115
76742,-10.115
76744,-10.115
76751,-10.115
76756,-10.115
76761,-10.115
76764,-10.115
76767,-10.115
76768,-10.115
76770,-10.115
76771,-10.115
76773,-10.115
76774,-10.115
76776,-10.115
76777,-10.115
76779,-10.115
76825,-10.115
76826,-10.115
76828,-10.115
76829,-10.115
76831,-10.115
76833,-10.115
76835,-10.115
76846,-10.115
76848,-10.115
76855,-10.115
76857,-10.115
76863,-10.115
76865,-10.115
76870,-10.115
76872,-10.115
76877,-10.115
76878,-10.115
76879,-10.115
76887,-10.115
76889,-10.115
76891,-10.115
77633,-10.65
77642,-10.65
77644,-10.65
77646,-10.65
77647,-10.65
77652,-10.65
77654,-10.65
77656,-10.65
77663,-10.65
77694,-10.65
77704,-10.65
77709,-10.65
77716,-10.65
77723,-10.65
77728,-10.65
77731,-10.65
77736,-10.65
77740,-10.65
77743,-10.65
77746,-10.65
77749,-10.65
77756,-10.65
77761,-10.65
77767,-10.65
77770,-10.65
77773,-10.65
77776,-10.65
77781,-10.65
77784,-10.65
77787,-10.65
77790,-10.65
77791,-10.65
77793,-10.65
77794,-10.65
77796,-10.65
77797,-10.65
77799,-10.65
77813,-10.65
77815,-10.65
77830,-10.65
77833,-10.65
77836,-10.65
77839,-10.65
77855,-10.65
77866,-10.65
77869,-10.65
77871,-10.65
77876,-10.65
77880,-10.65
77883,-10.65
77886,-10.65
77887,-10.65
77889,-10.65
77926,-10.65
77929,-10.65
77931,-10.65
77933,-10.65
77944,-10.65
77948,-10.65
77955,-10.65
77960,-10.65
77963,-10.65
77966,-10.65
77971,-10.65
77972,-10.65
77974,-10.65
77975,-10.65
77977,-10.65
77978,-10.65
78041,-10.65
78044,-10.65
78045,-10.65
78046,-10.65
78048,-10.65
78050,-10.65
78052,-10.65
78054,-10.65
78056,-10.65
78060,-10.65
78073,-10.65
78078,-10.65
78083,-10.65
78086,-10.65
78087,-10.65
78089,-10.65
78098,-10.65
78112,-10.65
78120,-10.65
78126,-10.65
78132,-10.65
78136,-10.65
78141,-10.65
78144,-10.65
78147,-10.65
78148,-10.65
78166,-10.65
78176,-10.65
78183,-10.65
78187,-10.65
78194,-10.65
78199,-10.65
78221,-10.65
78224,-10.65
78234,-10.65
78239,-10.65
78244,-10.65
78247,-10.65
78250,-10.65
78253,-10.65
78256,-10.65
78259,-10.65
78262,-10.65
78266,-10.65
78267,-10.65
78269,-10.65
78315,-10.65
78333,-10.65
78337,-10.65
78343,-10.65
78345,-10.65
78351,-10.65
78354,-10.65
78355,-10.65
78357,-10.65
78359,-10.65
78454,-10.65
78455,-10.65
78457,-10.65
78458,-11.145
78459,-10.65
78461,-10.65
78462,-10.65
78464,-10.65
78465,-10.65
78467,-10.65
78476,-10.65
78479,-10.65
78532,-10.65
78549,-10.65
78554,-10.65
78559,-10.65
78564,-10.65
78567,-10.65
78570,-10.65
78573,-10.65
78576,-10.65
78579,-10.65
78580,-10.65
78582,-10.65
78583,-10.65
78585,-10.65
78586,-10.65
78588,-10.65
78589,-10.65
78591,-10.65
78592,-10.65
78594,-10.65
78595,-10.65
78597,-10.65
78598,-10.65
78600,-10.65
78601,-10.65
78603,-10.65
78604,-10.65
78606,-10.65
78607,-10.65
78609,-10.65
78628,-10.65
78647,-10.65
78652,-10.65
78655,-10.65
78658,-10.65
78661,-10.65
78662,-10.65
78664,-10.65
78665,-10.65
78667,-10.65
78669,-10.65
78711,-10.65
78713,-10.65
78727,-10.65
78730,-10.65
78733,-10.65
78736,-10.65
78737,-10.65
78739,-10.65
79071,-10.65
79073,-10.65
79077,-10.65
79078,-10.65
79079,-10.65
79080,-10.65
79081,-10.65
79083,-10.65
79084,-10.65
79086,-10.65
79088,-10.65
79090,-10.65
79091,-10.65
79093,-10.65
79094,-10.65
79095,-10.65
79098,-10.65
79100,-10.65
79102,-10.65
79104,-10.65
79106,-10.65
79108,-10.65
79110,-10.65
79111,-10.65
79112,-10.65
79114,-10.65
79115,-10.65
79117,-10.65
79138,-10.65
79139,-10.65
79140,-10.65
79183,-10.65
79188,-10.65
79189,-10.65
79194,-10.65
79199,-10.65
79206,-10.65
79211,-10.65
79215,-10.65
79219,-10.65
79224,-10.65
79227,-10.65
79232,-10.65
79235,-10.65
79238,-10.65
79241,-10.65
79244,-10.65
79249,-10.65
79252,-10.65
79254,-10.65
79256,-10.65
79258,-10.65
79261,-10.65
79263,-10.65
79268,-10.65
79271,-10.65
79274,-10.65
79276,-10.65
79279,-10.65
79280,-10.65
79282,-10.65
79283,-10.65
79285,-10.65
79286,-10.65
79288,-10.65
79289,-10.65
79291,-10.65
79292,-10.65
79294,-10.65
79295,-10.65
79297,-10.65
79299,-10.65
79310,-10.65
79312,-10.65
79330,-10.65
79331,-10.65
79336,-10.65
79341,-10.65
79346,-10.65
79348,-10.65
79350,-10.65
79353,-10.65
79356,-10.65
79359,-10.65
79361,-10.65
79362,-10.65
79364,-10.65
79365,-10.65
79367,-10.65
79369,-10.65
79379,-10.65
79395,-10.65
79400,-10.65
79410,-10.65
79415,-10.65
79418,-10.65
79423,-10.65
79424,-10.65
79426,-10.65
79427,-10.65
79429,-10.65
79513,-10.65
79533,-10.65
79537,-10.65
79539,-10.65
79540,-10.65
79541,-10.65
79574,-10.65
79576,-10.65
79578,-10.65
79585,-10.65
79588,-10.65
79589,-10.65
79591,-10.65
79592,-10.65
79594,-10.65
79595,-10.65
79597,-10.65
79599,-10.65
79618,-10.65
79639,-10.65
79650,-10.65
79662,-10.65
79664,-10.65
79669,-10.65
79674,-10.65
79677,-10.65
79682,-10.65
79683,-10.65
79685,-10.65
79686,-10.65
79688,-10.65
79689,-10.65
79691,-10.65
79692,-10.65
79694,-10.65
79695,-10.65
79697,-10.65
79699,-10.65
79713,-10.65
79725,-10.65
79730,-10.65
79733,-10.65
79736,-10.65
79737,-10.65
79739,-10.65
79749,-10.65
79761,-10.65
79771,-10.65
79774,-10.65
79777,-10.65
79780,-10.65
79787,-10.65
79790,-10.65
79793,-10.65
79798,-10.65
79801,-10.65
79802,-10.65
79804,-10.65
79805,-10.65
79807,-10.65
79809,-10.65
79821,-10.65
79822,-10.65
79837,-10.65
79843,-10.65
79848,-10.65
79853,-10.65
79856,-10.65
79859,-10.65
79862,-10.65
79865,-10.65
79868,-10.65
79871,-10.65
79872,-10.65
79874,-10.65
79875,-10.65
79877,-10.65
79879,-10.65
80097,-11.145
80200,-11.145
80217,-11.145
80218,-11.145
80219,-11.145
80221,-11.145
80222,-11.145
80240,-11.145
80248,-11.145
80249,-11.145
80250,-11.145
80251,-11.145
80258,-11.145
80259,-11.145
80260,-11.145
80263,-11.145
80264,-11.145
80266,-11.145
80267,-11.145
80268,-11.145
80269,-11.145
80270,-11.145
80271,-11.145
80272,-11.145
80273,-11.145
80275,-11.145
80276,-11.145
80277,-11.145
80278,-11.145
80279,-11.145
80280,-11.145
80281,-11.145
80282,-11.145
80283,-11.145
80285,-11.145
80287,-11.145
80289,-11.145
80290,-11.145
80291,-11.145
80292,-11.145
80294,-11.145
80295,-11.145
80297,-11.145
80298,-11.145
80300,-11.145
80301,-11.145
80302,-11.145
80303,-11.145
80304,-11.145
80306,-11.145
80308,-11.145
80309,-11.145
80310,-11.145
80311,-11.145
80313,-11.145
80314,-11.145
80315,-11.145
80316,-11.145
80317,-11.145
80318,-11.145
80319,-11.145
80320,-11.145
80322,-11.145
80323,-11.145
80324,-11.145
80325,-11.145
80326,-11.145
80327,-11.145
80328,-11.145
80329,-11.145
80331,-11.145
80333,-11.145
80335,-11.145
80336,-11.145
80337,-11.145
80339,-11.145
80340,-11.145
80466,-11.145
80469,-11.145
80524,-11.145
80525,-11.145
80530,-11.145
80534,-11.145
80535,-11.145
80538,-11.145
80539,-11.145
80632,-11.145
80634,-11.145
80636,-11.145
80637,-11.145
80638,-11.145
80639,-11.145
80682,-11.145
80684,-11.145
80686,-11.145
80687,-11.145
80689,-11.145
80700,-11.145
80786,-11.145
80787,-11.145
80788,-11.145
80789,-11.145
80790,-11.145
80791,-11.145
80792,-11.145
80794,-11.145
80796,-11.145
80797,-11.145
80798,-11.145
80799,-11.145
80801,-11.145
80802,-11.145
80803,-11.145
80804,-11.145
80805,-11.145
80807,-11.145
80809,-11.145
80920,-11.145
80931,-11.145
80933,-11.145
80935,-11.145
80937,-11.145
80939,-11.145
80991,-11.145
80992,-11.145
80993,-11.145
80995,-11.145
80997,-11.145
80999,-11.145
81236,-11.145
81237,-11.145
81238,-11.145
81241,-11.145
81243,-11.145
81245,-11.145
81247,-11.145
81248,-11.145
81249,-11.145
81340,-11.145
81350,-11.145
81355,-11.145
81356,-11.145
81357,-11.145
81358,-11.145
81359,-11.145
81360,-11.145
81362,-11.145
81363,-11.145
81364,-11.145
81365,-11.145
81366,-11.145
81367,-11.145
81369,-11.145
81371,-11.145
81373,-11.145
81375,-11.145
81377,-11.145
81379,-11.145
81475,-11.145
81476,-11.145
81477,-11.145
81479,-11.145
81531,-11.145
81533,-11.145
81534,-11.145
81535,-11.145
81536,-11.145
81537,-11.145
81539,-11.145
81541,-11.145
81543,-11.145
81545,-11.145
81547,-11.145
81549,-11.145
81550,-11.145
81627,-11.145
81655,-11.145
81658,-11.145
81660,-11.145
81662,-11.145
81663,-11.145
81664,-11.145
81665,-11.145
81667,-11.145
81669,-11.145
81671,-11.145
81673,-11.145
81675,-11.145
81677,-11.145
81679,-11.145
81713,-11.145
81716,-11.145
81718,-11.145
81723,-11.145
81725,-11.145
81726,-11.145
81727,-11.145
81728,-11.145
81729,-11.145
81731,-11.145
81732,-11.145
81733,-11.145
81735,-11.145
81737,-11.145
81739,-11.145
81823,-11.145
81825,-11.145
81827,-11.145
81829,-11.145
81911,-11.145
81918,-11.145
81919,-11.145
81920,-11.145
81921,-11.145
81925,-11.145
81927,-11.145
81929,-11.145
81987,-11.145
81988,-11.145
81989,-11.145
81995,-11.145
81999,-11.145
82008,-11.145
82024,-11.145
82030,-11.145
82031,-11.145
82032,-11.145
82038,-11.145
82039,-11.145
82041,-11.145
82047,-11.145
82049,-11.145
82054,-11.145
82057,-11.145
82061,-11.145
82064,-11.145
82065,-11.145
82067,-11.145
82069,-11.145
82110,-11.145
82131,-11.145
82140,-11.145
82152,-11.145
82166,-11.145
82175,-11.145
82178,-11.145
82194,-11.145
82205,-11.145
82211,-11.145
82216,-11.145
82223,-11.145
82229,-11.145
82234,-11.145
82237,-11.145
82239,-11.145
82254,-11.145
82256,-11.145
82266,-11.145
82269,-11.145
82272,-11.145
82275,-11.145
82276,-11.145
82278,-11.145
82279,-11.145
82281,-11.145
82282,-11.145
82284,-11.145
82285,-11.145
82287,-11.145
82288,-11.145
82290,-11.145
82291,-11.145
82293,-11.145
82294,-11.145
82296,-11.145
82297,-11.145
82299,-11.145
82317,-11.145
82319,-11.145
82322,-11.145
82327,-11.145
82335,-11.145
82340,-11.145
82343,-11.145
82346,-11.145
82347,-11.145
82349,-11.145
82360,-11.145
82362,-11.145
82363,-11.145
82377,-11.145
82380,-11.145
82383,-11.145
82386,-11.145
82387,-11.145
82389,-11.145
82390,-11.145
82392,-11.145
82393,-11.145
82395,-11.145
82396,-11.145
82398,-11.145
82399,-11.145
82401,-11.145
82402,-11.145
82404,-11.145
82405,-11.145
82407,-11.145
82409,-11.145
82418,-11.145
82431,-11.145
82432,-11.145
82433,-11.145
82435,-11.145
82436,-11.145
82438,-11.145
82439,-11.145
82441,-11.145
82442,-11.145
82444,-11.145
82445,-11.145
82447,-11.145
82449,-11.145
82467,-11.145
82475,-11.145
82481,-11.145
82487,-11.145
82488,-11.145
82490,-11.145
82491,-11.145
82493,-11.145
82494,-11.145
82496,-11.145
82497,-11.145
82499,-11.145
82515,-11.145
82538,-11.145
82541,-11.145
82544,-11.145
82547,-11.145
82549,-11.145
83018,-11.145
83019,-11.145
83022,-11.145
83024,-11.145
83026,-11.145
83034,-11.145
83043,-11.145
83052,-11.145
83059,-11.145
83064,-11.145
83071,-11.145
83075,-11.145
83080,-11.145
83083,-11.145
83088,-11.145
83093,-11.145
83098,-11.145
83101,-11.145
83104,-11.145
83109,-11.145
83112,-11.145
83115,-11.145
83119,-11.145
83122,-11.145
83123,-11.145
83125,-11.145
83126,-11.145
83128,-11.145
83129,-11.145
83131,-11.145
83132,-11.145
83134,-11.145
83135,-11.145
83137,-11.145
83139,-11.145
83209,-11.145
83224,-11.145
83228,-11.145
83229,-11.145
83233,-11.145
83236,-11.145
83242,-11.145
83246,-11.145
83250,-11.145
83253,-11.145
83254,-11.145
83256,-11.145
83257,-11.145
83259,-11.145
83274,-11.145
83276,-11.145
83278,-11.145
83301,-11.145
83308,-11.145
83313,-11.145
83317,-11.145
83324,-11.145
83329,-11.145
83334,-11.145
83339,-11.145
83342,-11.145
83344,-11.145
83346,-11.145
83349,-11.145
83352,-11.145
83355,-11.145
83358,-11.145
83359,-11.145
83361,-11.145
83362,-11.145
83364,-11.145
83365,-11.145
83367,-11.145
83368,-11.145
83370,-11.145
83371,-11.145
83373,-11.145
83374,-11.145
83376,-11.145
83377,-11.145
83379,-11.145
83394,-11.145
83395,-11.145
83404,-11.145
83410,-11.145
83413,-11.145
83416,-11.145
83417,-11.145
83435,-11.145
83451,-11.145
83454,-11.145
83457,-11.145
83458,-11.145
83471,-11.145
83483,-11.145
83486,-11.145
83487,-11.145
83489,-11.145
83508,-11.145
83512,-11.145
83527,-11.145
83530,-11.145
83533,-11.145
83536,-11.145
83539,-11.145
83543,-11.145
83544,-11.145
83546,-11.145
83547,-11.145
83549,-11.145
83550,-11.145
83552,-11.145
83553,-11.145
83555,-11.145
83556,-11.145
83558,-11.145
83559,-11.145
83561,-11.145
83562,-11.145
83564,-11.145
83565,-11.145
83567,-11.145
83569,-11.145
83607,-11.145
83620,-11.145
83623,-11.145
83624,-11.145
83626,-11.145
83627,-11.145
83629,-11.145
83646,-11.145
83661,-11.145
83666,-11.145
83670,-11.145
83671,-11.145
83673,-11.145
83674,-11.145
83676,-11.145
83677,-11.145
83679,-11.145
83684,-11.145
83700,-11.145
83703,-11.145
83707,-11.145
83708,-11.145
83714,-11.145
83727,-11.145
83730,-11.145
83734,-11.145
83735,-11.145
83737,-11.145
83739,-11.145
84018,-11.145
84022,-11.145
84023,-11.145
84024,-11.145
84026,-11.145
84028,-11.145
84030,-11.145
84032,-11.145
84034,-11.145
84036,-11.145
84048,-11.145
84051,-11.145
84056,-11.145
84061,-11.145
84066,-11.145
84069,-11.145
84072,-11.145
84076,-11.145
84079,-11.145
84082,-11.145
84085,-11.145
84088,-11.145
84089,-11.145
84091,-11.145
84092,-11.145
84094,-11.145
84095,-11.145
84097,-11.145
84098,-11.145
84100,-11.145
84101,-11.145
84103,-11.145
84104,-11.145
84106,-11.145
84107,-11.145
84109,-11.145
84130,-11.145
84137,-11.145
84140,-11.145
84144,-11.145
84149,-11.145
84152,-11.145
84155,-11.145
84160,-11.145
84162,-11.145
84163,-11.145
84164,-11.145
84166,-11.145
84168,-11.145
84169,-11.145
84171,-11.145
84172,-11.145
84174,-11.145
84175,-11.145
84177,-11.145
84178,-11.145
84180,-11.145
84181,-11.145
84183,-11.145
84184,-11.145
84186,-11.145
84187,-11.145
84189,-11.145
84307,-11.145
84323,-11.145
84326,-11.145
84329,-11.145
84332,-11.145
84333,-11.145
84335,-11.145
84337,-11.145
84339,-11.145
84347,-11.145
84359,-11.145
84364,-11.145
84367,-11.145
84371,-11.145
84375,-11.145
84378,-11.145
84381,-11.145
84384,-11.145
84385,-11.145
84387,-11.145
84389,-11.145
84405,-11.145
84416,-11.145
84419,-11.145
84424,-11.145
84427,-11.145
84428,-11.145
84431,-11.145
84432,-11.145
84434,-11.145
84435,-11.145
84437,-11.145
84439,-11.145
84453,-11.145
84478,-11.145
84489,-11.145
84494,-11.145
84503,-11.145
84508,-11.145
84513,-11.145
84518,-11.145
84524,-11.145
84529,-11.145
84533,-11.145
84539,-11.145
84543,-11.145
84544,-11.145
84546,-11.145
84547,-11.145
84549,-11.145
84550,-11.145
84552,-11.145
84553,-11.145
84555,-11.145
84556,-11.145
84558,-11.145
84559,-11.145
84561,-11.145
84562,-11.145
84564,-11.145
84565,-11.145
84567,-11.145
84568,-11.145
84570,-11.145
84571,-11.145
84573,-11.145
84574,-11.145
84576,-11.145
84577,-11.145
84579,-11.145
85037,-11.145
85046,-11.145
85047,-11.145
85049,-11.145
85051,-11.145
85053,-11.145
85055,-11.145
85057,-11.145
85071,-11.145
85072,-11.145
85077,-11.145
85080,-11.145
85084,-11.145
85088,-11.145
85092,-11.145
85095,-11.145
85098,-11.145
85101,-11.145
85104,-11.145
85107,-11.145
85110,-11.145
85111,-11.145
85113,-11.145
85114,-11.145
85116,-11.145
85117,-11.145
85119,-11.145
85120,-11.145
85122,-11.145
85123,-11.145
85125,-11.145
85126,-11.145
85128,-11.145
85129,-11.145
85131,-11.145
85132,-11.145
85134,-11.145
85135,-11.145
85137,-11.145
85139,-11.145
85217,-11.145
85219,-11.145
85221,-11.145
85229,-11.145
85232,-11.145
85235,-11.145
85238,-11.145
85241,-11.145
85244,-11.145
85247,-11.145
85250,-11.145
85253,-11.145
85254,-11.145
85256,-11.145
85258,-11.145
85259,-11.145
85273,-11.145
85276,-11.145
85283,-11.145
85290,-11.145
85293,-11.145
85296,-11.145
85298,-11.145
85301,-11.145
85302,-11.145
85304,-11.145
85305,-11.145
85307,-11.145
85309,-11.145
85322,-11.145
85350,-11.145
85354,-11.145
85356,-11.145
85359,-11.145
85366,-11.145
85368,-11.145
85374,-11.145
85375,-11.145
85376,-11.145
85385,-11.145
85386,-11.145
85391,-11.145
85395,-11.145
85399,-11.145
85402,-11.145
85405,-11.145
85406,-11.145
85408,-11.145
85410,-11.145
85411,-11.145
85413,-11.145
85414,-11.145
85416,-11.145
85417,-11.145
85419,-11.145
85435,-11.145
85445,-11.145
85447,-11.145
85452,-11.145
85456,-11.145
85457,-11.145
85459,-11.145
85461,-11.145
85462,-11.145
85464,-11.145
85465,-11.145
85467,-11.145
85469,-11.145
85521,-11.145
85540,-11.145
85551,-11.145
85560,-11.145
85567,-11.145
85570,-11.145
85577,-11.145
85579,-11.145
85586,-11.145
85591,-11.145
85598,-11.145
85599,-11.145
85604,-11.145
85608,-11.145
85609,-11.145
85614,-11.145
85617,-11.145
85622,-11.145
85625,-11.145
85630,-11.145
85635,-11.145
85639,-11.145
85640,-11.145
85643,-11.145
85646,-11.145
85649,-11.145
85652,-11.145
85653,-11.145
85655,-11.145
85656,-11.145
85658,-11.145
85659,-11.145
85661,-11.145
85662,-11.145
85664,-11.145
85665,-11.145
85667,-11.145
85669,-11.145
85711,-11.145
85716,-11.145
85736,-11.145
85737,-11.145
85746,-11.145
85747,-11.145
85748,-11.145
85757,-11.145
85761,-11.145
85762,-11.145
85764,-11.145
85769,-11.145
85770,-11.145
85773,-11.145
85774,-11.145
85777,-11.145
85778,-11.145
85821,-11.145
86121,-11.145
86130,-11.145
86131,-11.145
86132,-11.145
86133,-11.145
86134,-11.145
86135,-10.65
86136,-11.145
86140,-11.145
86141,-11.145
86142,-11.145
86143,-11.145
86144,-11.145
86145,-11.145
86147,-11.145
86150,-11.145
86152,-11.145
86153,-11.145
86154,-11.145
86156,-11.145
86157,-11.145
86159,-11.145
86161,-11.145
86163,-11.145
86165,-11.145
86167,-11.145
86169,-11.145
86177,-11.145
86179,-11.145
86197,-11.145
86199,-11.145
86216,-11.145
86218,-11.145
86219,-11.145
86220,-11.145
86221,-11.145
86222,-11.145
86223,-11.145
86225,-11.145
86226,-11.145
86313,-11.145
86316,-11.145
86343,-11.145
86356,-11.145
86368,-11.145
86379,-11.145
86381,-11.145
86391,-11.145
86397,-11.145
86399,-11.145
86405,-11.145
86415,-11.145
86420,-11.145
86424,-11.145
86436,-11.145
86438,-11.145
86441,-11.145
86444,-11.145
86447,-11.145
86450,-11.145
86453,-11.145
86456,-11.145
86459,-11.145
86462,-11.145
86465,-11.145
86469,-11.145
86470,-11.145
86473,-11.145
86476,-11.145
86477,-11.145
86479,-11.145
86480,-11.145
86482,-11.145
86483,-11.145
86485,-11.145
86486,-11.145
86488,-11.145
86489,-11.145
86491,-11.145
86492,-11.145
86494,-11.145
86495,-11.145
86497,-11.145
86498,-11.145
86500,-11.145
86502,-11.145
86504,-11.145
86505,-11.145
86507,-11.145
86508,-11.145
86510,-11.145
86511,-11.145
86513,-11.145
86514,-11.145
86517,-11.145
86519,-11.145
86529,-11.145
86551,-11.145
86554,-11.145
86556,-11.145
86558,-11.145
86559,-11.145
86561,-11.145
86562,-11.145
86564,-11.145
86565,-11.145
86567,-11.145
86568,-11.145
86570,-11.145
86571,-11.145
86573,-11.145
86574,-11.145
86576,-11.145
86577,-11.145
86579,-11.145
86606,-11.145
86607,-11.145
86609,-11.145
86633,-11.145
86637,-11.145
86640,-11.145
86641,-11.145
86643,-11.145
86646,-11.145
86647,-11.145
86650,-11.145
86652,-11.145
86653,-11.145
86655,-11.145
86657,-11.145
86660,-11.145
86663,-11.145
86666,-11.145
86668,-11.145
86669,-11.145
86672,-11.145
86673,-11.145
86674,-11.145
86675,-11.145
86676,-11.145
86678,-11.145
86679,-11.145
86681,-11.145
86682,-11.145
86684,-11.145
86685,-11.145
86687,-11.145
86688,-11.145
86690,-11.145
86692,-11.145
86694,-11.145
86695,-11.145
86697,-11.145
86698,-11.145
86700,-11.145
86701,-11.145
86703,-11.145
86704,-11.145
86706,-11.145
86707,-11.145
86709,-11.145
86720,-11.145
86732,-11.145
86733,-11.145
86735,-11.145
86736,-11.145
86738,-11.145
86739,-11.145
86741,-11.145
86742,-11.145
86744,-11.145
86745,-11.145
86747,-11.145
86748,-11.145
86750,-11.145
86751,-11.145
86753,-11.145
86754,-11.145
86756,-11.145
86757,-11.145
86759,-11.145
86807,-11.145
86825,-11.145
86830,-11.145
86833,-11.145
86836,-11.145
86842,-11.145
86845,-11.145
86850,-11.145
86853,-11.145
86854,-11.145
86856,-11.145
86857,-11.145
86859,-11.145
86860,-11.145
86862,-11.145
86863,-11.145
86865,-11.145
86866,-11.145
86868,-11.145
86869,-11.145
86871,-11.145
86872,-11.145
86874,-11.145
86875,-11.145
86877,-11.145
86879,-11.145
86894,-11.145
86895,-11.145
86896,-11.145
86899,-11.145
86911,-11.145
86915,-11.145
86916,-11.145
86919,-11.145
86920,-11.145
86922,-11.145
86923,-11.145
86925,-11.145
86926,-11.145
86928,-11.145
86929,-11.145
86931,-11.145
86932,-11.145
86934,-11.145
86935,-11.145
86937,-11.145
86938,-11.145
86940,-11.145
86941,-11.145
86943,-11.145
86944,-11.145
86946,-11.145
86947,-11.145
86949,-11.145
86956,-11.145
86971,-11.145
86972,-11.145
86974,-11.145
86975,-11.145
86977,-11.145
86978,-11.145
86980,-11.145
86981,-11.145
86983,-11.145
86984,-11.145
86986,-11.145
86987,-11.145
86989,-11.145
87428,-11.145
87432,-11.145
87435,-11.145
87437,-11.145
87439,-11.145
87443,-11.145
87448,-11.145
87452,-11.145
87459,-11.145
87463,-11.145
87466,-11.145
87471,-11.145
87474,-11.145
87477,-11.145
87480,-11.145
87484,-11.145
87487,-11.145
87488,-11.145
87490,-11.145
87493,-11.145
87494,-11.145
87496,-11.145
87497,-11.145
87499,-11.145
87509,-11.145
87527,-11.145
87534,-11.145
87538,-11.145
87541,-11.145
87544,-11.145
87545,-11.145
87547,-11.145
87549,-11.145
87561,-11.145
87600,-11.145
87616,-11.145
87629,-11.145
87634,-11.145
87637,-11.145
87640,-11.145
87642,-11.145
87645,-11.145
87647,-11.145
87648,-11.145
87650,-11.145
87651,-11.145
87653,-11.145
87654,-11.145
87656,-11.145
87657,-11.145
87659,-11.145
87660,-11.145
87662,-11.145
87663,-11.145
87665,-11.145
87666,-11.145
87668,-11.145
87669,-11.145
87671,-11.145
87672,-11.145
87674,-11.145
87675,-11.145
87677,-11.145
87679,-11.145
87697,-11.145
87700,-11.145
87719,-11.145
87724,-11.145
87727,-11.145
87730,-11.145
87733,-11.145
87734,-11.145
87736,-11.145
87737,-11.145
87739,-11.145
87740,-11.145
87742,-11.145
87743,-11.145
87745,-11.145
87746,-11.145
87748,-11.145
87749,-11.145
87751,-11.145
87752,-11.145
87754,-11.145
87755,-11.145
87757,-11.145
87758,-11.145
87760,-11.145
87761,-11.145
87763,-11.145
87764,-11.145
87766,-11.145
87767,-11.145
87769,-11.145
87770,-11.145
87772,-11.145
87773,-11.145
87775,-11.145
87776,-11.145
87778,-11.145
87779,-11.145
87781,-11.145
87782,-11.145
87784,-11.145
87785,-11.145
87787,-11.145
87789,-11.145
88038,-10.65
88039,-10.65
88040,-10.65
88041,-10.65
88045,-10.65
88046,-10.65
88048,-10.65
88069,-10.65
88074,-10.65
88079,-10.65
88085,-10.65
88086,-10.65
88090,-10.65
88094,-10.65
88097,-10.65
88099,-10.65
88129,-11.145
88131,-11.145
88138,-11.145
88142,-11.145
88145,-11.145
88147,-10.65
88149,-11.145
88161,-11.145
88167,-11.145
88171,-11.145
88175,-11.145
88178,-11.145
88179,-11.145
88209,-10.65
88212,-10.65
88213,-10.65
88214,-10.65
88225,-10.65
88226,-10.65
88237,-10.65
88239,-10.65
88248,-10.65
88250,-10.65
88255,-10.65
88260,-10.65
88263,-10.65
88267,-10.65
88271,-10.65
88273,-10.65
88276,-10.65
88279,-10.65
88281,-10.65
88284,-10.65
88285,-10.65
88287,-10.65
88289,-10.65
88297,-10.65
88299,-10.65
88315,-10.65
88316,-10.65
88317,-10.65
88319,-10.65
88326,-10.65
88336,-10.65
88339,-10.65
88348,-10.65
88353,-10.65
88356,-10.65
88361,-10.65
88364,-10.65
88367,-10.65
88368,-10.65
88370,-10.65
88371,-10.65
88373,-10.65
88374,-10.65
88376,-10.65
88377,-10.65
88379,-10.65
88396,-10.65
88397,-10.65
88400,-10.65
88410,-10.65
88416,-10.65
88422,-10.65
88427,-10.65
88430,-10.65
88433,-10.65
88436,-10.65
88437,-10.65
88441,-10.65
88444,-10.65
88447,-10.65
88448,-10.65
88450,-10.65
88451,-10.65
88453,-10.65
88454,-10.65
88456,-10.65
88457,-10.65
88459,-10.65
88471,-10.65
88477,-10.65
88480,-10.65
88481,-10.65
88483,-10.65
88484,-10.65
88486,-10.65
88487,-10.65
88489,-10.65
88498,-10.65
88499,-10.65
88512,-10.65
88515,-10.65
88518,-10.65
88521,-10.65
88524,-10.65
88525,-10.65
88527,-10.65
88529,-10.65
88605,-10.65
88629,-10.65
88630,-10.65
88631,-10.65
88633,-10.65
88634,-10.65
88636,-10.65
88637,-10.65
88639,-10.65
88660,-10.65
88662,-10.65
88677,-10.65
88682,-10.65
88690,-10.65
88693,-10.65
88696,-10.65
88697,-10.65
88699,-10.65
88709,-10.65
88718,-10.65
88719,-10.65
89040,-10.65
89065,-10.65
89068,-10.65
89069,-10.65
89070,-10.65
89073,-10.65
89075,-10.65
89077,-10.65
89079,-10.65
89081,-10.65
89090,-11.145
89129,-10.65
89134,-10.65
89143,-10.65
89150,-10.65
89155,-10.65
89160,-10.65
89165,-10.65
89168,-10.65
89171,-10.65
89173,-10.65
89174,-10.65
89176,-10.65
89177,-10.65
89179,-10.65
89180,-10.65
89182,-10.65
89183,-10.65
89185,-10.65
89186,-10.65
89188,-10.65
89189,-10.65
89191,-10.65
89192,-10.65
89194,-10.65
89195,-10.65
89197,-10.65
89198,-10.65
89229,-11.145
89231,-11.145
89233,-11.145
89250,-11.145
89257,-11.145
89264,-11.145
89269,-11.145
89275,-11.145
89278,-11.145
89281,-11.145
89284,-11.145
89287,-11.145
89290,-11.145
89291,-11.145
89293,-11.145
89294,-11.145
89296,-11.145
89297,-11.145
89299,-11.145
89312,-11.145
89331,-11.145
89335,-11.145
89340,-11.145
89343,-11.145
89344,-11.145
89346,-11.145
89347,-11.145
89349,-11.145
89350,-11.145
89352,-11.145
89353,-11.145
89355,-11.145
89356,-11.145
89358,-11.145
89359,-11.145
89361,-11.145
89362,-11.145
89364,-11.145
89365,-11.145
89367,-11.145
89368,-11.145
89407,-11.145
89415,-11.145
89420,-11.145
89423,-11.145
89426,-11.145
89428,-11.145
89429,-11.145
89431,-11.145
89432,-11.145
89434,-11.145
89435,-11.145
89437,-11.145
89438,-11.145
89440,-11.145
89441,-11.145
89443,-11.145
89444,-11.145
89446,-11.145
89447,-11.145
89449,-11.145
89516,-10.65
89517,-10.65
89518,-10.65
89520,-10.65
89522,-10.65
89537,-10.65
89542,-10.65
89547,-10.65
89551,-10.65
89555,-10.65
89558,-10.65
89561,-10.65
89564,-10.65
89567,-10.65
89568,-10.65
89582,-10.65
89584,-10.65
89597,-10.65
89601,-10.65
89604,-10.65
89605,-10.65
89607,-10.65
89608,-10.65
89610,-10.65
89611,-10.65
89613,-10.65
89614,-10.65
89616,-10.65
89617,-10.65
89619,-10.65
90051,-11.145
90290,-11.145
90291,-11.145
90292,-11.145
90293,-11.145
90300,-11.145
90310,-11.145
90311,-11.145
90312,-11.145
90313,-11.145
90316,-11.145
90317,-11.145
90318,-11.145
90319,-11.145
90321,-11.145
90324,-11.145
90325,-11.145
90327,-11.145
90328,-11.145
90329,-11.145
90330,-11.145
90331,-11.145
90332,-11.145
90334,-11.145
90335,-11.145
90336,-11.145
90337,-11.145
90338,-11.145
90339,-11.145
90340,-11.145
90341,-11.145
90344,-11.145
90345,-11.145
90346,-11.145
90347,-11.145
90351,-11.145
90352,-11.145
90353,-11.145
90356,-11.145
90357,-11.145
90359,-11.145
90360,-11.145
90402,-11.145
90403,-11.145
90408,-11.145
90409,-11.145
90411,-11.145
90419,-11.145
90425,-11.145
90427,-11.145
90429,-11.145
90431,-11.145
90439,-11.145
90441,-11.145
90443,-11.145
90449,-11.145
90451,-11.145
90453,-11.145
90455,-11.145
90457,-11.145
90459,-11.145
90461,-11.145
90469,-11.145
90471,-11.145
90473,-11.145
90475,-11.145
90478,-11.145
90480,-11.145
90482,-11.145
90489,-11.145
90491,-11.145
90499,-11.145
90511,-11.145
90513,-11.145
90518,-11.145
90522,-11.145
90530,-11.145
90537,-11.145
90542,-11.145
90546,-11.145
90547,-11.145
90552,-11.145
90556,-11.145
90559,-11.145
90562,-11.145
90571,-11.145
90574,-11.145
90579,-11.145
90584,-11.145
90587,-11.145
90592,-11.145
90596,-11.145
90599,-11.145
90602,-11.145
90607,-11.145
90610,-11.145
90613,-11.145
90614,-11.145
90616,-11.145
90617,-11.145
90619,-11.145
90725,-11.145
90742,-11.145
90744,-10.65
90752,-11.145
90754,-11.145
90762,-11.145
90763,-11.145
90765,-11.145
90766,-11.145
90768,-11.145
91048,-11.145
91050,-11.145
91051,-11.145
91052,-11.145
91054,-11.145
91056,-11.145
91058,-11.145
91060,-11.145
91072,-11.145
91074,-11.145
91077,-11.145
91080,-11.145
91083,-11.145
91085,-11.145
91086,-11.145
91088,-11.145
91090,-11.145
91091,-11.145
91093,-11.145
91094,-11.145
91096,-11.145
91097,-11.145
91099,-11.145
91124,-11.145
91125,-11.145
91126,-11.145
91152,-11.145
91154,-11.145
91161,-11.145
91166,-11.145
91171,-11.145
91174,-11.145
91177,-11.145
91180,-11.145
91183,-11.145
91186,-11.145
91187,-11.145
91189,-11.145
91205,-11.145
91207,-11.145
91217,-11.145
91220,-11.145
91224,-11.145
91227,-11.145
91230,-11.145
91233,-11.145
91235,-11.145
91236,-11.145
91238,-11.145
91239,-11.145
91241,-11.145
91242,-11.145
91244,-11.145
91245,-11.145
91247,-11.145
91249,-11.145
91257,-11.145
91275,-11.145
91278,-11.145
91281,-11.145
91282,-11.145
91284,-11.145
91286,-11.145
91287,-11.145
91289,-11.145
91299,-11.145
91301,-11.145
91315,-11.145
91320,-11.145
91322,-11.145
91325,-11.145
91327,-11.145
91330,-11.145
91332,-11.145
91334,-11.145
91336,-11.145
91338,-11.145
91341,-11.145
91344,-11.145
91346,-11.145
91347,-11.145
91349,-11.145
91350,-11.145
91352,-11.145
91353,-11.145
91355,-11.145
91356,-11.145
91358,-11.145
91359,-11.145
91361,-11.145
91362,-11.145
91364,-11.145
91365,-11.145
91367,-11.145
91369,-11.145
91413,-11.145
91438,-11.145
91443,-11.145
91448,-11.145
91452,-11.145
91456,-11.145
91459,-11.145
91460,-11.145
91462,-11.145
91463,-11.145
91465,-11.145
91466,-11.145
91468,-11.145
91469,-11.145
91471,-11.145
91472,-11.145
91474,-11.145
91475,-11.145
91477,-11.145
91478,-11.145
91480,-11.145
91481,-11.145
91483,-11.145
91484,-11.145
91486,-11.145
91487,-11.145
91489,-11.145
91511,-11.145
91520,-11.145
91522,-11.145
91541,-11.145
91550,-11.145
91555,-11.145
91560,-11.145
91564,-11.145
91567,-11.145
91572,-11.145
91575,-11.145
91578,-11.145
91580,-11.145
91583,-11.145
91586,-11.145
91587,-11.145
91589,-11.145
91590,-11.145
91592,-11.145
91593,-11.145
91595,-11.145
91596,-11.145
91598,-11.145
91599,-11.145
91601,-11.145
91602,-11.145
91604,-11.145
91605,-11.145
91607,-11.145
91608,-11.145
91610,-11.145
91611,-11.145
91613,-11.145
91614,-11.145
91616,-11.145
91617,-11.145
91619,-11.145
91620,-11.145
91622,-11.145
91623,-11.145
91625,-11.145
91626,-11.145
91628,-11.145
91629,-11.145
91631,-11.145
91632,-11.145
91634,-11.145
91635,-11.145
91637,-11.145
91639,-11.145
91709,-11.145
91710,-11.145
91717,-11.145
91719,-11.145
91720,-11.145
91722,-11.145
91723,-11.145
91725,-11.145
91726,-11.145
91728,-11.145
91729,-11.145
91731,-11.145
91732,-11.145
91734,-11.145
91735,-11.145
91737,-11.145
91738,-11.145
91740,-11.145
91741,-11.145
91743,-11.145
91744,-11.145
91746,-11.145
91747,-11.145
91749,-11.145
91757,-11.145
91780,-11.145
91781,-11.145
91785,-11.145
91788,-11.145
91790,-11.145
91792,-11.145
91793,-11.145
91795,-11.145
91796,-11.145
91798,-11.145
91799,-11.145
91801,-11.145
91802,-11.145
91804,-11.145
91805,-11.145
91807,-11.145
91809,-11.145
92219,-11.145
92224,-11.145
92226,-11.145
92227,-11.145
92237,-11.145
92240,-11.145
92241,-11.145
92242,-11.145
92245,-11.145
92249,-11.145
92253,-11.145
92256,-11.145
92259,-11.145
92260,-11.145
92262,-11.145
92263,-11.145
92265,-11.145
92266,-11.145
92268,-11.145
92269,-11.145
92271,-11.145
92272,-11.145
92274,-11.145
92275,-11.145
92277,-11.145
92278,-11.145
92280,-11.145
92281,-11.145
92283,-11.145
92284,-11.145
92286,-11.145
92287,-11.145
92289,-11.145
92318,-11.145
92331,-11.145
92334,-11.145
92339,-11.145
92342,-11.145
92345,-11.145
92348,-11.145
92353,-11.145
92355,-11.145
92358,-11.145
92360,-11.145
92361,-11.145
92363,-11.145
92364,-11.145
92366,-11.145
92367,-11.145
92369,-11.145
92400,-11.145
92419,-11.145
92421,-11.145
92422,-11.145
92431,-11.145
92436,-11.145
92439,-11.145
92442,-11.145
92444,-11.145
92445,-11.145
92447,-11.145
92449,-11.145
92507,-11.145
92519,-11.145
92521,-11.145
92526,-11.145
92530,-11.145
92533,-11.145
92536,-11.145
92539,-11.145
92540,-11.145
92542,-11.145
92543,-11.145
92545,-11.145
92546,-11.145
92548,-11.145
92549,-11.145
92551,-11.145
92552,-11.145
92554,-11.145
92555,-11.145
92557,-11.145
92559,-11.145
92620,-11.145
92624,-11.145
92626,-11.145
92627,-11.145
92628,-11.145
92630,-11.145
92631,-11.145
92632,-11.145
92633,-11.145
92637,-11.145
92648,-11.145
92655,-11.145
92660,-11.145
92665,-11.145
92670,-11.145
92676,-11.145
92681,-11.145
92685,-11.145
92690,-11.145
92693,-11.145
92694,-11.145
92696,-11.145
92697,-11.145
92699,-11.145
92700,-11.145
92702,-11.145
92703,-11.145
92705,-11.145
92706,-11.145
92708,-11.145
92709,-11.145
92711,-11.145
92712,-11.145
92714,-11.145
92715,-11.145
92717,-11.145
92718,-11.145
92720,-11.145
92721,-11.145
92723,-11.145
92724,-11.145
92726,-11.145
92727,-11.145
92729,-11.145
93012,-11.145
93013,-11.145
93037,-11.145
93038,-11.145
93039,-11.145
93040,-11.145
93041,-11.145
93042,-11.145
93043,-11.145
93045,-11.145
93047,-11.145
93049,-11.145
93051,-11.145
93053,-11.145
93055,-11.145
93057,-11.145
93059,-11.145
93065,-11.145
93066,-11.145
93072,-11.145
93073,-11.145
93077,-11.145
93080,-11.145
93083,-11.145
93086,-11.145
93087,-11.145
93089,-11.145
93090,-11.145
93092,-11.145
93093,-11.145
93095,-11.145
93096,-11.145
93098,-11.145
93099,-11.145
93101,-11.145
93102,-11.145
93104,-11.145
93105,-11.145
93107,-11.145
93109,-11.145
93128,-11.145
93133,-11.145
93138,-11.145
93142,-11.145
93149,-11.145
93152,-11.145
93155,-11.145
93158,-11.145
93161,-11.145
93164,-11.145
93167,-11.145
93170,-11.145
93173,-11.145
93176,-11.145
93177,-11.145
93179,-11.145
93180,-11.145
93182,-11.145
93183,-11.145
93185,-11.145
93186,-11.145
93188,-11.145
93189,-11.145
93191,-11.145
93192,-11.145
93194,-11.145
93195,-11.145
93197,-11.145
93199,-11.145
93308,-11.145
93309,-11.145
93326,-11.145
93333,-11.145
93336,-11.145
93339,-11.145
93342,-11.145
93343,-11.145
93345,-11.145
93346,-11.145
93348,-11.145
93349,-11.145
93351,-11.145
93352,-11.145
93354,-11.145
93356,-11.145
93358,-11.145
93359,-11.145
93411,-11.145
93413,-11.145
93426,-11.145
93437,-11.145
93444,-11.145
93449,-11.145
93453,-11.145
93455,-11.145
93458,-11.145
93462,-11.145
93464,-11.145
93466,-11.145
93468,-11.145
93470,-11.145
93471,-11.145
93473,-11.145
93474,-11.145
93476,-11.145
93477,-11.145
93479,-11.145
93480,-11.145
93482,-11.145
93483,-11.145
93485,-11.145
93486,-11.145
93488,-11.145
93489,-11.145
93491,-11.145
93492,-11.145
93494,-11.145
93495,-11.145
93497,-11.145
93499,-11.145
94028,-11.145
94030,-11.145
94032,-11.145
94034,-11.145
94036,-11.145
94051,-11.145
94060,-11.145
94065,-11.145
94072,-11.145
94078,-11.145
94081,-11.145
94086,-11.145
94089,-11.145
94094,-11.145
94099,-11.145
94104,-11.145
94107,-11.145
94110,-11.145
94113,-11.145
94116,-11.145
94118,-11.145
94121,-11.145
94124,-11.145
94127,-11.145
94130,-11.145
94133,-11.145
94136,-11.145
94137,-11.145
94139,-11.145
94140,-11.145
94142,-11.145
94143,-11.145
94145,-11.145
94146,-11.145
94148,-11.145
94149,-11.145
94151,-11.145
94152,-11.145
94154,-11.145
94155,-11.145
94157,-11.145
94158,-11.145
94160,-11.145
94161,-11.145
94163,-11.145
94164,-11.145
94166,-11.145
94167,-11.145
94169,-11.145
94209,-11.145
94227,-11.145
94232,-11.145
94233,-11.145
94234,-11.145
94239,-11.145
94244,-11.145
94249,-11.145
94250,-11.145
94252,-11.145
94253,-11.145
94255,-11.145
94256,-11.145
94258,-11.145
94259,-11.145
94261,-11.145
94262,-11.145
94264,-11.145
94265,-11.145
94267,-11.145
94269,-11.145
94310,-11.145
94312,-11.145
94315,-11.145
94327,-11.145
94330,-11.145
94333,-11.145
94336,-11.145
94339,-11.145
94342,-11.145
94344,-11.145
94345,-11.145
94347,-11.145
94348,-11.145
94350,-11.145
94351,-11.145
94353,-11.145
94354,-11.145
94356,-11.145
94357,-11.145
94359,-11.145
94360,-11.145
94362,-11.145
94363,-11.145
94365,-11.145
94366,-11.145
94368,-11.145
94369,-11.145
94371,-11.145
94372,-11.145
94374,-11.145
94375,-11.145
94377,-11.145
94379,-11.145
94405,-11.145
94419,-11.145
94424,-11.145
94428,-11.145
94431,-11.145
94436,-11.145
94437,-11.145
94439,-11.145
94447,-11.145
94466,-11.145
94469,-11.145
94474,-11.145
94481,-11.145
94486,-11.145
94491,-11.145
94496,-11.145
94501,-11.145
94505,-11.145
94508,-11.145
94513,-11.145
94518,-11.145
94522,-11.145
94526,-11.145
94527,-11.145
94529,-11.145
94530,-11.145
94532,-11.145
94533,-11.145
94535,-11.145
94536,-11.145
94538,-11.145
94539,-11.145
94541,-11.145
94542,-11.145
94544,-11.145
94545,-11.145
94547,-11.145
94548,-11.145
94550,-11.145
94551,-11.145
94553,-11.145
94554,-11.145
94556,-11.145
94557,-11.145
94559,-11.145
94560,-11.145
94562,-11.145
94563,-11.145
94565,-11.145
94566,-11.145
94568,-11.145
94569,-11.145
94571,-11.145
94572,-11.145
94574,-11.145
94575,-11.145
94577,-11.145
94579,-11.145
95025,-11.145
95027,-11.145
95028,-11.145
95030,-11.145
95032,-11.145
95098,-11.145
95100,-11.145
95111,-11.145
95119,-11.145
95126,-11.145
95131,-11.145
95138,-11.145
95145,-11.145
95152,-11.145
95158,-11.145
95163,-11.145
95168,-11.145
95173,-11.145
95176,-11.145
95179,-11.145
95180,-11.145
95182,-11.145
95183,-11.145
95185,-11.145
95186,-11.145
95188,-11.145
95189,-11.145
95191,-11.145
95192,-11.145
95194,-11.145
95195,-11.145
95197,-11.145
95199,-11.145
95212,-11.145
95213,-11.145
95233,-11.145
95234,-11.145
95236,-11.145
95237,-11.145
95239,-11.145
95326,-11.145
95336,-11.145
95339,-11.145
95346,-11.145
95349,-11.145
95352,-11.145
95355,-11.145
95356,-11.145
95358,-11.145
95359,-11.145
95361,-11.145
95362,-11.145
95364,-11.145
95365,-11.145
95367,-11.145
95369,-11.145
95440,-11.145
95442,-11.145
95444,-11.145
95445,-11.145
95447,-11.145
95448,-11.145
95455,-11.145
95460,-11.145
95463,-11.145
95466,-11.145
95469,-11.145
95473,-11.145
95478,-11.145
95482,-11.145
95485,-11.145
95488,-11.145
95490,-11.145
95491,-11.145
95493,-11.145
95494,-11.145
95496,-11.145
95497,-11.145
95499,-11.145
95500,-11.145
95502,-11.145
95503,-11.145
95505,-11.145
95506,-11.145
95508,-11.145
95509,-11.145
95511,-11.145
95512,-11.145
95514,-11.145
95515,-11.145
95517,-11.145
95519,-11.145
95614,-11.145
95615,-11.145
95631,-11.145
95632,-11.145
95643,-11.145
95652,-11.145
95659,-11.145
95666,-11.145
95671,-11.145
95676,-11.145
95679,-11.145
95680,-11.145
95682,-11.145
95683,-11.145
95685,-11.145
95686,-11.145
95688,-11.145
95689,-11.145
95691,-11.145
95692,-11.145
95694,-11.145
95695,-11.145
95697,-11.145
95698,-11.145
95700,-11.145
95701,-11.145
95703,-11.145
95704,-11.145
95706,-11.145
95707,-11.145
95709,-11.145
96035,-9.835
96039,-9.79
96044,-11.145
96045,-11.145
96047,-11.145
96049,-11.145
96050,-11.145
96052,-11.145
96060,-11.145
96061,-11.145
96063,-10.445
96076,-9.835
96077,-11.145
96103,-11.145
96106,-11.145
96110,-11.145
96114,-11.145
96117,-11.145
96120,-11.145
96123,-11.145
96126,-11.145
96129,-11.145
96132,-11.145
96135,-11.145
96138,-11.145
96142,-11.145
96145,-11.145
96146,-11.145
96148,-11.145
96149,-11.145
96151,-11.145
96152,-11.145
96154,-11.145
96155,-11.145
96157,-11.145
96158,-11.145
96160,-11.145
96161,-11.145
96163,-11.145
96164,-11.145
96166,-11.145
96167,-11.145
96169,-11.145
96170,-11.145
96172,-11.145
96173,-11.145
96175,-11.145
96176,-11.145
96178,-11.145
96179,-11.145
96181,-11.145
96182,-11.145
96184,-11.145
96185,-11.145
96187,-11.145
96188,-11.145
96190,-11.145
96191,-11.145
96193,-11.145
96194,-11.145
96196,-11.145
96197,-11.145
96199,-11.145
96215,-11.145
96222,-11.145
96223,-11.145
96224,-11.145
96231,-11.145
96237,-11.145
96242,-11.145
96247,-11.145
96250,-11.145
96253,-11.145
96257,-11.145
96260,-11.145
96264,-11.145
96268,-11.145
96269,-11.145
96271,-11.145
96272,-11.145
96274,-11.145
96275,-11.145
96277,-11.145
96279,-11.145
96317,-11.145
96328,-11.145
96332,-11.145
96337,-11.145
96342,-11.145
96346,-11.145
96349,-11.145
96352,-11.145
96355,-11.145
96358,-11.145
96361,-11.145
96364,-11.145
96365,-11.145
96367,-11.145
96369,-11.145
96435,-11.145
96436,-11.145
96438,-11.145
96441,-11.145
96444,-11.145
96447,-11.145
96448,-11.145
96450,-11.145
96465,-11.145
96472,-11.145
96475,-11.145
96476,-11.145
96479,-11.145
96482,-11.145
96484,-11.145
96486,-11.145
96487,-11.145
96489,-11.145
96515,-10.925
96523,-10.925
96524,-10.925
96528,-10.925
97024,-11.145
97025,-11.145
97064,-11.145
97066,-11.145
97067,-11.145
97070,-11.145
97072,-11.145
97074,-11.145
97076,-11.145
97078,-11.145
97080,-11.145
97082,-11.145
97084,-11.145
97099,-11.145
97101,-11.145
97103,-11.145
97199,-11.145
97204,-11.145
97209,-11.145
97215,-11.145
97218,-11.145
97222,-11.145
97225,-11.145
97227,-11.145
97228,-11.145
97230,-11.145
97232,-11.145
97234,-11.145
97236,-11.145
97237,-11.145
97239,-11.145
97241,-11.145
97243,-11.145
97244,-11.145
97246,-11.145
97247,-11.145
97249,-11.145
97250,-11.145
97252,-11.145
97253,-11.145
97255,-11.145
97256,-11.145
97258,-11.145
97259,-11.145
97261,-11.145
97262,-11.145
97264,-11.145
97265,-11.145
97267,-11.145
97268,-11.145
97270,-11.145
97271,-11.145
97273,-11.145
97274,-11.145
97276,-11.145
97277,-11.145
97279,-11.145
97280,-11.145
97282,-11.145
97283,-11.145
97285,-11.145
97286,-11.145
97288,-11.145
97289,-11.145
97291,-11.145
97292,-11.145
97294,-11.145
97295,-11.145
97297,-11.145
97299,-11.145
97318,-11.145
97320,-11.145
97332,-11.145
97334,-11.145
97337,-11.145
97340,-11.145
97342,-11.145
97346,-11.145
97348,-11.145
97350,-11.145
97353,-11.145
97355,-11.145
97357,-11.145
97359,-11.145
97412,-11.145
97418,-11.145
97419,-11.145
97420,-11.145
97421,-11.145
97422,-11.145
97424,-11.145
97437,-11.145
97440,-11.145
97447,-11.145
97450,-11.145
97453,-11.145
97456,-11.145
97461,-11.145
97464,-11.145
97469,-11.145
97475,-11.145
97478,-11.145
97483,-11.145
97486,-11.145
97488,-11.145
97490,-11.145
97491,-11.145
97493,-11.145
97494,-11.145
97496,-11.145
97497,-11.145
97499,-11.145
97500,-11.145
97502,-11.145
97503,-11.145
97505,-11.145
97506,-11.145
97508,-11.145
97509,-11.145
97511,-11.145
97513,-11.145
97514,-11.145
97516,-11.145
97517,-11.145
97519,-11.145
97520,-11.145
97522,-11.145
97523,-11.145
97525,-11.145
97526,-11.145
97528,-11.145
97529,-11.145
97531,-11.145
97532,-11.145
97534,-11.145
97535,-11.145
97537,-11.145
97539,-11.145
97615,-11.145
97616,-11.145
97618,-11.145
97631,-11.145
97633,-11.145
97638,-11.145
97640,-11.145
97645,-11.145
97647,-11.145
97650,-11.145
97653,-11.145
97654,-11.145
97656,-11.145
97657,-11.145
97659,-11.145
97685,-11.145
97688,-11.145
97702,-11.145
97705,-11.145
97708,-11.145
97711,-11.145
97714,-11.145
97717,-11.145
97720,-11.145
97723,-11.145
97724,-11.145
97725,-11.145
97727,-11.145
97729,-11.145
97737,-11.145
97753,-11.145
97762,-11.145
97769,-11.145
97772,-11.145
97773,-11.145
97775,-11.145
97776,-11.145
97778,-11.145
97779,-11.145
97780,-11.145
97782,-11.145
97783,-11.145
97785,-11.145
97786,-11.145
97788,-11.145
97789,-11.145
97791,-11.145
97792,-11.145
97794,-11.145
97795,-11.145
97797,-11.145
97799,-11.145
97813,-11.145
97814,-11.145
97816,-11.145
97828,-11.145
97833,-11.145
97834,-11.145
97836,-11.145
97837,-11.145
97839,-11.145
97840,-11.145
97842,-11.145
97843,-11.145
97845,-11.145
97846,-11.145
97848,-11.145
97849,-11.145
97851,-11.145
97852,-11.145
97854,-11.145
97855,-11.145
97857,-11.145
97859,-11.145
97877,-10.65
97892,-11.145
97896,-10.65
97900,-10.65
97901,-11.145
97903,-11.145
97904,-11.145
97906,-11.145
97907,-11.145
97909,-11.145
97922,-10.65
97941,-10.65
97944,-10.65
97947,-10.65
97950,-10.65
97953,-10.65
97956,-10.65
97957,-10.65
97959,-10.65
97980,-10.65
97990,-10.65
97993,-10.65
97996,-10.65
97999,-10.65
98496,-10.925
98497,-10.925
98523,-10.925
98527,-10.925
98528,-10.925
98529,-10.925
98530,-10.925
98544,-10.925
98547,-10.925
98553,-10.925
98554,-10.925
98559,-10.925
98574,-10.925
98587,-10.925
98590,-10.925
98593,-10.925
98596,-10.925
98597,-10.925
98599,-10.925
98610,-10.925
98617,-10.925
98630,-10.925
98631,-10.925
98634,-10.925
98639,-10.925
98646,-10.925
98660,-10.925
98663,-10.925
98666,-10.925
98667,-10.925
98669,-10.925
98673,-10.925
98678,-10.925
98693,-10.925
98701,-10.925
98704,-10.925
98708,-10.925
98711,-10.925
98714,-10.925
98716,-10.925
98724,-10.925
98739,-10.925
98743,-10.925
98744,-10.925
98746,-10.925
98749,-10.925
99060,-10.925
99068,-10.925
99073,-10.925
99075,-10.925
99077,-10.925
99078,-10.925
99079,-10.925
99080,-10.925
99081,-10.925
99084,-10.925
99085,-10.925
99086,-10.925
99087,-10.925
99089,-10.925
99091,-10.925
99092,-10.925
99094,-10.925
99096,-10.925
99097,-10.925
99098,-10.925
99099,-10.925
99100,-10.925
99102,-10.925
99111,-10.925
99112,-10.925
99113,-10.925
99114,-10.925
99115,-10.925
99116,-10.925
99117,-10.925
99130,-10.925
99189,-10.925
99192,-10.925
99195,-10.925
99198,-10.925
99310,-10.925
99326,-10.925
99330,-10.925
99334,-10.925
99338,-10.925
99420,-10.925
99421,-10.925
99423,-10.925
99425,-10.925
99427,-10.925
99428,-10.925
99437,-10.925
99438,-10.925
99439,-10.925
99441,-10.925
99444,-10.925
99448,-10.925
99510,-10.925
99518,-10.925
99610,-10.925
99625,-10.925
99628,-10.925
99631,-10.925
99634,-10.925
99636,-10.925
99638,-10.925
99706,-10.925
99707,-10.925
99713,-10.925
99718,-10.925
99734,-10.925
99735,-10.925
99738,-10.925
99752,-10.925
99755,-10.925
99759,-10.925
99762,-10.925
99765,-10.925
99768,-10.925
99815,-10.925
99817,-10.925
99819,-10.925
99820,-10.925
99826,-10.925
99830,-10.925
99831,-10.925
99834,-10.925
99837,-10.925
99842,-10.925
99846,-10.925
99848,-10.925
99867,-10.925
99869,-10.925
99878,-10.925
99880,-10.925
99885,-10.925
99887,-10.925
99891,-10.925
99893,-10.925
99894,-10.925
99897,-10.925
99947,-10.925
99955,-10.925
99958,-10.925
99974,-10.925
99976,-10.925
99986,-10.925
99988,-10.925
99991,-10.925
99994,-10.925
99996,-10.925
99998,-10.925
